<?xml version="1.0" encoding="UTF-8"?>
<gpx version="1.1" creator="aarnphm garden" xmlns="http://www.topografix.com/GPX/1/1" xmlns:xsi="http://www.w3.org/2001/XMLSchema-instance" xsi:schemaLocation="http://www.topografix.com/GPX/1/1 https://www.topografix.com/GPX/1/1/gpx.xsd">
  <metadata>
    <name>B4BH 2026 Toronto - recorded 60 km ride</name>
    <desc>Recorded ride on May 31, 2026, from Strava activity 18778156664. Advertised distance 60 km; recorded distance 59.2251 km; recorded elevation gain 468 m.</desc>
    <link href="https://www.strava.com/activities/18778156664"><text>Source recording on Strava</text></link>
    <time>2026-05-31T10:05:28Z</time>
  </metadata>
  <trk>
    <name>B4BH 2026 Toronto - recorded 60 km ride</name>
    <desc>Recorded ride on May 31, 2026, from Strava activity 18778156664. Advertised distance 60 km; recorded distance 59.2251 km; recorded elevation gain 468 m.</desc>
    <link href="https://www.strava.com/activities/18778156664"><text>Source recording on Strava</text></link>
    <type>cycling</type>
    <trkseg>
      <trkpt lat="43.727656" lon="-79.330024"><ele>137.8</ele><time>2026-05-31T10:05:28.000Z</time></trkpt>
      <trkpt lat="43.727722" lon="-79.330031"><ele>137.6</ele><time>2026-05-31T10:05:29.000Z</time></trkpt>
      <trkpt lat="43.727791" lon="-79.330039"><ele>137.4</ele><time>2026-05-31T10:05:30.000Z</time></trkpt>
      <trkpt lat="43.727862" lon="-79.330049"><ele>137.2</ele><time>2026-05-31T10:05:31.000Z</time></trkpt>
      <trkpt lat="43.727935" lon="-79.330059"><ele>137</ele><time>2026-05-31T10:05:32.000Z</time></trkpt>
      <trkpt lat="43.728015" lon="-79.330073"><ele>136.8</ele><time>2026-05-31T10:05:33.000Z</time></trkpt>
      <trkpt lat="43.728099" lon="-79.330083"><ele>136.6</ele><time>2026-05-31T10:05:34.000Z</time></trkpt>
      <trkpt lat="43.728182" lon="-79.330092"><ele>136.2</ele><time>2026-05-31T10:05:35.000Z</time></trkpt>
      <trkpt lat="43.728264" lon="-79.330104"><ele>136</ele><time>2026-05-31T10:05:36.000Z</time></trkpt>
      <trkpt lat="43.728344" lon="-79.330119"><ele>135.6</ele><time>2026-05-31T10:05:37.000Z</time></trkpt>
      <trkpt lat="43.728426" lon="-79.330131"><ele>135.6</ele><time>2026-05-31T10:05:38.000Z</time></trkpt>
      <trkpt lat="43.728509" lon="-79.330137"><ele>135.4</ele><time>2026-05-31T10:05:39.000Z</time></trkpt>
      <trkpt lat="43.728593" lon="-79.330146"><ele>135.2</ele><time>2026-05-31T10:05:40.000Z</time></trkpt>
      <trkpt lat="43.728679" lon="-79.330153"><ele>135.2</ele><time>2026-05-31T10:05:41.000Z</time></trkpt>
      <trkpt lat="43.72876" lon="-79.330165"><ele>135</ele><time>2026-05-31T10:05:42.000Z</time></trkpt>
      <trkpt lat="43.728839" lon="-79.330176"><ele>134.8</ele><time>2026-05-31T10:05:43.000Z</time></trkpt>
      <trkpt lat="43.728922" lon="-79.330183"><ele>134.6</ele><time>2026-05-31T10:05:44.000Z</time></trkpt>
      <trkpt lat="43.728999" lon="-79.330191"><ele>134.6</ele><time>2026-05-31T10:05:45.000Z</time></trkpt>
      <trkpt lat="43.729079" lon="-79.330201"><ele>134.4</ele><time>2026-05-31T10:05:46.000Z</time></trkpt>
      <trkpt lat="43.729161" lon="-79.33021"><ele>134.2</ele><time>2026-05-31T10:05:47.000Z</time></trkpt>
      <trkpt lat="43.729244" lon="-79.330218"><ele>134</ele><time>2026-05-31T10:05:48.000Z</time></trkpt>
      <trkpt lat="43.729331" lon="-79.330225"><ele>134</ele><time>2026-05-31T10:05:49.000Z</time></trkpt>
      <trkpt lat="43.729418" lon="-79.330233"><ele>133.8</ele><time>2026-05-31T10:05:50.000Z</time></trkpt>
      <trkpt lat="43.729506" lon="-79.330242"><ele>133.6</ele><time>2026-05-31T10:05:51.000Z</time></trkpt>
      <trkpt lat="43.72959" lon="-79.330247"><ele>133.2</ele><time>2026-05-31T10:05:52.000Z</time></trkpt>
      <trkpt lat="43.729674" lon="-79.330252"><ele>132.8</ele><time>2026-05-31T10:05:53.000Z</time></trkpt>
      <trkpt lat="43.729756" lon="-79.330256"><ele>132.4</ele><time>2026-05-31T10:05:54.000Z</time></trkpt>
      <trkpt lat="43.729844" lon="-79.330259"><ele>132</ele><time>2026-05-31T10:05:55.000Z</time></trkpt>
      <trkpt lat="43.729936" lon="-79.330261"><ele>131.6</ele><time>2026-05-31T10:05:56.000Z</time></trkpt>
      <trkpt lat="43.730032" lon="-79.330267"><ele>131.2</ele><time>2026-05-31T10:05:57.000Z</time></trkpt>
      <trkpt lat="43.73013" lon="-79.330276"><ele>130.8</ele><time>2026-05-31T10:05:58.000Z</time></trkpt>
      <trkpt lat="43.730231" lon="-79.330287"><ele>130.6</ele><time>2026-05-31T10:05:59.000Z</time></trkpt>
      <trkpt lat="43.730331" lon="-79.330302"><ele>130</ele><time>2026-05-31T10:06:00.000Z</time></trkpt>
      <trkpt lat="43.730435" lon="-79.330317"><ele>129.2</ele><time>2026-05-31T10:06:01.000Z</time></trkpt>
      <trkpt lat="43.730536" lon="-79.330334"><ele>128.6</ele><time>2026-05-31T10:06:02.000Z</time></trkpt>
      <trkpt lat="43.730637" lon="-79.330349"><ele>127.8</ele><time>2026-05-31T10:06:03.000Z</time></trkpt>
      <trkpt lat="43.730735" lon="-79.330371"><ele>127.2</ele><time>2026-05-31T10:06:04.000Z</time></trkpt>
      <trkpt lat="43.730831" lon="-79.330391"><ele>126.6</ele><time>2026-05-31T10:06:05.000Z</time></trkpt>
      <trkpt lat="43.730928" lon="-79.330423"><ele>125.8</ele><time>2026-05-31T10:06:06.000Z</time></trkpt>
      <trkpt lat="43.731026" lon="-79.33044"><ele>125.2</ele><time>2026-05-31T10:06:07.000Z</time></trkpt>
      <trkpt lat="43.731157" lon="-79.330464"><ele>124.4</ele><time>2026-05-31T10:06:08.000Z</time></trkpt>
      <trkpt lat="43.731277" lon="-79.330492"><ele>123.8</ele><time>2026-05-31T10:06:09.000Z</time></trkpt>
      <trkpt lat="43.731395" lon="-79.330527"><ele>123</ele><time>2026-05-31T10:06:10.000Z</time></trkpt>
      <trkpt lat="43.731512" lon="-79.330566"><ele>122.2</ele><time>2026-05-31T10:06:11.000Z</time></trkpt>
      <trkpt lat="43.73163" lon="-79.330613"><ele>121.4</ele><time>2026-05-31T10:06:12.000Z</time></trkpt>
      <trkpt lat="43.73175" lon="-79.330662"><ele>120.6</ele><time>2026-05-31T10:06:13.000Z</time></trkpt>
      <trkpt lat="43.731871" lon="-79.330716"><ele>119.4</ele><time>2026-05-31T10:06:14.000Z</time></trkpt>
      <trkpt lat="43.731991" lon="-79.330773"><ele>118.6</ele><time>2026-05-31T10:06:15.000Z</time></trkpt>
      <trkpt lat="43.732112" lon="-79.330828"><ele>117.8</ele><time>2026-05-31T10:06:16.000Z</time></trkpt>
      <trkpt lat="43.732235" lon="-79.330893"><ele>117</ele><time>2026-05-31T10:06:17.000Z</time></trkpt>
      <trkpt lat="43.732359" lon="-79.330963"><ele>116</ele><time>2026-05-31T10:06:18.000Z</time></trkpt>
      <trkpt lat="43.732487" lon="-79.331027"><ele>115</ele><time>2026-05-31T10:06:19.000Z</time></trkpt>
      <trkpt lat="43.732626" lon="-79.331073"><ele>114.4</ele><time>2026-05-31T10:06:20.000Z</time></trkpt>
      <trkpt lat="43.732765" lon="-79.33112"><ele>113.4</ele><time>2026-05-31T10:06:21.000Z</time></trkpt>
      <trkpt lat="43.732905" lon="-79.331165"><ele>112.6</ele><time>2026-05-31T10:06:22.000Z</time></trkpt>
      <trkpt lat="43.733053" lon="-79.331201"><ele>111.8</ele><time>2026-05-31T10:06:23.000Z</time></trkpt>
      <trkpt lat="43.733201" lon="-79.331236"><ele>111</ele><time>2026-05-31T10:06:24.000Z</time></trkpt>
      <trkpt lat="43.733352" lon="-79.331272"><ele>110.4</ele><time>2026-05-31T10:06:25.000Z</time></trkpt>
      <trkpt lat="43.733506" lon="-79.331307"><ele>109.6</ele><time>2026-05-31T10:06:26.000Z</time></trkpt>
      <trkpt lat="43.73366" lon="-79.331335"><ele>109</ele><time>2026-05-31T10:06:27.000Z</time></trkpt>
      <trkpt lat="43.733815" lon="-79.331361"><ele>108.2</ele><time>2026-05-31T10:06:28.000Z</time></trkpt>
      <trkpt lat="43.733972" lon="-79.331389"><ele>107.6</ele><time>2026-05-31T10:06:29.000Z</time></trkpt>
      <trkpt lat="43.734128" lon="-79.331422"><ele>106.8</ele><time>2026-05-31T10:06:30.000Z</time></trkpt>
      <trkpt lat="43.734288" lon="-79.33146"><ele>106</ele><time>2026-05-31T10:06:31.000Z</time></trkpt>
      <trkpt lat="43.734443" lon="-79.331493"><ele>105.4</ele><time>2026-05-31T10:06:32.000Z</time></trkpt>
      <trkpt lat="43.734596" lon="-79.331529"><ele>105.2</ele><time>2026-05-31T10:06:33.000Z</time></trkpt>
      <trkpt lat="43.734748" lon="-79.331562"><ele>105</ele><time>2026-05-31T10:06:34.000Z</time></trkpt>
      <trkpt lat="43.734896" lon="-79.331592"><ele>104.8</ele><time>2026-05-31T10:06:35.000Z</time></trkpt>
      <trkpt lat="43.735041" lon="-79.33162"><ele>105</ele><time>2026-05-31T10:06:36.000Z</time></trkpt>
      <trkpt lat="43.735179" lon="-79.331658"><ele>105</ele><time>2026-05-31T10:06:37.000Z</time></trkpt>
      <trkpt lat="43.73531" lon="-79.331698"><ele>105.2</ele><time>2026-05-31T10:06:38.000Z</time></trkpt>
      <trkpt lat="43.735443" lon="-79.331729"><ele>105.4</ele><time>2026-05-31T10:06:39.000Z</time></trkpt>
      <trkpt lat="43.735571" lon="-79.331764"><ele>105.6</ele><time>2026-05-31T10:06:40.000Z</time></trkpt>
      <trkpt lat="43.735697" lon="-79.331796"><ele>105.8</ele><time>2026-05-31T10:06:41.000Z</time></trkpt>
      <trkpt lat="43.73582" lon="-79.331825"><ele>106</ele><time>2026-05-31T10:06:42.000Z</time></trkpt>
      <trkpt lat="43.73594" lon="-79.331854"><ele>106.2</ele><time>2026-05-31T10:06:43.000Z</time></trkpt>
      <trkpt lat="43.736055" lon="-79.33188"><ele>106.2</ele><time>2026-05-31T10:06:44.000Z</time></trkpt>
      <trkpt lat="43.736168" lon="-79.331903"><ele>106.4</ele><time>2026-05-31T10:06:45.000Z</time></trkpt>
      <trkpt lat="43.736281" lon="-79.331925"><ele>106.6</ele><time>2026-05-31T10:06:46.000Z</time></trkpt>
      <trkpt lat="43.736392" lon="-79.331948"><ele>106.8</ele><time>2026-05-31T10:06:47.000Z</time></trkpt>
      <trkpt lat="43.736504" lon="-79.33197"><ele>107.2</ele><time>2026-05-31T10:06:48.000Z</time></trkpt>
      <trkpt lat="43.736609" lon="-79.33199"><ele>107.6</ele><time>2026-05-31T10:06:49.000Z</time></trkpt>
      <trkpt lat="43.736715" lon="-79.332006"><ele>107.8</ele><time>2026-05-31T10:06:50.000Z</time></trkpt>
      <trkpt lat="43.736821" lon="-79.33202"><ele>108.2</ele><time>2026-05-31T10:06:51.000Z</time></trkpt>
      <trkpt lat="43.736924" lon="-79.332036"><ele>108.4</ele><time>2026-05-31T10:06:52.000Z</time></trkpt>
      <trkpt lat="43.737029" lon="-79.332049"><ele>108.6</ele><time>2026-05-31T10:06:53.000Z</time></trkpt>
      <trkpt lat="43.737134" lon="-79.332057"><ele>108.8</ele><time>2026-05-31T10:06:54.000Z</time></trkpt>
      <trkpt lat="43.737237" lon="-79.332063"><ele>109</ele><time>2026-05-31T10:06:55.000Z</time></trkpt>
      <trkpt lat="43.737336" lon="-79.332069"><ele>109.4</ele><time>2026-05-31T10:06:56.000Z</time></trkpt>
      <trkpt lat="43.737435" lon="-79.332072"><ele>109.6</ele><time>2026-05-31T10:06:57.000Z</time></trkpt>
      <trkpt lat="43.737533" lon="-79.332077"><ele>109.8</ele><time>2026-05-31T10:06:58.000Z</time></trkpt>
      <trkpt lat="43.737629" lon="-79.332085"><ele>110</ele><time>2026-05-31T10:06:59.000Z</time></trkpt>
      <trkpt lat="43.737722" lon="-79.332092"><ele>110.2</ele><time>2026-05-31T10:07:00.000Z</time></trkpt>
      <trkpt lat="43.737817" lon="-79.3321"><ele>110.2</ele><time>2026-05-31T10:07:01.000Z</time></trkpt>
      <trkpt lat="43.737911" lon="-79.332107"><ele>110.4</ele><time>2026-05-31T10:07:02.000Z</time></trkpt>
      <trkpt lat="43.738003" lon="-79.332114"><ele>110.6</ele><time>2026-05-31T10:07:03.000Z</time></trkpt>
      <trkpt lat="43.738096" lon="-79.332118"><ele>110.6</ele><time>2026-05-31T10:07:04.000Z</time></trkpt>
      <trkpt lat="43.738188" lon="-79.332117"><ele>110.8</ele><time>2026-05-31T10:07:05.000Z</time></trkpt>
      <trkpt lat="43.738278" lon="-79.33212"><ele>110.8</ele><time>2026-05-31T10:07:06.000Z</time></trkpt>
      <trkpt lat="43.738366" lon="-79.332122"><ele>111</ele><time>2026-05-31T10:07:07.000Z</time></trkpt>
      <trkpt lat="43.738453" lon="-79.332119"><ele>111</ele><time>2026-05-31T10:07:08.000Z</time></trkpt>
      <trkpt lat="43.738541" lon="-79.332117"><ele>111</ele><time>2026-05-31T10:07:09.000Z</time></trkpt>
      <trkpt lat="43.738626" lon="-79.332117"><ele>111</ele><time>2026-05-31T10:07:10.000Z</time></trkpt>
      <trkpt lat="43.73871" lon="-79.332116"><ele>111</ele><time>2026-05-31T10:07:11.000Z</time></trkpt>
      <trkpt lat="43.738795" lon="-79.332116"><ele>111</ele><time>2026-05-31T10:07:12.000Z</time></trkpt>
      <trkpt lat="43.73888" lon="-79.332116"><ele>111</ele><time>2026-05-31T10:07:13.000Z</time></trkpt>
      <trkpt lat="43.738963" lon="-79.332119"><ele>111.2</ele><time>2026-05-31T10:07:14.000Z</time></trkpt>
      <trkpt lat="43.739046" lon="-79.332117"><ele>111.4</ele><time>2026-05-31T10:07:15.000Z</time></trkpt>
      <trkpt lat="43.739126" lon="-79.332117"><ele>111.6</ele><time>2026-05-31T10:07:16.000Z</time></trkpt>
      <trkpt lat="43.739205" lon="-79.332116"><ele>111.8</ele><time>2026-05-31T10:07:17.000Z</time></trkpt>
      <trkpt lat="43.739282" lon="-79.332113"><ele>112.2</ele><time>2026-05-31T10:07:18.000Z</time></trkpt>
      <trkpt lat="43.73936" lon="-79.332108"><ele>112.4</ele><time>2026-05-31T10:07:19.000Z</time></trkpt>
      <trkpt lat="43.739443" lon="-79.332102"><ele>112.6</ele><time>2026-05-31T10:07:20.000Z</time></trkpt>
      <trkpt lat="43.73952" lon="-79.332094"><ele>112.8</ele><time>2026-05-31T10:07:21.000Z</time></trkpt>
      <trkpt lat="43.739581" lon="-79.332095"><ele>113.2</ele><time>2026-05-31T10:07:22.000Z</time></trkpt>
      <trkpt lat="43.739649" lon="-79.332103"><ele>113.4</ele><time>2026-05-31T10:07:23.000Z</time></trkpt>
      <trkpt lat="43.739732" lon="-79.332104"><ele>113.6</ele><time>2026-05-31T10:07:24.000Z</time></trkpt>
      <trkpt lat="43.739816" lon="-79.332104"><ele>114</ele><time>2026-05-31T10:07:25.000Z</time></trkpt>
      <trkpt lat="43.739893" lon="-79.332107"><ele>114.4</ele><time>2026-05-31T10:07:26.000Z</time></trkpt>
      <trkpt lat="43.739969" lon="-79.332111"><ele>114.6</ele><time>2026-05-31T10:07:27.000Z</time></trkpt>
      <trkpt lat="43.74005" lon="-79.332118"><ele>114.8</ele><time>2026-05-31T10:07:28.000Z</time></trkpt>
      <trkpt lat="43.740127" lon="-79.332122"><ele>115.2</ele><time>2026-05-31T10:07:29.000Z</time></trkpt>
      <trkpt lat="43.740204" lon="-79.332119"><ele>115.4</ele><time>2026-05-31T10:07:30.000Z</time></trkpt>
      <trkpt lat="43.74028" lon="-79.332114"><ele>115.8</ele><time>2026-05-31T10:07:31.000Z</time></trkpt>
      <trkpt lat="43.740357" lon="-79.332106"><ele>116</ele><time>2026-05-31T10:07:32.000Z</time></trkpt>
      <trkpt lat="43.740432" lon="-79.332095"><ele>116.4</ele><time>2026-05-31T10:07:33.000Z</time></trkpt>
      <trkpt lat="43.740505" lon="-79.332086"><ele>116.8</ele><time>2026-05-31T10:07:34.000Z</time></trkpt>
      <trkpt lat="43.740579" lon="-79.332083"><ele>117.2</ele><time>2026-05-31T10:07:35.000Z</time></trkpt>
      <trkpt lat="43.740649" lon="-79.332086"><ele>117.4</ele><time>2026-05-31T10:07:36.000Z</time></trkpt>
      <trkpt lat="43.740718" lon="-79.332085"><ele>117.8</ele><time>2026-05-31T10:07:37.000Z</time></trkpt>
      <trkpt lat="43.740788" lon="-79.332081"><ele>118</ele><time>2026-05-31T10:07:38.000Z</time></trkpt>
      <trkpt lat="43.740856" lon="-79.33208"><ele>118.4</ele><time>2026-05-31T10:07:39.000Z</time></trkpt>
      <trkpt lat="43.740926" lon="-79.332077"><ele>118.6</ele><time>2026-05-31T10:07:40.000Z</time></trkpt>
      <trkpt lat="43.740995" lon="-79.332074"><ele>119</ele><time>2026-05-31T10:07:41.000Z</time></trkpt>
      <trkpt lat="43.74106" lon="-79.332074"><ele>119.2</ele><time>2026-05-31T10:07:42.000Z</time></trkpt>
      <trkpt lat="43.741123" lon="-79.332077"><ele>119.6</ele><time>2026-05-31T10:07:43.000Z</time></trkpt>
      <trkpt lat="43.741188" lon="-79.332076"><ele>119.8</ele><time>2026-05-31T10:07:44.000Z</time></trkpt>
      <trkpt lat="43.741249" lon="-79.332078"><ele>120.2</ele><time>2026-05-31T10:07:45.000Z</time></trkpt>
      <trkpt lat="43.741312" lon="-79.332081"><ele>120.4</ele><time>2026-05-31T10:07:46.000Z</time></trkpt>
      <trkpt lat="43.741376" lon="-79.332083"><ele>120.8</ele><time>2026-05-31T10:07:47.000Z</time></trkpt>
      <trkpt lat="43.741438" lon="-79.332087"><ele>121</ele><time>2026-05-31T10:07:48.000Z</time></trkpt>
      <trkpt lat="43.7415" lon="-79.332092"><ele>121.2</ele><time>2026-05-31T10:07:49.000Z</time></trkpt>
      <trkpt lat="43.741558" lon="-79.332097"><ele>121.4</ele><time>2026-05-31T10:07:50.000Z</time></trkpt>
      <trkpt lat="43.741613" lon="-79.332099"><ele>121.6</ele><time>2026-05-31T10:07:51.000Z</time></trkpt>
      <trkpt lat="43.741669" lon="-79.332102"><ele>122</ele><time>2026-05-31T10:07:52.000Z</time></trkpt>
      <trkpt lat="43.741724" lon="-79.332106"><ele>122.2</ele><time>2026-05-31T10:07:53.000Z</time></trkpt>
      <trkpt lat="43.741778" lon="-79.33211"><ele>122.4</ele><time>2026-05-31T10:07:54.000Z</time></trkpt>
      <trkpt lat="43.741832" lon="-79.332113"><ele>122.6</ele><time>2026-05-31T10:07:55.000Z</time></trkpt>
      <trkpt lat="43.741888" lon="-79.332117"><ele>123</ele><time>2026-05-31T10:07:56.000Z</time></trkpt>
      <trkpt lat="43.741941" lon="-79.332119"><ele>123.2</ele><time>2026-05-31T10:07:57.000Z</time></trkpt>
      <trkpt lat="43.741992" lon="-79.332125"><ele>123.4</ele><time>2026-05-31T10:07:58.000Z</time></trkpt>
      <trkpt lat="43.742046" lon="-79.332129"><ele>123.6</ele><time>2026-05-31T10:07:59.000Z</time></trkpt>
      <trkpt lat="43.742103" lon="-79.332132"><ele>123.8</ele><time>2026-05-31T10:08:00.000Z</time></trkpt>
      <trkpt lat="43.742157" lon="-79.332134"><ele>124</ele><time>2026-05-31T10:08:01.000Z</time></trkpt>
      <trkpt lat="43.742209" lon="-79.332133"><ele>124.2</ele><time>2026-05-31T10:08:02.000Z</time></trkpt>
      <trkpt lat="43.74226" lon="-79.332137"><ele>124.4</ele><time>2026-05-31T10:08:03.000Z</time></trkpt>
      <trkpt lat="43.742312" lon="-79.33214"><ele>124.6</ele><time>2026-05-31T10:08:04.000Z</time></trkpt>
      <trkpt lat="43.742362" lon="-79.332141"><ele>124.8</ele><time>2026-05-31T10:08:05.000Z</time></trkpt>
      <trkpt lat="43.742414" lon="-79.332144"><ele>125</ele><time>2026-05-31T10:08:06.000Z</time></trkpt>
      <trkpt lat="43.742462" lon="-79.332146"><ele>125.2</ele><time>2026-05-31T10:08:07.000Z</time></trkpt>
      <trkpt lat="43.742513" lon="-79.332149"><ele>125.2</ele><time>2026-05-31T10:08:08.000Z</time></trkpt>
      <trkpt lat="43.742564" lon="-79.332152"><ele>125.4</ele><time>2026-05-31T10:08:09.000Z</time></trkpt>
      <trkpt lat="43.742614" lon="-79.332156"><ele>125.6</ele><time>2026-05-31T10:08:10.000Z</time></trkpt>
      <trkpt lat="43.742662" lon="-79.332167"><ele>125.8</ele><time>2026-05-31T10:08:11.000Z</time></trkpt>
      <trkpt lat="43.742711" lon="-79.332175"><ele>126</ele><time>2026-05-31T10:08:12.000Z</time></trkpt>
      <trkpt lat="43.742759" lon="-79.332185"><ele>126</ele><time>2026-05-31T10:08:13.000Z</time></trkpt>
      <trkpt lat="43.742808" lon="-79.332194"><ele>126.2</ele><time>2026-05-31T10:08:14.000Z</time></trkpt>
      <trkpt lat="43.742854" lon="-79.332204"><ele>126.4</ele><time>2026-05-31T10:08:15.000Z</time></trkpt>
      <trkpt lat="43.742898" lon="-79.332214"><ele>126.6</ele><time>2026-05-31T10:08:16.000Z</time></trkpt>
      <trkpt lat="43.742947" lon="-79.332223"><ele>126.8</ele><time>2026-05-31T10:08:17.000Z</time></trkpt>
      <trkpt lat="43.742993" lon="-79.332232"><ele>127</ele><time>2026-05-31T10:08:18.000Z</time></trkpt>
      <trkpt lat="43.743038" lon="-79.332243"><ele>127.2</ele><time>2026-05-31T10:08:19.000Z</time></trkpt>
      <trkpt lat="43.743082" lon="-79.332255"><ele>127.4</ele><time>2026-05-31T10:08:20.000Z</time></trkpt>
      <trkpt lat="43.743128" lon="-79.332264"><ele>127.6</ele><time>2026-05-31T10:08:21.000Z</time></trkpt>
      <trkpt lat="43.74317" lon="-79.332272"><ele>127.8</ele><time>2026-05-31T10:08:22.000Z</time></trkpt>
      <trkpt lat="43.743213" lon="-79.332278"><ele>127.8</ele><time>2026-05-31T10:08:23.000Z</time></trkpt>
      <trkpt lat="43.743256" lon="-79.332286"><ele>128</ele><time>2026-05-31T10:08:24.000Z</time></trkpt>
      <trkpt lat="43.743296" lon="-79.332298"><ele>128.2</ele><time>2026-05-31T10:08:25.000Z</time></trkpt>
      <trkpt lat="43.743338" lon="-79.332306"><ele>128.2</ele><time>2026-05-31T10:08:26.000Z</time></trkpt>
      <trkpt lat="43.743382" lon="-79.332312"><ele>128.4</ele><time>2026-05-31T10:08:27.000Z</time></trkpt>
      <trkpt lat="43.743428" lon="-79.332319"><ele>128.6</ele><time>2026-05-31T10:08:28.000Z</time></trkpt>
      <trkpt lat="43.743471" lon="-79.332325"><ele>128.8</ele><time>2026-05-31T10:08:29.000Z</time></trkpt>
      <trkpt lat="43.743514" lon="-79.332337"><ele>129</ele><time>2026-05-31T10:08:30.000Z</time></trkpt>
      <trkpt lat="43.743555" lon="-79.332348"><ele>129.2</ele><time>2026-05-31T10:08:31.000Z</time></trkpt>
      <trkpt lat="43.743596" lon="-79.332357"><ele>129.2</ele><time>2026-05-31T10:08:32.000Z</time></trkpt>
      <trkpt lat="43.743639" lon="-79.332368"><ele>129.4</ele><time>2026-05-31T10:08:33.000Z</time></trkpt>
      <trkpt lat="43.74368" lon="-79.33238"><ele>129.6</ele><time>2026-05-31T10:08:34.000Z</time></trkpt>
      <trkpt lat="43.743722" lon="-79.332391"><ele>129.8</ele><time>2026-05-31T10:08:35.000Z</time></trkpt>
      <trkpt lat="43.743763" lon="-79.332403"><ele>129.8</ele><time>2026-05-31T10:08:36.000Z</time></trkpt>
      <trkpt lat="43.743804" lon="-79.332416"><ele>130</ele><time>2026-05-31T10:08:37.000Z</time></trkpt>
      <trkpt lat="43.743845" lon="-79.332429"><ele>130</ele><time>2026-05-31T10:08:38.000Z</time></trkpt>
      <trkpt lat="43.743889" lon="-79.332441"><ele>130.2</ele><time>2026-05-31T10:08:39.000Z</time></trkpt>
      <trkpt lat="43.743933" lon="-79.332451"><ele>130.2</ele><time>2026-05-31T10:08:40.000Z</time></trkpt>
      <trkpt lat="43.743977" lon="-79.332463"><ele>130.4</ele><time>2026-05-31T10:08:41.000Z</time></trkpt>
      <trkpt lat="43.744019" lon="-79.332475"><ele>130.4</ele><time>2026-05-31T10:08:42.000Z</time></trkpt>
      <trkpt lat="43.744064" lon="-79.332488"><ele>130.6</ele><time>2026-05-31T10:08:43.000Z</time></trkpt>
      <trkpt lat="43.744109" lon="-79.332499"><ele>130.6</ele><time>2026-05-31T10:08:44.000Z</time></trkpt>
      <trkpt lat="43.744156" lon="-79.33251"><ele>130.8</ele><time>2026-05-31T10:08:45.000Z</time></trkpt>
      <trkpt lat="43.744203" lon="-79.332521"><ele>130.8</ele><time>2026-05-31T10:08:46.000Z</time></trkpt>
      <trkpt lat="43.74425" lon="-79.332532"><ele>131</ele><time>2026-05-31T10:08:47.000Z</time></trkpt>
      <trkpt lat="43.744299" lon="-79.332545"><ele>131</ele><time>2026-05-31T10:08:48.000Z</time></trkpt>
      <trkpt lat="43.744344" lon="-79.332558"><ele>131.2</ele><time>2026-05-31T10:08:49.000Z</time></trkpt>
      <trkpt lat="43.744395" lon="-79.332568"><ele>131.2</ele><time>2026-05-31T10:08:50.000Z</time></trkpt>
      <trkpt lat="43.744446" lon="-79.332579"><ele>131.2</ele><time>2026-05-31T10:08:51.000Z</time></trkpt>
      <trkpt lat="43.744497" lon="-79.332592"><ele>131.4</ele><time>2026-05-31T10:08:52.000Z</time></trkpt>
      <trkpt lat="43.744549" lon="-79.332604"><ele>131.4</ele><time>2026-05-31T10:08:53.000Z</time></trkpt>
      <trkpt lat="43.7446" lon="-79.332617"><ele>131.4</ele><time>2026-05-31T10:08:54.000Z</time></trkpt>
      <trkpt lat="43.744651" lon="-79.332627"><ele>131.4</ele><time>2026-05-31T10:08:55.000Z</time></trkpt>
      <trkpt lat="43.744704" lon="-79.332636"><ele>131.4</ele><time>2026-05-31T10:08:56.000Z</time></trkpt>
      <trkpt lat="43.744759" lon="-79.33265"><ele>131.4</ele><time>2026-05-31T10:08:57.000Z</time></trkpt>
      <trkpt lat="43.744815" lon="-79.332665"><ele>131.4</ele><time>2026-05-31T10:08:58.000Z</time></trkpt>
      <trkpt lat="43.74487" lon="-79.332679"><ele>131.4</ele><time>2026-05-31T10:08:59.000Z</time></trkpt>
      <trkpt lat="43.744923" lon="-79.332693"><ele>131.4</ele><time>2026-05-31T10:09:00.000Z</time></trkpt>
      <trkpt lat="43.744977" lon="-79.332704"><ele>131.4</ele><time>2026-05-31T10:09:01.000Z</time></trkpt>
      <trkpt lat="43.745035" lon="-79.33271"><ele>131.4</ele><time>2026-05-31T10:09:02.000Z</time></trkpt>
      <trkpt lat="43.745095" lon="-79.332719"><ele>131.4</ele><time>2026-05-31T10:09:03.000Z</time></trkpt>
      <trkpt lat="43.745152" lon="-79.332732"><ele>131.4</ele><time>2026-05-31T10:09:04.000Z</time></trkpt>
      <trkpt lat="43.745207" lon="-79.332748"><ele>131.4</ele><time>2026-05-31T10:09:05.000Z</time></trkpt>
      <trkpt lat="43.745262" lon="-79.332764"><ele>131.4</ele><time>2026-05-31T10:09:06.000Z</time></trkpt>
      <trkpt lat="43.745316" lon="-79.332778"><ele>131.4</ele><time>2026-05-31T10:09:07.000Z</time></trkpt>
      <trkpt lat="43.745375" lon="-79.332788"><ele>131.4</ele><time>2026-05-31T10:09:08.000Z</time></trkpt>
      <trkpt lat="43.745434" lon="-79.332801"><ele>131.4</ele><time>2026-05-31T10:09:09.000Z</time></trkpt>
      <trkpt lat="43.745494" lon="-79.332813"><ele>131.4</ele><time>2026-05-31T10:09:10.000Z</time></trkpt>
      <trkpt lat="43.745555" lon="-79.332826"><ele>131.4</ele><time>2026-05-31T10:09:11.000Z</time></trkpt>
      <trkpt lat="43.745614" lon="-79.332836"><ele>131.4</ele><time>2026-05-31T10:09:12.000Z</time></trkpt>
      <trkpt lat="43.74567" lon="-79.332848"><ele>131.4</ele><time>2026-05-31T10:09:13.000Z</time></trkpt>
      <trkpt lat="43.745727" lon="-79.332862"><ele>131.6</ele><time>2026-05-31T10:09:14.000Z</time></trkpt>
      <trkpt lat="43.745785" lon="-79.332875"><ele>131.6</ele><time>2026-05-31T10:09:15.000Z</time></trkpt>
      <trkpt lat="43.745842" lon="-79.332888"><ele>131.6</ele><time>2026-05-31T10:09:16.000Z</time></trkpt>
      <trkpt lat="43.745901" lon="-79.3329"><ele>131.6</ele><time>2026-05-31T10:09:17.000Z</time></trkpt>
      <trkpt lat="43.745961" lon="-79.33291"><ele>131.6</ele><time>2026-05-31T10:09:18.000Z</time></trkpt>
      <trkpt lat="43.746022" lon="-79.332927"><ele>131.6</ele><time>2026-05-31T10:09:19.000Z</time></trkpt>
      <trkpt lat="43.746079" lon="-79.332941"><ele>131.6</ele><time>2026-05-31T10:09:20.000Z</time></trkpt>
      <trkpt lat="43.746135" lon="-79.332958"><ele>131.6</ele><time>2026-05-31T10:09:21.000Z</time></trkpt>
      <trkpt lat="43.746191" lon="-79.33297"><ele>131.6</ele><time>2026-05-31T10:09:22.000Z</time></trkpt>
      <trkpt lat="43.74625" lon="-79.332981"><ele>131.4</ele><time>2026-05-31T10:09:23.000Z</time></trkpt>
      <trkpt lat="43.746311" lon="-79.332994"><ele>131.4</ele><time>2026-05-31T10:09:24.000Z</time></trkpt>
      <trkpt lat="43.746371" lon="-79.333008"><ele>131.4</ele><time>2026-05-31T10:09:25.000Z</time></trkpt>
      <trkpt lat="43.746429" lon="-79.333022"><ele>131.4</ele><time>2026-05-31T10:09:26.000Z</time></trkpt>
      <trkpt lat="43.746487" lon="-79.333038"><ele>131.4</ele><time>2026-05-31T10:09:27.000Z</time></trkpt>
      <trkpt lat="43.746547" lon="-79.333053"><ele>131.6</ele><time>2026-05-31T10:09:28.000Z</time></trkpt>
      <trkpt lat="43.746606" lon="-79.333065"><ele>131.6</ele><time>2026-05-31T10:09:29.000Z</time></trkpt>
      <trkpt lat="43.746665" lon="-79.333074"><ele>131.6</ele><time>2026-05-31T10:09:30.000Z</time></trkpt>
      <trkpt lat="43.746724" lon="-79.333083"><ele>131.8</ele><time>2026-05-31T10:09:31.000Z</time></trkpt>
      <trkpt lat="43.746784" lon="-79.333092"><ele>131.8</ele><time>2026-05-31T10:09:32.000Z</time></trkpt>
      <trkpt lat="43.746843" lon="-79.333103"><ele>132</ele><time>2026-05-31T10:09:33.000Z</time></trkpt>
      <trkpt lat="43.746905" lon="-79.333118"><ele>132</ele><time>2026-05-31T10:09:34.000Z</time></trkpt>
      <trkpt lat="43.746965" lon="-79.33313"><ele>132.2</ele><time>2026-05-31T10:09:35.000Z</time></trkpt>
      <trkpt lat="43.747028" lon="-79.333139"><ele>132.2</ele><time>2026-05-31T10:09:36.000Z</time></trkpt>
      <trkpt lat="43.747085" lon="-79.333151"><ele>132.4</ele><time>2026-05-31T10:09:37.000Z</time></trkpt>
      <trkpt lat="43.747143" lon="-79.333161"><ele>132.4</ele><time>2026-05-31T10:09:38.000Z</time></trkpt>
      <trkpt lat="43.747203" lon="-79.333167"><ele>132.4</ele><time>2026-05-31T10:09:39.000Z</time></trkpt>
      <trkpt lat="43.747259" lon="-79.333176"><ele>132.4</ele><time>2026-05-31T10:09:40.000Z</time></trkpt>
      <trkpt lat="43.747315" lon="-79.333185"><ele>132.4</ele><time>2026-05-31T10:09:41.000Z</time></trkpt>
      <trkpt lat="43.747372" lon="-79.333194"><ele>132.4</ele><time>2026-05-31T10:09:42.000Z</time></trkpt>
      <trkpt lat="43.747432" lon="-79.333204"><ele>132.4</ele><time>2026-05-31T10:09:43.000Z</time></trkpt>
      <trkpt lat="43.747491" lon="-79.333211"><ele>132.6</ele><time>2026-05-31T10:09:44.000Z</time></trkpt>
      <trkpt lat="43.747553" lon="-79.333219"><ele>132.6</ele><time>2026-05-31T10:09:45.000Z</time></trkpt>
      <trkpt lat="43.747614" lon="-79.333225"><ele>132.6</ele><time>2026-05-31T10:09:46.000Z</time></trkpt>
      <trkpt lat="43.747674" lon="-79.333232"><ele>132.6</ele><time>2026-05-31T10:09:47.000Z</time></trkpt>
      <trkpt lat="43.747733" lon="-79.333238"><ele>132.6</ele><time>2026-05-31T10:09:48.000Z</time></trkpt>
      <trkpt lat="43.747794" lon="-79.333244"><ele>132.6</ele><time>2026-05-31T10:09:49.000Z</time></trkpt>
      <trkpt lat="43.747855" lon="-79.333251"><ele>132.8</ele><time>2026-05-31T10:09:50.000Z</time></trkpt>
      <trkpt lat="43.747917" lon="-79.33326"><ele>132.8</ele><time>2026-05-31T10:09:51.000Z</time></trkpt>
      <trkpt lat="43.74798" lon="-79.333267"><ele>132.8</ele><time>2026-05-31T10:09:52.000Z</time></trkpt>
      <trkpt lat="43.748041" lon="-79.333272"><ele>132.8</ele><time>2026-05-31T10:09:53.000Z</time></trkpt>
      <trkpt lat="43.748104" lon="-79.333277"><ele>132.8</ele><time>2026-05-31T10:09:54.000Z</time></trkpt>
      <trkpt lat="43.748165" lon="-79.333284"><ele>133</ele><time>2026-05-31T10:09:55.000Z</time></trkpt>
      <trkpt lat="43.748228" lon="-79.333287"><ele>133</ele><time>2026-05-31T10:09:56.000Z</time></trkpt>
      <trkpt lat="43.748291" lon="-79.333292"><ele>133</ele><time>2026-05-31T10:09:57.000Z</time></trkpt>
      <trkpt lat="43.748353" lon="-79.333295"><ele>133</ele><time>2026-05-31T10:09:58.000Z</time></trkpt>
      <trkpt lat="43.748418" lon="-79.333298"><ele>133</ele><time>2026-05-31T10:09:59.000Z</time></trkpt>
      <trkpt lat="43.748482" lon="-79.333302"><ele>133</ele><time>2026-05-31T10:10:00.000Z</time></trkpt>
      <trkpt lat="43.748547" lon="-79.333305"><ele>133</ele><time>2026-05-31T10:10:01.000Z</time></trkpt>
      <trkpt lat="43.74861" lon="-79.33331"><ele>133</ele><time>2026-05-31T10:10:02.000Z</time></trkpt>
      <trkpt lat="43.748671" lon="-79.333315"><ele>133</ele><time>2026-05-31T10:10:03.000Z</time></trkpt>
      <trkpt lat="43.748735" lon="-79.333321"><ele>133</ele><time>2026-05-31T10:10:04.000Z</time></trkpt>
      <trkpt lat="43.748799" lon="-79.333328"><ele>133</ele><time>2026-05-31T10:10:05.000Z</time></trkpt>
      <trkpt lat="43.748861" lon="-79.333335"><ele>133.2</ele><time>2026-05-31T10:10:06.000Z</time></trkpt>
      <trkpt lat="43.748923" lon="-79.33334"><ele>133.2</ele><time>2026-05-31T10:10:07.000Z</time></trkpt>
      <trkpt lat="43.748987" lon="-79.333341"><ele>133.2</ele><time>2026-05-31T10:10:08.000Z</time></trkpt>
      <trkpt lat="43.749051" lon="-79.333341"><ele>133.2</ele><time>2026-05-31T10:10:09.000Z</time></trkpt>
      <trkpt lat="43.749114" lon="-79.333346"><ele>133.2</ele><time>2026-05-31T10:10:10.000Z</time></trkpt>
      <trkpt lat="43.749177" lon="-79.333348"><ele>133.4</ele><time>2026-05-31T10:10:11.000Z</time></trkpt>
      <trkpt lat="43.749241" lon="-79.333349"><ele>133.4</ele><time>2026-05-31T10:10:12.000Z</time></trkpt>
      <trkpt lat="43.749303" lon="-79.333355"><ele>133.4</ele><time>2026-05-31T10:10:13.000Z</time></trkpt>
      <trkpt lat="43.749365" lon="-79.333361"><ele>133.4</ele><time>2026-05-31T10:10:14.000Z</time></trkpt>
      <trkpt lat="43.749427" lon="-79.333366"><ele>133.4</ele><time>2026-05-31T10:10:15.000Z</time></trkpt>
      <trkpt lat="43.749488" lon="-79.333373"><ele>133.6</ele><time>2026-05-31T10:10:16.000Z</time></trkpt>
      <trkpt lat="43.749547" lon="-79.333378"><ele>133.6</ele><time>2026-05-31T10:10:17.000Z</time></trkpt>
      <trkpt lat="43.749609" lon="-79.333382"><ele>133.6</ele><time>2026-05-31T10:10:18.000Z</time></trkpt>
      <trkpt lat="43.749673" lon="-79.333386"><ele>133.8</ele><time>2026-05-31T10:10:19.000Z</time></trkpt>
      <trkpt lat="43.749736" lon="-79.333391"><ele>133.8</ele><time>2026-05-31T10:10:20.000Z</time></trkpt>
      <trkpt lat="43.749798" lon="-79.333394"><ele>133.8</ele><time>2026-05-31T10:10:21.000Z</time></trkpt>
      <trkpt lat="43.749861" lon="-79.333397"><ele>134</ele><time>2026-05-31T10:10:22.000Z</time></trkpt>
      <trkpt lat="43.749924" lon="-79.333401"><ele>134</ele><time>2026-05-31T10:10:23.000Z</time></trkpt>
      <trkpt lat="43.749985" lon="-79.333405"><ele>134</ele><time>2026-05-31T10:10:24.000Z</time></trkpt>
      <trkpt lat="43.750046" lon="-79.33341"><ele>134.2</ele><time>2026-05-31T10:10:25.000Z</time></trkpt>
      <trkpt lat="43.750103" lon="-79.333415"><ele>134.2</ele><time>2026-05-31T10:10:26.000Z</time></trkpt>
      <trkpt lat="43.750158" lon="-79.33342"><ele>134.2</ele><time>2026-05-31T10:10:27.000Z</time></trkpt>
      <trkpt lat="43.750212" lon="-79.333426"><ele>134.4</ele><time>2026-05-31T10:10:28.000Z</time></trkpt>
      <trkpt lat="43.750274" lon="-79.333431"><ele>134.6</ele><time>2026-05-31T10:10:29.000Z</time></trkpt>
      <trkpt lat="43.750337" lon="-79.333442"><ele>134.6</ele><time>2026-05-31T10:10:30.000Z</time></trkpt>
      <trkpt lat="43.750394" lon="-79.333453"><ele>134.8</ele><time>2026-05-31T10:10:31.000Z</time></trkpt>
      <trkpt lat="43.75045" lon="-79.333462"><ele>135</ele><time>2026-05-31T10:10:32.000Z</time></trkpt>
      <trkpt lat="43.750507" lon="-79.333468"><ele>135.2</ele><time>2026-05-31T10:10:33.000Z</time></trkpt>
      <trkpt lat="43.750559" lon="-79.333474"><ele>135.4</ele><time>2026-05-31T10:10:34.000Z</time></trkpt>
      <trkpt lat="43.750613" lon="-79.333477"><ele>135.6</ele><time>2026-05-31T10:10:35.000Z</time></trkpt>
      <trkpt lat="43.75067" lon="-79.33348"><ele>135.8</ele><time>2026-05-31T10:10:36.000Z</time></trkpt>
      <trkpt lat="43.750723" lon="-79.333481"><ele>136</ele><time>2026-05-31T10:10:37.000Z</time></trkpt>
      <trkpt lat="43.750777" lon="-79.333483"><ele>136.4</ele><time>2026-05-31T10:10:38.000Z</time></trkpt>
      <trkpt lat="43.75083" lon="-79.333488"><ele>136.6</ele><time>2026-05-31T10:10:39.000Z</time></trkpt>
      <trkpt lat="43.750879" lon="-79.333497"><ele>136.8</ele><time>2026-05-31T10:10:40.000Z</time></trkpt>
      <trkpt lat="43.750925" lon="-79.333505"><ele>137</ele><time>2026-05-31T10:10:41.000Z</time></trkpt>
      <trkpt lat="43.75097" lon="-79.33351"><ele>137.2</ele><time>2026-05-31T10:10:42.000Z</time></trkpt>
      <trkpt lat="43.751013" lon="-79.333516"><ele>137.4</ele><time>2026-05-31T10:10:43.000Z</time></trkpt>
      <trkpt lat="43.751057" lon="-79.333521"><ele>137.8</ele><time>2026-05-31T10:10:44.000Z</time></trkpt>
      <trkpt lat="43.751103" lon="-79.333525"><ele>138</ele><time>2026-05-31T10:10:45.000Z</time></trkpt>
      <trkpt lat="43.75115" lon="-79.333528"><ele>138.2</ele><time>2026-05-31T10:10:46.000Z</time></trkpt>
      <trkpt lat="43.751193" lon="-79.333533"><ele>138.4</ele><time>2026-05-31T10:10:47.000Z</time></trkpt>
      <trkpt lat="43.751234" lon="-79.333541"><ele>138.6</ele><time>2026-05-31T10:10:48.000Z</time></trkpt>
      <trkpt lat="43.751275" lon="-79.33355"><ele>138.8</ele><time>2026-05-31T10:10:49.000Z</time></trkpt>
      <trkpt lat="43.751322" lon="-79.33356"><ele>139</ele><time>2026-05-31T10:10:50.000Z</time></trkpt>
      <trkpt lat="43.751367" lon="-79.333567"><ele>139.2</ele><time>2026-05-31T10:10:51.000Z</time></trkpt>
      <trkpt lat="43.751411" lon="-79.333577"><ele>139.4</ele><time>2026-05-31T10:10:52.000Z</time></trkpt>
      <trkpt lat="43.751455" lon="-79.333582"><ele>139.6</ele><time>2026-05-31T10:10:53.000Z</time></trkpt>
      <trkpt lat="43.751495" lon="-79.333588"><ele>139.8</ele><time>2026-05-31T10:10:54.000Z</time></trkpt>
      <trkpt lat="43.751537" lon="-79.333593"><ele>140</ele><time>2026-05-31T10:10:55.000Z</time></trkpt>
      <trkpt lat="43.751577" lon="-79.333602"><ele>140</ele><time>2026-05-31T10:10:56.000Z</time></trkpt>
      <trkpt lat="43.751617" lon="-79.33361"><ele>140.2</ele><time>2026-05-31T10:10:57.000Z</time></trkpt>
      <trkpt lat="43.751655" lon="-79.333617"><ele>140.4</ele><time>2026-05-31T10:10:58.000Z</time></trkpt>
      <trkpt lat="43.751695" lon="-79.333622"><ele>140.6</ele><time>2026-05-31T10:10:59.000Z</time></trkpt>
      <trkpt lat="43.751736" lon="-79.333629"><ele>140.8</ele><time>2026-05-31T10:11:00.000Z</time></trkpt>
      <trkpt lat="43.751779" lon="-79.333638"><ele>141</ele><time>2026-05-31T10:11:01.000Z</time></trkpt>
      <trkpt lat="43.751818" lon="-79.333646"><ele>141.2</ele><time>2026-05-31T10:11:02.000Z</time></trkpt>
      <trkpt lat="43.751854" lon="-79.33365"><ele>141.4</ele><time>2026-05-31T10:11:03.000Z</time></trkpt>
      <trkpt lat="43.751891" lon="-79.333656"><ele>141.6</ele><time>2026-05-31T10:11:04.000Z</time></trkpt>
      <trkpt lat="43.751927" lon="-79.333661"><ele>141.8</ele><time>2026-05-31T10:11:05.000Z</time></trkpt>
      <trkpt lat="43.751965" lon="-79.333666"><ele>141.8</ele><time>2026-05-31T10:11:06.000Z</time></trkpt>
      <trkpt lat="43.752003" lon="-79.333671"><ele>142</ele><time>2026-05-31T10:11:07.000Z</time></trkpt>
      <trkpt lat="43.752044" lon="-79.333678"><ele>142.2</ele><time>2026-05-31T10:11:08.000Z</time></trkpt>
      <trkpt lat="43.752082" lon="-79.333684"><ele>142.4</ele><time>2026-05-31T10:11:09.000Z</time></trkpt>
      <trkpt lat="43.752123" lon="-79.333691"><ele>142.6</ele><time>2026-05-31T10:11:10.000Z</time></trkpt>
      <trkpt lat="43.752164" lon="-79.333698"><ele>142.6</ele><time>2026-05-31T10:11:11.000Z</time></trkpt>
      <trkpt lat="43.752207" lon="-79.333702"><ele>142.8</ele><time>2026-05-31T10:11:12.000Z</time></trkpt>
      <trkpt lat="43.75225" lon="-79.333712"><ele>143</ele><time>2026-05-31T10:11:13.000Z</time></trkpt>
      <trkpt lat="43.752292" lon="-79.333721"><ele>143</ele><time>2026-05-31T10:11:14.000Z</time></trkpt>
      <trkpt lat="43.752331" lon="-79.33373"><ele>143.2</ele><time>2026-05-31T10:11:15.000Z</time></trkpt>
      <trkpt lat="43.752369" lon="-79.333737"><ele>143.2</ele><time>2026-05-31T10:11:16.000Z</time></trkpt>
      <trkpt lat="43.752409" lon="-79.333747"><ele>143.4</ele><time>2026-05-31T10:11:17.000Z</time></trkpt>
      <trkpt lat="43.752448" lon="-79.333752"><ele>143.4</ele><time>2026-05-31T10:11:18.000Z</time></trkpt>
      <trkpt lat="43.752487" lon="-79.333757"><ele>143.6</ele><time>2026-05-31T10:11:19.000Z</time></trkpt>
      <trkpt lat="43.752526" lon="-79.33376"><ele>143.8</ele><time>2026-05-31T10:11:20.000Z</time></trkpt>
      <trkpt lat="43.752562" lon="-79.333766"><ele>144</ele><time>2026-05-31T10:11:21.000Z</time></trkpt>
      <trkpt lat="43.752597" lon="-79.333777"><ele>144</ele><time>2026-05-31T10:11:22.000Z</time></trkpt>
      <trkpt lat="43.752633" lon="-79.333788"><ele>144.2</ele><time>2026-05-31T10:11:23.000Z</time></trkpt>
      <trkpt lat="43.752668" lon="-79.333795"><ele>144.4</ele><time>2026-05-31T10:11:24.000Z</time></trkpt>
      <trkpt lat="43.752704" lon="-79.333801"><ele>144.6</ele><time>2026-05-31T10:11:25.000Z</time></trkpt>
      <trkpt lat="43.752737" lon="-79.333806"><ele>144.6</ele><time>2026-05-31T10:11:26.000Z</time></trkpt>
      <trkpt lat="43.752771" lon="-79.333817"><ele>144.8</ele><time>2026-05-31T10:11:27.000Z</time></trkpt>
      <trkpt lat="43.752803" lon="-79.333827"><ele>145</ele><time>2026-05-31T10:11:28.000Z</time></trkpt>
      <trkpt lat="43.752833" lon="-79.333835"><ele>145.2</ele><time>2026-05-31T10:11:29.000Z</time></trkpt>
      <trkpt lat="43.752868" lon="-79.333842"><ele>145.2</ele><time>2026-05-31T10:11:30.000Z</time></trkpt>
      <trkpt lat="43.752906" lon="-79.33385"><ele>145.4</ele><time>2026-05-31T10:11:31.000Z</time></trkpt>
      <trkpt lat="43.752943" lon="-79.333859"><ele>145.6</ele><time>2026-05-31T10:11:32.000Z</time></trkpt>
      <trkpt lat="43.752979" lon="-79.333865"><ele>145.8</ele><time>2026-05-31T10:11:33.000Z</time></trkpt>
      <trkpt lat="43.753015" lon="-79.33387"><ele>146</ele><time>2026-05-31T10:11:34.000Z</time></trkpt>
      <trkpt lat="43.753052" lon="-79.333875"><ele>146.2</ele><time>2026-05-31T10:11:35.000Z</time></trkpt>
      <trkpt lat="43.753089" lon="-79.333881"><ele>146.2</ele><time>2026-05-31T10:11:36.000Z</time></trkpt>
      <trkpt lat="43.753123" lon="-79.333889"><ele>146.4</ele><time>2026-05-31T10:11:37.000Z</time></trkpt>
      <trkpt lat="43.753159" lon="-79.333897"><ele>146.6</ele><time>2026-05-31T10:11:38.000Z</time></trkpt>
      <trkpt lat="43.753193" lon="-79.33391"><ele>146.8</ele><time>2026-05-31T10:11:39.000Z</time></trkpt>
      <trkpt lat="43.753227" lon="-79.333925"><ele>147</ele><time>2026-05-31T10:11:40.000Z</time></trkpt>
      <trkpt lat="43.75326" lon="-79.333938"><ele>147</ele><time>2026-05-31T10:11:41.000Z</time></trkpt>
      <trkpt lat="43.753295" lon="-79.333949"><ele>147.2</ele><time>2026-05-31T10:11:42.000Z</time></trkpt>
      <trkpt lat="43.75333" lon="-79.333956"><ele>147.4</ele><time>2026-05-31T10:11:43.000Z</time></trkpt>
      <trkpt lat="43.753371" lon="-79.333965"><ele>147.6</ele><time>2026-05-31T10:11:44.000Z</time></trkpt>
      <trkpt lat="43.753409" lon="-79.333971"><ele>147.8</ele><time>2026-05-31T10:11:45.000Z</time></trkpt>
      <trkpt lat="43.753442" lon="-79.333978"><ele>148</ele><time>2026-05-31T10:11:46.000Z</time></trkpt>
      <trkpt lat="43.753479" lon="-79.33399"><ele>148</ele><time>2026-05-31T10:11:47.000Z</time></trkpt>
      <trkpt lat="43.753515" lon="-79.334001"><ele>148.2</ele><time>2026-05-31T10:11:48.000Z</time></trkpt>
      <trkpt lat="43.753551" lon="-79.334009"><ele>148.4</ele><time>2026-05-31T10:11:49.000Z</time></trkpt>
      <trkpt lat="43.753588" lon="-79.334018"><ele>148.4</ele><time>2026-05-31T10:11:50.000Z</time></trkpt>
      <trkpt lat="43.753622" lon="-79.334029"><ele>148.6</ele><time>2026-05-31T10:11:51.000Z</time></trkpt>
      <trkpt lat="43.753659" lon="-79.334039"><ele>148.8</ele><time>2026-05-31T10:11:52.000Z</time></trkpt>
      <trkpt lat="43.753694" lon="-79.334049"><ele>149</ele><time>2026-05-31T10:11:53.000Z</time></trkpt>
      <trkpt lat="43.753728" lon="-79.334056"><ele>149.2</ele><time>2026-05-31T10:11:54.000Z</time></trkpt>
      <trkpt lat="43.753763" lon="-79.334065"><ele>149.4</ele><time>2026-05-31T10:11:55.000Z</time></trkpt>
      <trkpt lat="43.753797" lon="-79.334074"><ele>149.6</ele><time>2026-05-31T10:11:56.000Z</time></trkpt>
      <trkpt lat="43.753829" lon="-79.334087"><ele>149.6</ele><time>2026-05-31T10:11:57.000Z</time></trkpt>
      <trkpt lat="43.753862" lon="-79.3341"><ele>149.8</ele><time>2026-05-31T10:11:58.000Z</time></trkpt>
      <trkpt lat="43.753894" lon="-79.334112"><ele>150</ele><time>2026-05-31T10:11:59.000Z</time></trkpt>
      <trkpt lat="43.753928" lon="-79.334126"><ele>150</ele><time>2026-05-31T10:12:00.000Z</time></trkpt>
      <trkpt lat="43.753965" lon="-79.334139"><ele>150.2</ele><time>2026-05-31T10:12:01.000Z</time></trkpt>
      <trkpt lat="43.754001" lon="-79.334152"><ele>150.4</ele><time>2026-05-31T10:12:02.000Z</time></trkpt>
      <trkpt lat="43.754035" lon="-79.334164"><ele>150.4</ele><time>2026-05-31T10:12:03.000Z</time></trkpt>
      <trkpt lat="43.754067" lon="-79.334172"><ele>150.6</ele><time>2026-05-31T10:12:04.000Z</time></trkpt>
      <trkpt lat="43.754103" lon="-79.334182"><ele>150.6</ele><time>2026-05-31T10:12:05.000Z</time></trkpt>
      <trkpt lat="43.754137" lon="-79.334192"><ele>150.8</ele><time>2026-05-31T10:12:06.000Z</time></trkpt>
      <trkpt lat="43.75417" lon="-79.334201"><ele>151</ele><time>2026-05-31T10:12:07.000Z</time></trkpt>
      <trkpt lat="43.754203" lon="-79.334213"><ele>151.2</ele><time>2026-05-31T10:12:08.000Z</time></trkpt>
      <trkpt lat="43.754236" lon="-79.334222"><ele>151.2</ele><time>2026-05-31T10:12:09.000Z</time></trkpt>
      <trkpt lat="43.754271" lon="-79.334234"><ele>151.4</ele><time>2026-05-31T10:12:10.000Z</time></trkpt>
      <trkpt lat="43.754305" lon="-79.334243"><ele>151.6</ele><time>2026-05-31T10:12:11.000Z</time></trkpt>
      <trkpt lat="43.754336" lon="-79.334254"><ele>151.8</ele><time>2026-05-31T10:12:12.000Z</time></trkpt>
      <trkpt lat="43.754366" lon="-79.334265"><ele>152</ele><time>2026-05-31T10:12:13.000Z</time></trkpt>
      <trkpt lat="43.754398" lon="-79.334274"><ele>152.2</ele><time>2026-05-31T10:12:14.000Z</time></trkpt>
      <trkpt lat="43.75443" lon="-79.334281"><ele>152.2</ele><time>2026-05-31T10:12:15.000Z</time></trkpt>
      <trkpt lat="43.754465" lon="-79.334289"><ele>152.4</ele><time>2026-05-31T10:12:16.000Z</time></trkpt>
      <trkpt lat="43.754498" lon="-79.334301"><ele>152.6</ele><time>2026-05-31T10:12:17.000Z</time></trkpt>
      <trkpt lat="43.75453" lon="-79.33431"><ele>152.6</ele><time>2026-05-31T10:12:18.000Z</time></trkpt>
      <trkpt lat="43.75456" lon="-79.334318"><ele>152.8</ele><time>2026-05-31T10:12:19.000Z</time></trkpt>
      <trkpt lat="43.754591" lon="-79.33433"><ele>152.8</ele><time>2026-05-31T10:12:20.000Z</time></trkpt>
      <trkpt lat="43.754622" lon="-79.334338"><ele>153</ele><time>2026-05-31T10:12:21.000Z</time></trkpt>
      <trkpt lat="43.754653" lon="-79.334344"><ele>153.2</ele><time>2026-05-31T10:12:22.000Z</time></trkpt>
      <trkpt lat="43.754687" lon="-79.33435"><ele>153.2</ele><time>2026-05-31T10:12:23.000Z</time></trkpt>
      <trkpt lat="43.754721" lon="-79.33436"><ele>153.4</ele><time>2026-05-31T10:12:24.000Z</time></trkpt>
      <trkpt lat="43.754754" lon="-79.33437"><ele>153.6</ele><time>2026-05-31T10:12:25.000Z</time></trkpt>
      <trkpt lat="43.754786" lon="-79.334381"><ele>153.6</ele><time>2026-05-31T10:12:26.000Z</time></trkpt>
      <trkpt lat="43.754817" lon="-79.334393"><ele>153.8</ele><time>2026-05-31T10:12:27.000Z</time></trkpt>
      <trkpt lat="43.754852" lon="-79.334405"><ele>154</ele><time>2026-05-31T10:12:28.000Z</time></trkpt>
      <trkpt lat="43.754884" lon="-79.334421"><ele>154.2</ele><time>2026-05-31T10:12:29.000Z</time></trkpt>
      <trkpt lat="43.754917" lon="-79.334435"><ele>154.4</ele><time>2026-05-31T10:12:30.000Z</time></trkpt>
      <trkpt lat="43.754951" lon="-79.334444"><ele>154.4</ele><time>2026-05-31T10:12:31.000Z</time></trkpt>
      <trkpt lat="43.754985" lon="-79.334457"><ele>154.6</ele><time>2026-05-31T10:12:32.000Z</time></trkpt>
      <trkpt lat="43.755018" lon="-79.33447"><ele>154.6</ele><time>2026-05-31T10:12:33.000Z</time></trkpt>
      <trkpt lat="43.755051" lon="-79.334483"><ele>154.8</ele><time>2026-05-31T10:12:34.000Z</time></trkpt>
      <trkpt lat="43.755083" lon="-79.334493"><ele>155</ele><time>2026-05-31T10:12:35.000Z</time></trkpt>
      <trkpt lat="43.755112" lon="-79.334502"><ele>155</ele><time>2026-05-31T10:12:36.000Z</time></trkpt>
      <trkpt lat="43.755141" lon="-79.334509"><ele>155.2</ele><time>2026-05-31T10:12:37.000Z</time></trkpt>
      <trkpt lat="43.755174" lon="-79.334517"><ele>155.4</ele><time>2026-05-31T10:12:38.000Z</time></trkpt>
      <trkpt lat="43.75521" lon="-79.334527"><ele>155.6</ele><time>2026-05-31T10:12:39.000Z</time></trkpt>
      <trkpt lat="43.755246" lon="-79.334539"><ele>155.8</ele><time>2026-05-31T10:12:40.000Z</time></trkpt>
      <trkpt lat="43.75528" lon="-79.334548"><ele>155.8</ele><time>2026-05-31T10:12:41.000Z</time></trkpt>
      <trkpt lat="43.755314" lon="-79.334557"><ele>156</ele><time>2026-05-31T10:12:42.000Z</time></trkpt>
      <trkpt lat="43.75535" lon="-79.334565"><ele>156.2</ele><time>2026-05-31T10:12:43.000Z</time></trkpt>
      <trkpt lat="43.755384" lon="-79.334574"><ele>156.4</ele><time>2026-05-31T10:12:44.000Z</time></trkpt>
      <trkpt lat="43.755419" lon="-79.334583"><ele>156.4</ele><time>2026-05-31T10:12:45.000Z</time></trkpt>
      <trkpt lat="43.755452" lon="-79.334588"><ele>156.6</ele><time>2026-05-31T10:12:46.000Z</time></trkpt>
      <trkpt lat="43.755488" lon="-79.334592"><ele>156.8</ele><time>2026-05-31T10:12:47.000Z</time></trkpt>
      <trkpt lat="43.755524" lon="-79.334599"><ele>157</ele><time>2026-05-31T10:12:48.000Z</time></trkpt>
      <trkpt lat="43.755559" lon="-79.334611"><ele>157</ele><time>2026-05-31T10:12:49.000Z</time></trkpt>
      <trkpt lat="43.755594" lon="-79.334624"><ele>157.2</ele><time>2026-05-31T10:12:50.000Z</time></trkpt>
      <trkpt lat="43.755627" lon="-79.334635"><ele>157.4</ele><time>2026-05-31T10:12:51.000Z</time></trkpt>
      <trkpt lat="43.75566" lon="-79.334644"><ele>157.6</ele><time>2026-05-31T10:12:52.000Z</time></trkpt>
      <trkpt lat="43.755692" lon="-79.334656"><ele>157.6</ele><time>2026-05-31T10:12:53.000Z</time></trkpt>
      <trkpt lat="43.755728" lon="-79.334665"><ele>157.8</ele><time>2026-05-31T10:12:54.000Z</time></trkpt>
      <trkpt lat="43.755763" lon="-79.334674"><ele>158</ele><time>2026-05-31T10:12:55.000Z</time></trkpt>
      <trkpt lat="43.755797" lon="-79.334685"><ele>158</ele><time>2026-05-31T10:12:56.000Z</time></trkpt>
      <trkpt lat="43.755831" lon="-79.334696"><ele>158.2</ele><time>2026-05-31T10:12:57.000Z</time></trkpt>
      <trkpt lat="43.755864" lon="-79.334707"><ele>158.2</ele><time>2026-05-31T10:12:58.000Z</time></trkpt>
      <trkpt lat="43.755896" lon="-79.334716"><ele>158.4</ele><time>2026-05-31T10:12:59.000Z</time></trkpt>
      <trkpt lat="43.755931" lon="-79.334723"><ele>158.6</ele><time>2026-05-31T10:13:00.000Z</time></trkpt>
      <trkpt lat="43.755966" lon="-79.334729"><ele>158.6</ele><time>2026-05-31T10:13:01.000Z</time></trkpt>
      <trkpt lat="43.756001" lon="-79.334736"><ele>158.8</ele><time>2026-05-31T10:13:02.000Z</time></trkpt>
      <trkpt lat="43.756033" lon="-79.334745"><ele>159</ele><time>2026-05-31T10:13:03.000Z</time></trkpt>
      <trkpt lat="43.756066" lon="-79.334752"><ele>159</ele><time>2026-05-31T10:13:04.000Z</time></trkpt>
      <trkpt lat="43.7561" lon="-79.334763"><ele>159.2</ele><time>2026-05-31T10:13:05.000Z</time></trkpt>
      <trkpt lat="43.756136" lon="-79.334773"><ele>159.4</ele><time>2026-05-31T10:13:06.000Z</time></trkpt>
      <trkpt lat="43.756175" lon="-79.334782"><ele>159.6</ele><time>2026-05-31T10:13:07.000Z</time></trkpt>
      <trkpt lat="43.756212" lon="-79.334791"><ele>159.6</ele><time>2026-05-31T10:13:08.000Z</time></trkpt>
      <trkpt lat="43.75625" lon="-79.3348"><ele>159.8</ele><time>2026-05-31T10:13:09.000Z</time></trkpt>
      <trkpt lat="43.756289" lon="-79.334811"><ele>159.8</ele><time>2026-05-31T10:13:10.000Z</time></trkpt>
      <trkpt lat="43.756328" lon="-79.334819"><ele>160</ele><time>2026-05-31T10:13:11.000Z</time></trkpt>
      <trkpt lat="43.756369" lon="-79.334826"><ele>160</ele><time>2026-05-31T10:13:12.000Z</time></trkpt>
      <trkpt lat="43.75641" lon="-79.334836"><ele>160.2</ele><time>2026-05-31T10:13:13.000Z</time></trkpt>
      <trkpt lat="43.756449" lon="-79.33484"><ele>160.4</ele><time>2026-05-31T10:13:14.000Z</time></trkpt>
      <trkpt lat="43.75649" lon="-79.334844"><ele>160.4</ele><time>2026-05-31T10:13:15.000Z</time></trkpt>
      <trkpt lat="43.756533" lon="-79.334843"><ele>160.6</ele><time>2026-05-31T10:13:16.000Z</time></trkpt>
      <trkpt lat="43.756573" lon="-79.334843"><ele>160.6</ele><time>2026-05-31T10:13:17.000Z</time></trkpt>
      <trkpt lat="43.756614" lon="-79.334838"><ele>160.8</ele><time>2026-05-31T10:13:18.000Z</time></trkpt>
      <trkpt lat="43.756654" lon="-79.334829"><ele>161</ele><time>2026-05-31T10:13:19.000Z</time></trkpt>
      <trkpt lat="43.756688" lon="-79.334824"><ele>161</ele><time>2026-05-31T10:13:20.000Z</time></trkpt>
      <trkpt lat="43.756724" lon="-79.334812"><ele>161.2</ele><time>2026-05-31T10:13:21.000Z</time></trkpt>
      <trkpt lat="43.756764" lon="-79.334797"><ele>161.4</ele><time>2026-05-31T10:13:22.000Z</time></trkpt>
      <trkpt lat="43.756802" lon="-79.334779"><ele>161.4</ele><time>2026-05-31T10:13:23.000Z</time></trkpt>
      <trkpt lat="43.756841" lon="-79.334758"><ele>161.6</ele><time>2026-05-31T10:13:24.000Z</time></trkpt>
      <trkpt lat="43.756878" lon="-79.334733"><ele>161.6</ele><time>2026-05-31T10:13:25.000Z</time></trkpt>
      <trkpt lat="43.756916" lon="-79.334709"><ele>161.8</ele><time>2026-05-31T10:13:26.000Z</time></trkpt>
      <trkpt lat="43.756954" lon="-79.334683"><ele>161.8</ele><time>2026-05-31T10:13:27.000Z</time></trkpt>
      <trkpt lat="43.756991" lon="-79.334651"><ele>162</ele><time>2026-05-31T10:13:28.000Z</time></trkpt>
      <trkpt lat="43.757026" lon="-79.334622"><ele>162.2</ele><time>2026-05-31T10:13:29.000Z</time></trkpt>
      <trkpt lat="43.757063" lon="-79.334588"><ele>162.2</ele><time>2026-05-31T10:13:30.000Z</time></trkpt>
      <trkpt lat="43.757097" lon="-79.334556"><ele>162.4</ele><time>2026-05-31T10:13:31.000Z</time></trkpt>
      <trkpt lat="43.757131" lon="-79.334525"><ele>162.6</ele><time>2026-05-31T10:13:32.000Z</time></trkpt>
      <trkpt lat="43.757165" lon="-79.334493"><ele>162.6</ele><time>2026-05-31T10:13:33.000Z</time></trkpt>
      <trkpt lat="43.757199" lon="-79.334458"><ele>162.8</ele><time>2026-05-31T10:13:34.000Z</time></trkpt>
      <trkpt lat="43.75723" lon="-79.334421"><ele>162.8</ele><time>2026-05-31T10:13:35.000Z</time></trkpt>
      <trkpt lat="43.757264" lon="-79.334385"><ele>162.8</ele><time>2026-05-31T10:13:36.000Z</time></trkpt>
      <trkpt lat="43.757299" lon="-79.334346"><ele>163</ele><time>2026-05-31T10:13:37.000Z</time></trkpt>
      <trkpt lat="43.757334" lon="-79.334309"><ele>163</ele><time>2026-05-31T10:13:38.000Z</time></trkpt>
      <trkpt lat="43.757372" lon="-79.334273"><ele>162.8</ele><time>2026-05-31T10:13:39.000Z</time></trkpt>
      <trkpt lat="43.757409" lon="-79.334238"><ele>162.8</ele><time>2026-05-31T10:13:40.000Z</time></trkpt>
      <trkpt lat="43.757447" lon="-79.334206"><ele>162.8</ele><time>2026-05-31T10:13:41.000Z</time></trkpt>
      <trkpt lat="43.757484" lon="-79.334172"><ele>162.8</ele><time>2026-05-31T10:13:42.000Z</time></trkpt>
      <trkpt lat="43.757525" lon="-79.334137"><ele>162.8</ele><time>2026-05-31T10:13:43.000Z</time></trkpt>
      <trkpt lat="43.757567" lon="-79.334106"><ele>162.8</ele><time>2026-05-31T10:13:44.000Z</time></trkpt>
      <trkpt lat="43.757607" lon="-79.334078"><ele>162.6</ele><time>2026-05-31T10:13:45.000Z</time></trkpt>
      <trkpt lat="43.75765" lon="-79.334052"><ele>162.2</ele><time>2026-05-31T10:13:46.000Z</time></trkpt>
      <trkpt lat="43.757692" lon="-79.334027"><ele>161.8</ele><time>2026-05-31T10:13:47.000Z</time></trkpt>
      <trkpt lat="43.757742" lon="-79.334003"><ele>161.4</ele><time>2026-05-31T10:13:48.000Z</time></trkpt>
      <trkpt lat="43.757791" lon="-79.333978"><ele>161.2</ele><time>2026-05-31T10:13:49.000Z</time></trkpt>
      <trkpt lat="43.757845" lon="-79.333958"><ele>161.4</ele><time>2026-05-31T10:13:50.000Z</time></trkpt>
      <trkpt lat="43.757903" lon="-79.333944"><ele>161.6</ele><time>2026-05-31T10:13:51.000Z</time></trkpt>
      <trkpt lat="43.75796" lon="-79.33393"><ele>161.8</ele><time>2026-05-31T10:13:52.000Z</time></trkpt>
      <trkpt lat="43.758013" lon="-79.333917"><ele>161.8</ele><time>2026-05-31T10:13:53.000Z</time></trkpt>
      <trkpt lat="43.758071" lon="-79.333899"><ele>161.8</ele><time>2026-05-31T10:13:54.000Z</time></trkpt>
      <trkpt lat="43.75813" lon="-79.33388"><ele>161.6</ele><time>2026-05-31T10:13:55.000Z</time></trkpt>
      <trkpt lat="43.758188" lon="-79.333865"><ele>161.6</ele><time>2026-05-31T10:13:56.000Z</time></trkpt>
      <trkpt lat="43.758248" lon="-79.333847"><ele>161.4</ele><time>2026-05-31T10:13:57.000Z</time></trkpt>
      <trkpt lat="43.758307" lon="-79.333833"><ele>161.2</ele><time>2026-05-31T10:13:58.000Z</time></trkpt>
      <trkpt lat="43.758368" lon="-79.333822"><ele>161.2</ele><time>2026-05-31T10:13:59.000Z</time></trkpt>
      <trkpt lat="43.758429" lon="-79.33381"><ele>161.4</ele><time>2026-05-31T10:14:00.000Z</time></trkpt>
      <trkpt lat="43.758489" lon="-79.3338"><ele>161.4</ele><time>2026-05-31T10:14:01.000Z</time></trkpt>
      <trkpt lat="43.75855" lon="-79.333801"><ele>161.4</ele><time>2026-05-31T10:14:02.000Z</time></trkpt>
      <trkpt lat="43.758606" lon="-79.333807"><ele>161.2</ele><time>2026-05-31T10:14:03.000Z</time></trkpt>
      <trkpt lat="43.758661" lon="-79.333823"><ele>161</ele><time>2026-05-31T10:14:04.000Z</time></trkpt>
      <trkpt lat="43.758715" lon="-79.333849"><ele>160.6</ele><time>2026-05-31T10:14:05.000Z</time></trkpt>
      <trkpt lat="43.758764" lon="-79.333885"><ele>160.8</ele><time>2026-05-31T10:14:06.000Z</time></trkpt>
      <trkpt lat="43.758804" lon="-79.333933"><ele>160.8</ele><time>2026-05-31T10:14:07.000Z</time></trkpt>
      <trkpt lat="43.758831" lon="-79.333977"><ele>161</ele><time>2026-05-31T10:14:08.000Z</time></trkpt>
      <trkpt lat="43.758835" lon="-79.334036"><ele>161</ele><time>2026-05-31T10:14:09.000Z</time></trkpt>
      <trkpt lat="43.758819" lon="-79.334097"><ele>161.2</ele><time>2026-05-31T10:14:10.000Z</time></trkpt>
      <trkpt lat="43.758794" lon="-79.334152"><ele>161.2</ele><time>2026-05-31T10:14:11.000Z</time></trkpt>
      <trkpt lat="43.758764" lon="-79.33421"><ele>161.2</ele><time>2026-05-31T10:14:12.000Z</time></trkpt>
      <trkpt lat="43.758727" lon="-79.33427"><ele>161.2</ele><time>2026-05-31T10:14:13.000Z</time></trkpt>
      <trkpt lat="43.758694" lon="-79.334333"><ele>161.2</ele><time>2026-05-31T10:14:14.000Z</time></trkpt>
      <trkpt lat="43.758663" lon="-79.334397"><ele>161</ele><time>2026-05-31T10:14:15.000Z</time></trkpt>
      <trkpt lat="43.758631" lon="-79.334464"><ele>161</ele><time>2026-05-31T10:14:16.000Z</time></trkpt>
      <trkpt lat="43.758599" lon="-79.334534"><ele>160.8</ele><time>2026-05-31T10:14:17.000Z</time></trkpt>
      <trkpt lat="43.758569" lon="-79.334606"><ele>160.8</ele><time>2026-05-31T10:14:18.000Z</time></trkpt>
      <trkpt lat="43.758538" lon="-79.334682"><ele>160.8</ele><time>2026-05-31T10:14:19.000Z</time></trkpt>
      <trkpt lat="43.758506" lon="-79.334759"><ele>160.8</ele><time>2026-05-31T10:14:20.000Z</time></trkpt>
      <trkpt lat="43.758476" lon="-79.334836"><ele>160.8</ele><time>2026-05-31T10:14:21.000Z</time></trkpt>
      <trkpt lat="43.758451" lon="-79.334917"><ele>160.6</ele><time>2026-05-31T10:14:22.000Z</time></trkpt>
      <trkpt lat="43.758422" lon="-79.334999"><ele>160.6</ele><time>2026-05-31T10:14:23.000Z</time></trkpt>
      <trkpt lat="43.758395" lon="-79.335079"><ele>160.6</ele><time>2026-05-31T10:14:24.000Z</time></trkpt>
      <trkpt lat="43.758369" lon="-79.335159"><ele>160.4</ele><time>2026-05-31T10:14:25.000Z</time></trkpt>
      <trkpt lat="43.758344" lon="-79.335243"><ele>160.2</ele><time>2026-05-31T10:14:26.000Z</time></trkpt>
      <trkpt lat="43.758321" lon="-79.335332"><ele>160.2</ele><time>2026-05-31T10:14:27.000Z</time></trkpt>
      <trkpt lat="43.758298" lon="-79.335422"><ele>160</ele><time>2026-05-31T10:14:28.000Z</time></trkpt>
      <trkpt lat="43.758278" lon="-79.335512"><ele>160</ele><time>2026-05-31T10:14:29.000Z</time></trkpt>
      <trkpt lat="43.758262" lon="-79.33561"><ele>160</ele><time>2026-05-31T10:14:30.000Z</time></trkpt>
      <trkpt lat="43.758246" lon="-79.335695"><ele>159.8</ele><time>2026-05-31T10:14:31.000Z</time></trkpt>
      <trkpt lat="43.75823" lon="-79.335772"><ele>159.8</ele><time>2026-05-31T10:14:32.000Z</time></trkpt>
      <trkpt lat="43.758211" lon="-79.335846"><ele>159.8</ele><time>2026-05-31T10:14:33.000Z</time></trkpt>
      <trkpt lat="43.758187" lon="-79.335919"><ele>159.6</ele><time>2026-05-31T10:14:34.000Z</time></trkpt>
      <trkpt lat="43.758161" lon="-79.336017"><ele>159.4</ele><time>2026-05-31T10:14:35.000Z</time></trkpt>
      <trkpt lat="43.758139" lon="-79.336121"><ele>159.2</ele><time>2026-05-31T10:14:36.000Z</time></trkpt>
      <trkpt lat="43.758117" lon="-79.336224"><ele>159</ele><time>2026-05-31T10:14:37.000Z</time></trkpt>
      <trkpt lat="43.758094" lon="-79.336321"><ele>159</ele><time>2026-05-31T10:14:38.000Z</time></trkpt>
      <trkpt lat="43.758069" lon="-79.336421"><ele>158.8</ele><time>2026-05-31T10:14:39.000Z</time></trkpt>
      <trkpt lat="43.758045" lon="-79.33652"><ele>158.8</ele><time>2026-05-31T10:14:40.000Z</time></trkpt>
      <trkpt lat="43.758026" lon="-79.336619"><ele>158.8</ele><time>2026-05-31T10:14:41.000Z</time></trkpt>
      <trkpt lat="43.758011" lon="-79.336717"><ele>158.6</ele><time>2026-05-31T10:14:42.000Z</time></trkpt>
      <trkpt lat="43.757997" lon="-79.33681"><ele>158.6</ele><time>2026-05-31T10:14:43.000Z</time></trkpt>
      <trkpt lat="43.757981" lon="-79.336901"><ele>158.6</ele><time>2026-05-31T10:14:44.000Z</time></trkpt>
      <trkpt lat="43.757963" lon="-79.336992"><ele>158.6</ele><time>2026-05-31T10:14:45.000Z</time></trkpt>
      <trkpt lat="43.757948" lon="-79.337085"><ele>158.6</ele><time>2026-05-31T10:14:46.000Z</time></trkpt>
      <trkpt lat="43.757914" lon="-79.337171"><ele>158.8</ele><time>2026-05-31T10:14:47.000Z</time></trkpt>
      <trkpt lat="43.757869" lon="-79.337234"><ele>158.8</ele><time>2026-05-31T10:14:48.000Z</time></trkpt>
      <trkpt lat="43.757807" lon="-79.337276"><ele>158.8</ele><time>2026-05-31T10:14:49.000Z</time></trkpt>
      <trkpt lat="43.757737" lon="-79.337279"><ele>158.8</ele><time>2026-05-31T10:14:50.000Z</time></trkpt>
      <trkpt lat="43.75768" lon="-79.337244"><ele>158.8</ele><time>2026-05-31T10:14:51.000Z</time></trkpt>
      <trkpt lat="43.757621" lon="-79.337204"><ele>158.8</ele><time>2026-05-31T10:14:52.000Z</time></trkpt>
      <trkpt lat="43.75756" lon="-79.337173"><ele>158.8</ele><time>2026-05-31T10:14:53.000Z</time></trkpt>
      <trkpt lat="43.757495" lon="-79.337149"><ele>158.8</ele><time>2026-05-31T10:14:54.000Z</time></trkpt>
      <trkpt lat="43.757432" lon="-79.337119"><ele>158.8</ele><time>2026-05-31T10:14:55.000Z</time></trkpt>
      <trkpt lat="43.757371" lon="-79.33708"><ele>158.8</ele><time>2026-05-31T10:14:56.000Z</time></trkpt>
      <trkpt lat="43.757311" lon="-79.337035"><ele>159</ele><time>2026-05-31T10:14:57.000Z</time></trkpt>
      <trkpt lat="43.757258" lon="-79.336979"><ele>159</ele><time>2026-05-31T10:14:58.000Z</time></trkpt>
      <trkpt lat="43.757214" lon="-79.336917"><ele>159.2</ele><time>2026-05-31T10:14:59.000Z</time></trkpt>
      <trkpt lat="43.757174" lon="-79.336848"><ele>159.4</ele><time>2026-05-31T10:15:00.000Z</time></trkpt>
      <trkpt lat="43.75714" lon="-79.336773"><ele>159.8</ele><time>2026-05-31T10:15:01.000Z</time></trkpt>
      <trkpt lat="43.757107" lon="-79.336693"><ele>160</ele><time>2026-05-31T10:15:02.000Z</time></trkpt>
      <trkpt lat="43.757078" lon="-79.336607"><ele>160.2</ele><time>2026-05-31T10:15:03.000Z</time></trkpt>
      <trkpt lat="43.757054" lon="-79.336522"><ele>160.4</ele><time>2026-05-31T10:15:04.000Z</time></trkpt>
      <trkpt lat="43.757034" lon="-79.33644"><ele>160.6</ele><time>2026-05-31T10:15:05.000Z</time></trkpt>
      <trkpt lat="43.757015" lon="-79.336366"><ele>161</ele><time>2026-05-31T10:15:06.000Z</time></trkpt>
      <trkpt lat="43.756988" lon="-79.336287"><ele>161.2</ele><time>2026-05-31T10:15:07.000Z</time></trkpt>
      <trkpt lat="43.75696" lon="-79.336216"><ele>161.4</ele><time>2026-05-31T10:15:08.000Z</time></trkpt>
      <trkpt lat="43.756935" lon="-79.336144"><ele>161.8</ele><time>2026-05-31T10:15:09.000Z</time></trkpt>
      <trkpt lat="43.756908" lon="-79.336067"><ele>162</ele><time>2026-05-31T10:15:10.000Z</time></trkpt>
      <trkpt lat="43.756879" lon="-79.335993"><ele>162.2</ele><time>2026-05-31T10:15:11.000Z</time></trkpt>
      <trkpt lat="43.756846" lon="-79.335919"><ele>162.2</ele><time>2026-05-31T10:15:12.000Z</time></trkpt>
      <trkpt lat="43.756809" lon="-79.335843"><ele>162.4</ele><time>2026-05-31T10:15:13.000Z</time></trkpt>
      <trkpt lat="43.756766" lon="-79.335773"><ele>162.4</ele><time>2026-05-31T10:15:14.000Z</time></trkpt>
      <trkpt lat="43.756716" lon="-79.335707"><ele>162.4</ele><time>2026-05-31T10:15:15.000Z</time></trkpt>
      <trkpt lat="43.75666" lon="-79.335639"><ele>162.2</ele><time>2026-05-31T10:15:16.000Z</time></trkpt>
      <trkpt lat="43.756601" lon="-79.335575"><ele>162.2</ele><time>2026-05-31T10:15:17.000Z</time></trkpt>
      <trkpt lat="43.756536" lon="-79.335518"><ele>162</ele><time>2026-05-31T10:15:18.000Z</time></trkpt>
      <trkpt lat="43.756465" lon="-79.335465"><ele>161.8</ele><time>2026-05-31T10:15:19.000Z</time></trkpt>
      <trkpt lat="43.756389" lon="-79.335417"><ele>161.6</ele><time>2026-05-31T10:15:20.000Z</time></trkpt>
      <trkpt lat="43.75631" lon="-79.33537"><ele>161.4</ele><time>2026-05-31T10:15:21.000Z</time></trkpt>
      <trkpt lat="43.75623" lon="-79.335324"><ele>161</ele><time>2026-05-31T10:15:22.000Z</time></trkpt>
      <trkpt lat="43.756148" lon="-79.335275"><ele>160.8</ele><time>2026-05-31T10:15:23.000Z</time></trkpt>
      <trkpt lat="43.756062" lon="-79.335228"><ele>160.4</ele><time>2026-05-31T10:15:24.000Z</time></trkpt>
      <trkpt lat="43.755974" lon="-79.335188"><ele>160.2</ele><time>2026-05-31T10:15:25.000Z</time></trkpt>
      <trkpt lat="43.755884" lon="-79.33515"><ele>159.8</ele><time>2026-05-31T10:15:26.000Z</time></trkpt>
      <trkpt lat="43.755792" lon="-79.335109"><ele>159.4</ele><time>2026-05-31T10:15:27.000Z</time></trkpt>
      <trkpt lat="43.755698" lon="-79.335065"><ele>159</ele><time>2026-05-31T10:15:28.000Z</time></trkpt>
      <trkpt lat="43.755603" lon="-79.335022"><ele>158.4</ele><time>2026-05-31T10:15:29.000Z</time></trkpt>
      <trkpt lat="43.755504" lon="-79.334983"><ele>158</ele><time>2026-05-31T10:15:30.000Z</time></trkpt>
      <trkpt lat="43.755401" lon="-79.334943"><ele>157.6</ele><time>2026-05-31T10:15:31.000Z</time></trkpt>
      <trkpt lat="43.755297" lon="-79.334903"><ele>157.2</ele><time>2026-05-31T10:15:32.000Z</time></trkpt>
      <trkpt lat="43.75519" lon="-79.334861"><ele>156.8</ele><time>2026-05-31T10:15:33.000Z</time></trkpt>
      <trkpt lat="43.75508" lon="-79.334818"><ele>156.4</ele><time>2026-05-31T10:15:34.000Z</time></trkpt>
      <trkpt lat="43.754968" lon="-79.334776"><ele>156</ele><time>2026-05-31T10:15:35.000Z</time></trkpt>
      <trkpt lat="43.754856" lon="-79.334739"><ele>155.6</ele><time>2026-05-31T10:15:36.000Z</time></trkpt>
      <trkpt lat="43.754743" lon="-79.334702"><ele>155.2</ele><time>2026-05-31T10:15:37.000Z</time></trkpt>
      <trkpt lat="43.75463" lon="-79.334663"><ele>154.8</ele><time>2026-05-31T10:15:38.000Z</time></trkpt>
      <trkpt lat="43.754514" lon="-79.334625"><ele>154.6</ele><time>2026-05-31T10:15:39.000Z</time></trkpt>
      <trkpt lat="43.754395" lon="-79.334587"><ele>153.8</ele><time>2026-05-31T10:15:40.000Z</time></trkpt>
      <trkpt lat="43.754277" lon="-79.33455"><ele>153</ele><time>2026-05-31T10:15:41.000Z</time></trkpt>
      <trkpt lat="43.754157" lon="-79.334516"><ele>152.4</ele><time>2026-05-31T10:15:42.000Z</time></trkpt>
      <trkpt lat="43.754036" lon="-79.334481"><ele>151.8</ele><time>2026-05-31T10:15:43.000Z</time></trkpt>
      <trkpt lat="43.753915" lon="-79.334445"><ele>151.4</ele><time>2026-05-31T10:15:44.000Z</time></trkpt>
      <trkpt lat="43.753792" lon="-79.33441"><ele>151</ele><time>2026-05-31T10:15:45.000Z</time></trkpt>
      <trkpt lat="43.753666" lon="-79.334374"><ele>150.6</ele><time>2026-05-31T10:15:46.000Z</time></trkpt>
      <trkpt lat="43.753542" lon="-79.334339"><ele>150</ele><time>2026-05-31T10:15:47.000Z</time></trkpt>
      <trkpt lat="43.753415" lon="-79.334301"><ele>149.4</ele><time>2026-05-31T10:15:48.000Z</time></trkpt>
      <trkpt lat="43.753288" lon="-79.334268"><ele>149</ele><time>2026-05-31T10:15:49.000Z</time></trkpt>
      <trkpt lat="43.753158" lon="-79.33423"><ele>148.4</ele><time>2026-05-31T10:15:50.000Z</time></trkpt>
      <trkpt lat="43.753032" lon="-79.334185"><ele>147.6</ele><time>2026-05-31T10:15:51.000Z</time></trkpt>
      <trkpt lat="43.752902" lon="-79.334149"><ele>147</ele><time>2026-05-31T10:15:52.000Z</time></trkpt>
      <trkpt lat="43.75277" lon="-79.334115"><ele>146</ele><time>2026-05-31T10:15:53.000Z</time></trkpt>
      <trkpt lat="43.752636" lon="-79.334088"><ele>145.4</ele><time>2026-05-31T10:15:54.000Z</time></trkpt>
      <trkpt lat="43.7525" lon="-79.334061"><ele>144.8</ele><time>2026-05-31T10:15:55.000Z</time></trkpt>
      <trkpt lat="43.752362" lon="-79.334035"><ele>144.2</ele><time>2026-05-31T10:15:56.000Z</time></trkpt>
      <trkpt lat="43.752224" lon="-79.334005"><ele>143.6</ele><time>2026-05-31T10:15:57.000Z</time></trkpt>
      <trkpt lat="43.752086" lon="-79.333975"><ele>143</ele><time>2026-05-31T10:15:58.000Z</time></trkpt>
      <trkpt lat="43.751948" lon="-79.33395"><ele>142.4</ele><time>2026-05-31T10:15:59.000Z</time></trkpt>
      <trkpt lat="43.751809" lon="-79.333925"><ele>141.8</ele><time>2026-05-31T10:16:00.000Z</time></trkpt>
      <trkpt lat="43.751668" lon="-79.3339"><ele>141.2</ele><time>2026-05-31T10:16:01.000Z</time></trkpt>
      <trkpt lat="43.751524" lon="-79.333876"><ele>140.6</ele><time>2026-05-31T10:16:02.000Z</time></trkpt>
      <trkpt lat="43.751383" lon="-79.333853"><ele>140</ele><time>2026-05-31T10:16:03.000Z</time></trkpt>
      <trkpt lat="43.751241" lon="-79.333834"><ele>139.6</ele><time>2026-05-31T10:16:04.000Z</time></trkpt>
      <trkpt lat="43.751098" lon="-79.333815"><ele>139</ele><time>2026-05-31T10:16:05.000Z</time></trkpt>
      <trkpt lat="43.750955" lon="-79.333797"><ele>138.2</ele><time>2026-05-31T10:16:06.000Z</time></trkpt>
      <trkpt lat="43.750813" lon="-79.33378"><ele>137.6</ele><time>2026-05-31T10:16:07.000Z</time></trkpt>
      <trkpt lat="43.750671" lon="-79.333766"><ele>137</ele><time>2026-05-31T10:16:08.000Z</time></trkpt>
      <trkpt lat="43.750531" lon="-79.333752"><ele>136.6</ele><time>2026-05-31T10:16:09.000Z</time></trkpt>
      <trkpt lat="43.750393" lon="-79.333739"><ele>136</ele><time>2026-05-31T10:16:10.000Z</time></trkpt>
      <trkpt lat="43.750253" lon="-79.333723"><ele>135.4</ele><time>2026-05-31T10:16:11.000Z</time></trkpt>
      <trkpt lat="43.750118" lon="-79.333708"><ele>135</ele><time>2026-05-31T10:16:12.000Z</time></trkpt>
      <trkpt lat="43.74998" lon="-79.333698"><ele>134.6</ele><time>2026-05-31T10:16:13.000Z</time></trkpt>
      <trkpt lat="43.74984" lon="-79.333689"><ele>134</ele><time>2026-05-31T10:16:14.000Z</time></trkpt>
      <trkpt lat="43.749706" lon="-79.33368"><ele>133.8</ele><time>2026-05-31T10:16:15.000Z</time></trkpt>
      <trkpt lat="43.749574" lon="-79.333673"><ele>133.6</ele><time>2026-05-31T10:16:16.000Z</time></trkpt>
      <trkpt lat="43.749445" lon="-79.33366"><ele>133.4</ele><time>2026-05-31T10:16:17.000Z</time></trkpt>
      <trkpt lat="43.74932" lon="-79.333651"><ele>133.2</ele><time>2026-05-31T10:16:18.000Z</time></trkpt>
      <trkpt lat="43.749199" lon="-79.333643"><ele>133.2</ele><time>2026-05-31T10:16:19.000Z</time></trkpt>
      <trkpt lat="43.749078" lon="-79.333634"><ele>133</ele><time>2026-05-31T10:16:20.000Z</time></trkpt>
      <trkpt lat="43.748956" lon="-79.333626"><ele>133</ele><time>2026-05-31T10:16:21.000Z</time></trkpt>
      <trkpt lat="43.748836" lon="-79.333615"><ele>132.8</ele><time>2026-05-31T10:16:22.000Z</time></trkpt>
      <trkpt lat="43.748724" lon="-79.333606"><ele>132.8</ele><time>2026-05-31T10:16:23.000Z</time></trkpt>
      <trkpt lat="43.748612" lon="-79.333598"><ele>132.6</ele><time>2026-05-31T10:16:24.000Z</time></trkpt>
      <trkpt lat="43.748496" lon="-79.33359"><ele>132.8</ele><time>2026-05-31T10:16:25.000Z</time></trkpt>
      <trkpt lat="43.748381" lon="-79.333584"><ele>132.8</ele><time>2026-05-31T10:16:26.000Z</time></trkpt>
      <trkpt lat="43.748267" lon="-79.333577"><ele>132.8</ele><time>2026-05-31T10:16:27.000Z</time></trkpt>
      <trkpt lat="43.748151" lon="-79.333568"><ele>132.6</ele><time>2026-05-31T10:16:28.000Z</time></trkpt>
      <trkpt lat="43.748036" lon="-79.333559"><ele>132.6</ele><time>2026-05-31T10:16:29.000Z</time></trkpt>
      <trkpt lat="43.747923" lon="-79.333549"><ele>132.6</ele><time>2026-05-31T10:16:30.000Z</time></trkpt>
      <trkpt lat="43.747808" lon="-79.333538"><ele>132.6</ele><time>2026-05-31T10:16:31.000Z</time></trkpt>
      <trkpt lat="43.747695" lon="-79.333528"><ele>132.6</ele><time>2026-05-31T10:16:32.000Z</time></trkpt>
      <trkpt lat="43.747583" lon="-79.333515"><ele>132.8</ele><time>2026-05-31T10:16:33.000Z</time></trkpt>
      <trkpt lat="43.74747" lon="-79.3335"><ele>132.8</ele><time>2026-05-31T10:16:34.000Z</time></trkpt>
      <trkpt lat="43.747359" lon="-79.333485"><ele>132.6</ele><time>2026-05-31T10:16:35.000Z</time></trkpt>
      <trkpt lat="43.74725" lon="-79.333469"><ele>132.6</ele><time>2026-05-31T10:16:36.000Z</time></trkpt>
      <trkpt lat="43.747141" lon="-79.333453"><ele>132.6</ele><time>2026-05-31T10:16:37.000Z</time></trkpt>
      <trkpt lat="43.747031" lon="-79.33343"><ele>132.4</ele><time>2026-05-31T10:16:38.000Z</time></trkpt>
      <trkpt lat="43.746918" lon="-79.33341"><ele>132.4</ele><time>2026-05-31T10:16:39.000Z</time></trkpt>
      <trkpt lat="43.746808" lon="-79.333387"><ele>132.4</ele><time>2026-05-31T10:16:40.000Z</time></trkpt>
      <trkpt lat="43.746699" lon="-79.333364"><ele>132.4</ele><time>2026-05-31T10:16:41.000Z</time></trkpt>
      <trkpt lat="43.746593" lon="-79.33334"><ele>132.4</ele><time>2026-05-31T10:16:42.000Z</time></trkpt>
      <trkpt lat="43.746487" lon="-79.333315"><ele>132.2</ele><time>2026-05-31T10:16:43.000Z</time></trkpt>
      <trkpt lat="43.746383" lon="-79.333292"><ele>132.2</ele><time>2026-05-31T10:16:44.000Z</time></trkpt>
      <trkpt lat="43.746278" lon="-79.333268"><ele>132.2</ele><time>2026-05-31T10:16:45.000Z</time></trkpt>
      <trkpt lat="43.746174" lon="-79.333243"><ele>132</ele><time>2026-05-31T10:16:46.000Z</time></trkpt>
      <trkpt lat="43.746071" lon="-79.333219"><ele>132</ele><time>2026-05-31T10:16:47.000Z</time></trkpt>
      <trkpt lat="43.745968" lon="-79.333195"><ele>132</ele><time>2026-05-31T10:16:48.000Z</time></trkpt>
      <trkpt lat="43.745861" lon="-79.333169"><ele>132</ele><time>2026-05-31T10:16:49.000Z</time></trkpt>
      <trkpt lat="43.745757" lon="-79.333142"><ele>132</ele><time>2026-05-31T10:16:50.000Z</time></trkpt>
      <trkpt lat="43.745651" lon="-79.333116"><ele>132</ele><time>2026-05-31T10:16:51.000Z</time></trkpt>
      <trkpt lat="43.745545" lon="-79.33309"><ele>132</ele><time>2026-05-31T10:16:52.000Z</time></trkpt>
      <trkpt lat="43.745441" lon="-79.333062"><ele>132</ele><time>2026-05-31T10:16:53.000Z</time></trkpt>
      <trkpt lat="43.745339" lon="-79.333038"><ele>132</ele><time>2026-05-31T10:16:54.000Z</time></trkpt>
      <trkpt lat="43.745237" lon="-79.333014"><ele>131.8</ele><time>2026-05-31T10:16:55.000Z</time></trkpt>
      <trkpt lat="43.745134" lon="-79.332989"><ele>131.8</ele><time>2026-05-31T10:16:56.000Z</time></trkpt>
      <trkpt lat="43.745031" lon="-79.332968"><ele>131.8</ele><time>2026-05-31T10:16:57.000Z</time></trkpt>
      <trkpt lat="43.744932" lon="-79.332945"><ele>131.8</ele><time>2026-05-31T10:16:58.000Z</time></trkpt>
      <trkpt lat="43.744832" lon="-79.332918"><ele>131.6</ele><time>2026-05-31T10:16:59.000Z</time></trkpt>
      <trkpt lat="43.744733" lon="-79.332891"><ele>131.6</ele><time>2026-05-31T10:17:00.000Z</time></trkpt>
      <trkpt lat="43.744637" lon="-79.332864"><ele>131.8</ele><time>2026-05-31T10:17:01.000Z</time></trkpt>
      <trkpt lat="43.744537" lon="-79.332838"><ele>131.8</ele><time>2026-05-31T10:17:02.000Z</time></trkpt>
      <trkpt lat="43.744439" lon="-79.332814"><ele>131.8</ele><time>2026-05-31T10:17:03.000Z</time></trkpt>
      <trkpt lat="43.744343" lon="-79.332787"><ele>131.8</ele><time>2026-05-31T10:17:04.000Z</time></trkpt>
      <trkpt lat="43.744248" lon="-79.33276"><ele>131.8</ele><time>2026-05-31T10:17:05.000Z</time></trkpt>
      <trkpt lat="43.744149" lon="-79.332732"><ele>131.6</ele><time>2026-05-31T10:17:06.000Z</time></trkpt>
      <trkpt lat="43.744051" lon="-79.332705"><ele>131.6</ele><time>2026-05-31T10:17:07.000Z</time></trkpt>
      <trkpt lat="43.743953" lon="-79.332678"><ele>131.6</ele><time>2026-05-31T10:17:08.000Z</time></trkpt>
      <trkpt lat="43.743855" lon="-79.332653"><ele>131.4</ele><time>2026-05-31T10:17:09.000Z</time></trkpt>
      <trkpt lat="43.743755" lon="-79.332625"><ele>131.2</ele><time>2026-05-31T10:17:10.000Z</time></trkpt>
      <trkpt lat="43.743655" lon="-79.332597"><ele>131</ele><time>2026-05-31T10:17:11.000Z</time></trkpt>
      <trkpt lat="43.743551" lon="-79.332573"><ele>130.8</ele><time>2026-05-31T10:17:12.000Z</time></trkpt>
      <trkpt lat="43.743447" lon="-79.332549"><ele>130.6</ele><time>2026-05-31T10:17:13.000Z</time></trkpt>
      <trkpt lat="43.743343" lon="-79.332521"><ele>130.2</ele><time>2026-05-31T10:17:14.000Z</time></trkpt>
      <trkpt lat="43.743237" lon="-79.332496"><ele>129.8</ele><time>2026-05-31T10:17:15.000Z</time></trkpt>
      <trkpt lat="43.74313" lon="-79.332471"><ele>129.2</ele><time>2026-05-31T10:17:16.000Z</time></trkpt>
      <trkpt lat="43.743019" lon="-79.332446"><ele>128.8</ele><time>2026-05-31T10:17:17.000Z</time></trkpt>
      <trkpt lat="43.742908" lon="-79.33242"><ele>128.4</ele><time>2026-05-31T10:17:18.000Z</time></trkpt>
      <trkpt lat="43.742797" lon="-79.332394"><ele>128</ele><time>2026-05-31T10:17:19.000Z</time></trkpt>
      <trkpt lat="43.742683" lon="-79.332373"><ele>127.6</ele><time>2026-05-31T10:17:20.000Z</time></trkpt>
      <trkpt lat="43.742567" lon="-79.332351"><ele>127</ele><time>2026-05-31T10:17:21.000Z</time></trkpt>
      <trkpt lat="43.742448" lon="-79.332331"><ele>126.6</ele><time>2026-05-31T10:17:22.000Z</time></trkpt>
      <trkpt lat="43.742329" lon="-79.332311"><ele>126</ele><time>2026-05-31T10:17:23.000Z</time></trkpt>
      <trkpt lat="43.742213" lon="-79.332293"><ele>125.4</ele><time>2026-05-31T10:17:24.000Z</time></trkpt>
      <trkpt lat="43.742093" lon="-79.332284"><ele>124.8</ele><time>2026-05-31T10:17:25.000Z</time></trkpt>
      <trkpt lat="43.74197" lon="-79.332282"><ele>124</ele><time>2026-05-31T10:17:26.000Z</time></trkpt>
      <trkpt lat="43.741845" lon="-79.33228"><ele>123.8</ele><time>2026-05-31T10:17:27.000Z</time></trkpt>
      <trkpt lat="43.74172" lon="-79.332275"><ele>123.2</ele><time>2026-05-31T10:17:28.000Z</time></trkpt>
      <trkpt lat="43.741595" lon="-79.332271"><ele>122.6</ele><time>2026-05-31T10:17:29.000Z</time></trkpt>
      <trkpt lat="43.741471" lon="-79.332269"><ele>122.2</ele><time>2026-05-31T10:17:30.000Z</time></trkpt>
      <trkpt lat="43.741347" lon="-79.332261"><ele>121.8</ele><time>2026-05-31T10:17:31.000Z</time></trkpt>
      <trkpt lat="43.741225" lon="-79.332257"><ele>121.4</ele><time>2026-05-31T10:17:32.000Z</time></trkpt>
      <trkpt lat="43.7411" lon="-79.332256"><ele>121</ele><time>2026-05-31T10:17:33.000Z</time></trkpt>
      <trkpt lat="43.740976" lon="-79.332259"><ele>120.6</ele><time>2026-05-31T10:17:34.000Z</time></trkpt>
      <trkpt lat="43.740852" lon="-79.332265"><ele>120.2</ele><time>2026-05-31T10:17:35.000Z</time></trkpt>
      <trkpt lat="43.740729" lon="-79.332268"><ele>119.6</ele><time>2026-05-31T10:17:36.000Z</time></trkpt>
      <trkpt lat="43.740605" lon="-79.332265"><ele>119.2</ele><time>2026-05-31T10:17:37.000Z</time></trkpt>
      <trkpt lat="43.74048" lon="-79.332266"><ele>119</ele><time>2026-05-31T10:17:38.000Z</time></trkpt>
      <trkpt lat="43.740357" lon="-79.332263"><ele>118.4</ele><time>2026-05-31T10:17:39.000Z</time></trkpt>
      <trkpt lat="43.740233" lon="-79.332262"><ele>117.8</ele><time>2026-05-31T10:17:40.000Z</time></trkpt>
      <trkpt lat="43.740107" lon="-79.332262"><ele>117.2</ele><time>2026-05-31T10:17:41.000Z</time></trkpt>
      <trkpt lat="43.739979" lon="-79.332262"><ele>116.6</ele><time>2026-05-31T10:17:42.000Z</time></trkpt>
      <trkpt lat="43.73985" lon="-79.332262"><ele>116.2</ele><time>2026-05-31T10:17:43.000Z</time></trkpt>
      <trkpt lat="43.739714" lon="-79.332263"><ele>115.6</ele><time>2026-05-31T10:17:44.000Z</time></trkpt>
      <trkpt lat="43.739581" lon="-79.332265"><ele>115</ele><time>2026-05-31T10:17:45.000Z</time></trkpt>
      <trkpt lat="43.739447" lon="-79.332265"><ele>114.4</ele><time>2026-05-31T10:17:46.000Z</time></trkpt>
      <trkpt lat="43.739316" lon="-79.33226"><ele>113.8</ele><time>2026-05-31T10:17:47.000Z</time></trkpt>
      <trkpt lat="43.739188" lon="-79.332258"><ele>113.2</ele><time>2026-05-31T10:17:48.000Z</time></trkpt>
      <trkpt lat="43.73905" lon="-79.33226"><ele>112.6</ele><time>2026-05-31T10:17:49.000Z</time></trkpt>
      <trkpt lat="43.738914" lon="-79.332267"><ele>112</ele><time>2026-05-31T10:17:50.000Z</time></trkpt>
      <trkpt lat="43.738783" lon="-79.33227"><ele>111.6</ele><time>2026-05-31T10:17:51.000Z</time></trkpt>
      <trkpt lat="43.738653" lon="-79.332271"><ele>111.2</ele><time>2026-05-31T10:17:52.000Z</time></trkpt>
      <trkpt lat="43.738527" lon="-79.332275"><ele>110.8</ele><time>2026-05-31T10:17:53.000Z</time></trkpt>
      <trkpt lat="43.738406" lon="-79.332278"><ele>110.4</ele><time>2026-05-31T10:17:54.000Z</time></trkpt>
      <trkpt lat="43.738287" lon="-79.33228"><ele>110.4</ele><time>2026-05-31T10:17:55.000Z</time></trkpt>
      <trkpt lat="43.738171" lon="-79.332285"><ele>110.2</ele><time>2026-05-31T10:17:56.000Z</time></trkpt>
      <trkpt lat="43.738056" lon="-79.332288"><ele>110.2</ele><time>2026-05-31T10:17:57.000Z</time></trkpt>
      <trkpt lat="43.73794" lon="-79.332291"><ele>110.2</ele><time>2026-05-31T10:17:58.000Z</time></trkpt>
      <trkpt lat="43.737824" lon="-79.33229"><ele>110.2</ele><time>2026-05-31T10:17:59.000Z</time></trkpt>
      <trkpt lat="43.737712" lon="-79.332285"><ele>110.2</ele><time>2026-05-31T10:18:00.000Z</time></trkpt>
      <trkpt lat="43.737603" lon="-79.332277"><ele>110.2</ele><time>2026-05-31T10:18:01.000Z</time></trkpt>
      <trkpt lat="43.737494" lon="-79.332266"><ele>110.2</ele><time>2026-05-31T10:18:02.000Z</time></trkpt>
      <trkpt lat="43.73739" lon="-79.332253"><ele>110.2</ele><time>2026-05-31T10:18:03.000Z</time></trkpt>
      <trkpt lat="43.737285" lon="-79.332235"><ele>110.2</ele><time>2026-05-31T10:18:04.000Z</time></trkpt>
      <trkpt lat="43.737179" lon="-79.332219"><ele>110</ele><time>2026-05-31T10:18:05.000Z</time></trkpt>
      <trkpt lat="43.737073" lon="-79.332205"><ele>110</ele><time>2026-05-31T10:18:06.000Z</time></trkpt>
      <trkpt lat="43.736967" lon="-79.332195"><ele>110</ele><time>2026-05-31T10:18:07.000Z</time></trkpt>
      <trkpt lat="43.736861" lon="-79.332184"><ele>109.8</ele><time>2026-05-31T10:18:08.000Z</time></trkpt>
      <trkpt lat="43.736758" lon="-79.332175"><ele>109.8</ele><time>2026-05-31T10:18:09.000Z</time></trkpt>
      <trkpt lat="43.736657" lon="-79.332163"><ele>109.8</ele><time>2026-05-31T10:18:10.000Z</time></trkpt>
      <trkpt lat="43.736553" lon="-79.33215"><ele>110</ele><time>2026-05-31T10:18:11.000Z</time></trkpt>
      <trkpt lat="43.73645" lon="-79.332136"><ele>110</ele><time>2026-05-31T10:18:12.000Z</time></trkpt>
      <trkpt lat="43.736348" lon="-79.332122"><ele>110</ele><time>2026-05-31T10:18:13.000Z</time></trkpt>
      <trkpt lat="43.73625" lon="-79.332099"><ele>110</ele><time>2026-05-31T10:18:14.000Z</time></trkpt>
      <trkpt lat="43.736153" lon="-79.33207"><ele>110</ele><time>2026-05-31T10:18:15.000Z</time></trkpt>
      <trkpt lat="43.736054" lon="-79.332041"><ele>109.8</ele><time>2026-05-31T10:18:16.000Z</time></trkpt>
      <trkpt lat="43.735956" lon="-79.332021"><ele>109.8</ele><time>2026-05-31T10:18:17.000Z</time></trkpt>
      <trkpt lat="43.735862" lon="-79.331998"><ele>109.6</ele><time>2026-05-31T10:18:18.000Z</time></trkpt>
      <trkpt lat="43.735769" lon="-79.331979"><ele>109.6</ele><time>2026-05-31T10:18:19.000Z</time></trkpt>
      <trkpt lat="43.735675" lon="-79.331961"><ele>109.4</ele><time>2026-05-31T10:18:20.000Z</time></trkpt>
      <trkpt lat="43.735583" lon="-79.331936"><ele>109.4</ele><time>2026-05-31T10:18:21.000Z</time></trkpt>
      <trkpt lat="43.735491" lon="-79.331911"><ele>109.4</ele><time>2026-05-31T10:18:22.000Z</time></trkpt>
      <trkpt lat="43.735398" lon="-79.331888"><ele>109.4</ele><time>2026-05-31T10:18:23.000Z</time></trkpt>
      <trkpt lat="43.735307" lon="-79.331865"><ele>109.4</ele><time>2026-05-31T10:18:24.000Z</time></trkpt>
      <trkpt lat="43.735219" lon="-79.331837"><ele>109.4</ele><time>2026-05-31T10:18:25.000Z</time></trkpt>
      <trkpt lat="43.735129" lon="-79.331814"><ele>109.2</ele><time>2026-05-31T10:18:26.000Z</time></trkpt>
      <trkpt lat="43.73504" lon="-79.3318"><ele>109.2</ele><time>2026-05-31T10:18:27.000Z</time></trkpt>
      <trkpt lat="43.734952" lon="-79.331786"><ele>109</ele><time>2026-05-31T10:18:28.000Z</time></trkpt>
      <trkpt lat="43.734862" lon="-79.331772"><ele>109</ele><time>2026-05-31T10:18:29.000Z</time></trkpt>
      <trkpt lat="43.734772" lon="-79.331755"><ele>108.8</ele><time>2026-05-31T10:18:30.000Z</time></trkpt>
      <trkpt lat="43.734687" lon="-79.331731"><ele>108.8</ele><time>2026-05-31T10:18:31.000Z</time></trkpt>
      <trkpt lat="43.734601" lon="-79.331711"><ele>108.8</ele><time>2026-05-31T10:18:32.000Z</time></trkpt>
      <trkpt lat="43.734518" lon="-79.331691"><ele>108.8</ele><time>2026-05-31T10:18:33.000Z</time></trkpt>
      <trkpt lat="43.734437" lon="-79.331678"><ele>108.8</ele><time>2026-05-31T10:18:34.000Z</time></trkpt>
      <trkpt lat="43.73436" lon="-79.331664"><ele>108.8</ele><time>2026-05-31T10:18:35.000Z</time></trkpt>
      <trkpt lat="43.734287" lon="-79.331645"><ele>108.8</ele><time>2026-05-31T10:18:36.000Z</time></trkpt>
      <trkpt lat="43.734216" lon="-79.331626"><ele>108.8</ele><time>2026-05-31T10:18:37.000Z</time></trkpt>
      <trkpt lat="43.73415" lon="-79.331611"><ele>109</ele><time>2026-05-31T10:18:38.000Z</time></trkpt>
      <trkpt lat="43.734078" lon="-79.331599"><ele>109</ele><time>2026-05-31T10:18:39.000Z</time></trkpt>
      <trkpt lat="43.734006" lon="-79.331588"><ele>109.2</ele><time>2026-05-31T10:18:40.000Z</time></trkpt>
      <trkpt lat="43.73394" lon="-79.331576"><ele>109.4</ele><time>2026-05-31T10:18:41.000Z</time></trkpt>
      <trkpt lat="43.733874" lon="-79.331565"><ele>109.6</ele><time>2026-05-31T10:18:42.000Z</time></trkpt>
      <trkpt lat="43.733808" lon="-79.33155"><ele>110</ele><time>2026-05-31T10:18:43.000Z</time></trkpt>
      <trkpt lat="43.733739" lon="-79.331538"><ele>110.2</ele><time>2026-05-31T10:18:44.000Z</time></trkpt>
      <trkpt lat="43.733672" lon="-79.331528"><ele>110.6</ele><time>2026-05-31T10:18:45.000Z</time></trkpt>
      <trkpt lat="43.733605" lon="-79.331517"><ele>111</ele><time>2026-05-31T10:18:46.000Z</time></trkpt>
      <trkpt lat="43.733539" lon="-79.331503"><ele>111.2</ele><time>2026-05-31T10:18:47.000Z</time></trkpt>
      <trkpt lat="43.733476" lon="-79.331492"><ele>111.4</ele><time>2026-05-31T10:18:48.000Z</time></trkpt>
      <trkpt lat="43.733415" lon="-79.331478"><ele>111.6</ele><time>2026-05-31T10:18:49.000Z</time></trkpt>
      <trkpt lat="43.733355" lon="-79.331466"><ele>112</ele><time>2026-05-31T10:18:50.000Z</time></trkpt>
      <trkpt lat="43.733292" lon="-79.331451"><ele>112.2</ele><time>2026-05-31T10:18:51.000Z</time></trkpt>
      <trkpt lat="43.733233" lon="-79.331438"><ele>112.6</ele><time>2026-05-31T10:18:52.000Z</time></trkpt>
      <trkpt lat="43.733177" lon="-79.331426"><ele>113</ele><time>2026-05-31T10:18:53.000Z</time></trkpt>
      <trkpt lat="43.733124" lon="-79.331418"><ele>113.2</ele><time>2026-05-31T10:18:54.000Z</time></trkpt>
      <trkpt lat="43.733066" lon="-79.331414"><ele>113.4</ele><time>2026-05-31T10:18:55.000Z</time></trkpt>
      <trkpt lat="43.733011" lon="-79.331403"><ele>113.6</ele><time>2026-05-31T10:18:56.000Z</time></trkpt>
      <trkpt lat="43.732956" lon="-79.331389"><ele>113.8</ele><time>2026-05-31T10:18:57.000Z</time></trkpt>
      <trkpt lat="43.732903" lon="-79.331379"><ele>113.8</ele><time>2026-05-31T10:18:58.000Z</time></trkpt>
      <trkpt lat="43.73285" lon="-79.331368"><ele>114</ele><time>2026-05-31T10:18:59.000Z</time></trkpt>
      <trkpt lat="43.732799" lon="-79.331352"><ele>114.2</ele><time>2026-05-31T10:19:00.000Z</time></trkpt>
      <trkpt lat="43.732747" lon="-79.331336"><ele>114.4</ele><time>2026-05-31T10:19:01.000Z</time></trkpt>
      <trkpt lat="43.732696" lon="-79.331322"><ele>114.8</ele><time>2026-05-31T10:19:02.000Z</time></trkpt>
      <trkpt lat="43.732647" lon="-79.33131"><ele>115</ele><time>2026-05-31T10:19:03.000Z</time></trkpt>
      <trkpt lat="43.732594" lon="-79.331305"><ele>115.2</ele><time>2026-05-31T10:19:04.000Z</time></trkpt>
      <trkpt lat="43.732543" lon="-79.331293"><ele>115.4</ele><time>2026-05-31T10:19:05.000Z</time></trkpt>
      <trkpt lat="43.732495" lon="-79.331284"><ele>115.8</ele><time>2026-05-31T10:19:06.000Z</time></trkpt>
      <trkpt lat="43.732448" lon="-79.331271"><ele>116</ele><time>2026-05-31T10:19:07.000Z</time></trkpt>
      <trkpt lat="43.732402" lon="-79.331262"><ele>116.2</ele><time>2026-05-31T10:19:08.000Z</time></trkpt>
      <trkpt lat="43.732356" lon="-79.331255"><ele>116.4</ele><time>2026-05-31T10:19:09.000Z</time></trkpt>
      <trkpt lat="43.732311" lon="-79.331248"><ele>116.6</ele><time>2026-05-31T10:19:10.000Z</time></trkpt>
      <trkpt lat="43.732266" lon="-79.331241"><ele>116.8</ele><time>2026-05-31T10:19:11.000Z</time></trkpt>
      <trkpt lat="43.732223" lon="-79.33123"><ele>117</ele><time>2026-05-31T10:19:12.000Z</time></trkpt>
      <trkpt lat="43.73218" lon="-79.331223"><ele>117.2</ele><time>2026-05-31T10:19:13.000Z</time></trkpt>
      <trkpt lat="43.732134" lon="-79.331218"><ele>117.4</ele><time>2026-05-31T10:19:14.000Z</time></trkpt>
      <trkpt lat="43.73209" lon="-79.331211"><ele>117.6</ele><time>2026-05-31T10:19:15.000Z</time></trkpt>
      <trkpt lat="43.732047" lon="-79.331201"><ele>117.8</ele><time>2026-05-31T10:19:16.000Z</time></trkpt>
      <trkpt lat="43.732005" lon="-79.331193"><ele>118</ele><time>2026-05-31T10:19:17.000Z</time></trkpt>
      <trkpt lat="43.731964" lon="-79.331189"><ele>118.2</ele><time>2026-05-31T10:19:18.000Z</time></trkpt>
      <trkpt lat="43.731922" lon="-79.331185"><ele>118.4</ele><time>2026-05-31T10:19:19.000Z</time></trkpt>
      <trkpt lat="43.731883" lon="-79.331181"><ele>118.6</ele><time>2026-05-31T10:19:20.000Z</time></trkpt>
      <trkpt lat="43.731842" lon="-79.331177"><ele>118.6</ele><time>2026-05-31T10:19:21.000Z</time></trkpt>
      <trkpt lat="43.731802" lon="-79.33117"><ele>118.8</ele><time>2026-05-31T10:19:22.000Z</time></trkpt>
      <trkpt lat="43.731761" lon="-79.331162"><ele>119</ele><time>2026-05-31T10:19:23.000Z</time></trkpt>
      <trkpt lat="43.731722" lon="-79.331159"><ele>119.2</ele><time>2026-05-31T10:19:24.000Z</time></trkpt>
      <trkpt lat="43.731686" lon="-79.331151"><ele>119.4</ele><time>2026-05-31T10:19:25.000Z</time></trkpt>
      <trkpt lat="43.73165" lon="-79.331148"><ele>119.6</ele><time>2026-05-31T10:19:26.000Z</time></trkpt>
      <trkpt lat="43.731616" lon="-79.331137"><ele>119.6</ele><time>2026-05-31T10:19:27.000Z</time></trkpt>
      <trkpt lat="43.731583" lon="-79.331129"><ele>119.8</ele><time>2026-05-31T10:19:28.000Z</time></trkpt>
      <trkpt lat="43.731549" lon="-79.331126"><ele>120</ele><time>2026-05-31T10:19:29.000Z</time></trkpt>
      <trkpt lat="43.731512" lon="-79.331121"><ele>120.2</ele><time>2026-05-31T10:19:30.000Z</time></trkpt>
      <trkpt lat="43.731475" lon="-79.331117"><ele>120.4</ele><time>2026-05-31T10:19:31.000Z</time></trkpt>
      <trkpt lat="43.731438" lon="-79.331117"><ele>120.4</ele><time>2026-05-31T10:19:32.000Z</time></trkpt>
      <trkpt lat="43.731401" lon="-79.331113"><ele>120.6</ele><time>2026-05-31T10:19:33.000Z</time></trkpt>
      <trkpt lat="43.731367" lon="-79.331106"><ele>120.8</ele><time>2026-05-31T10:19:34.000Z</time></trkpt>
      <trkpt lat="43.731333" lon="-79.331099"><ele>120.8</ele><time>2026-05-31T10:19:35.000Z</time></trkpt>
      <trkpt lat="43.731298" lon="-79.331096"><ele>121</ele><time>2026-05-31T10:19:36.000Z</time></trkpt>
      <trkpt lat="43.731264" lon="-79.331089"><ele>121.2</ele><time>2026-05-31T10:19:37.000Z</time></trkpt>
      <trkpt lat="43.731231" lon="-79.331086"><ele>121.4</ele><time>2026-05-31T10:19:38.000Z</time></trkpt>
      <trkpt lat="43.731201" lon="-79.331084"><ele>121.6</ele><time>2026-05-31T10:19:39.000Z</time></trkpt>
      <trkpt lat="43.731169" lon="-79.331078"><ele>121.6</ele><time>2026-05-31T10:19:40.000Z</time></trkpt>
      <trkpt lat="43.731135" lon="-79.331074"><ele>121.8</ele><time>2026-05-31T10:19:41.000Z</time></trkpt>
      <trkpt lat="43.7311" lon="-79.331073"><ele>122</ele><time>2026-05-31T10:19:42.000Z</time></trkpt>
      <trkpt lat="43.731067" lon="-79.331069"><ele>122</ele><time>2026-05-31T10:19:43.000Z</time></trkpt>
      <trkpt lat="43.731034" lon="-79.331066"><ele>122.2</ele><time>2026-05-31T10:19:44.000Z</time></trkpt>
      <trkpt lat="43.731" lon="-79.331062"><ele>122.4</ele><time>2026-05-31T10:19:45.000Z</time></trkpt>
      <trkpt lat="43.730966" lon="-79.331058"><ele>122.6</ele><time>2026-05-31T10:19:46.000Z</time></trkpt>
      <trkpt lat="43.730932" lon="-79.331053"><ele>122.6</ele><time>2026-05-31T10:19:47.000Z</time></trkpt>
      <trkpt lat="43.7309" lon="-79.331044"><ele>122.8</ele><time>2026-05-31T10:19:48.000Z</time></trkpt>
      <trkpt lat="43.730868" lon="-79.331035"><ele>123</ele><time>2026-05-31T10:19:49.000Z</time></trkpt>
      <trkpt lat="43.730835" lon="-79.33103"><ele>123.2</ele><time>2026-05-31T10:19:50.000Z</time></trkpt>
      <trkpt lat="43.730801" lon="-79.331022"><ele>123.2</ele><time>2026-05-31T10:19:51.000Z</time></trkpt>
      <trkpt lat="43.730765" lon="-79.331018"><ele>123.4</ele><time>2026-05-31T10:19:52.000Z</time></trkpt>
      <trkpt lat="43.730726" lon="-79.331013"><ele>123.6</ele><time>2026-05-31T10:19:53.000Z</time></trkpt>
      <trkpt lat="43.730685" lon="-79.331004"><ele>123.8</ele><time>2026-05-31T10:19:54.000Z</time></trkpt>
      <trkpt lat="43.730645" lon="-79.330994"><ele>123.8</ele><time>2026-05-31T10:19:55.000Z</time></trkpt>
      <trkpt lat="43.730614" lon="-79.330991"><ele>124</ele><time>2026-05-31T10:19:56.000Z</time></trkpt>
      <trkpt lat="43.730588" lon="-79.330986"><ele>124.2</ele><time>2026-05-31T10:19:57.000Z</time></trkpt>
      <trkpt lat="43.73056" lon="-79.330977"><ele>124.2</ele><time>2026-05-31T10:19:58.000Z</time></trkpt>
      <trkpt lat="43.730537" lon="-79.330964"><ele>124.4</ele><time>2026-05-31T10:19:59.000Z</time></trkpt>
      <trkpt lat="43.730515" lon="-79.330954"><ele>124.6</ele><time>2026-05-31T10:20:00.000Z</time></trkpt>
      <trkpt lat="43.73049" lon="-79.330943"><ele>124.6</ele><time>2026-05-31T10:20:01.000Z</time></trkpt>
      <trkpt lat="43.730471" lon="-79.330935"><ele>124.8</ele><time>2026-05-31T10:20:02.000Z</time></trkpt>
      <trkpt lat="43.730443" lon="-79.330924"><ele>125</ele><time>2026-05-31T10:20:03.000Z</time></trkpt>
      <trkpt lat="43.73041" lon="-79.330922"><ele>125.2</ele><time>2026-05-31T10:20:04.000Z</time></trkpt>
      <trkpt lat="43.730357" lon="-79.330906"><ele>125.4</ele><time>2026-05-31T10:20:05.000Z</time></trkpt>
      <trkpt lat="43.730313" lon="-79.330898"><ele>125.4</ele><time>2026-05-31T10:20:06.000Z</time></trkpt>
      <trkpt lat="43.730281" lon="-79.330894"><ele>125.6</ele><time>2026-05-31T10:20:07.000Z</time></trkpt>
      <trkpt lat="43.730245" lon="-79.330891"><ele>125.8</ele><time>2026-05-31T10:20:08.000Z</time></trkpt>
      <trkpt lat="43.730212" lon="-79.330895"><ele>125.8</ele><time>2026-05-31T10:20:09.000Z</time></trkpt>
      <trkpt lat="43.730176" lon="-79.330899"><ele>126</ele><time>2026-05-31T10:20:10.000Z</time></trkpt>
      <trkpt lat="43.730143" lon="-79.330898"><ele>126.2</ele><time>2026-05-31T10:20:11.000Z</time></trkpt>
      <trkpt lat="43.730109" lon="-79.330899"><ele>126.4</ele><time>2026-05-31T10:20:12.000Z</time></trkpt>
      <trkpt lat="43.730074" lon="-79.330893"><ele>126.4</ele><time>2026-05-31T10:20:13.000Z</time></trkpt>
      <trkpt lat="43.730044" lon="-79.330889"><ele>126.6</ele><time>2026-05-31T10:20:14.000Z</time></trkpt>
      <trkpt lat="43.730014" lon="-79.330889"><ele>126.8</ele><time>2026-05-31T10:20:15.000Z</time></trkpt>
      <trkpt lat="43.729982" lon="-79.33089"><ele>126.8</ele><time>2026-05-31T10:20:16.000Z</time></trkpt>
      <trkpt lat="43.729952" lon="-79.330893"><ele>127</ele><time>2026-05-31T10:20:17.000Z</time></trkpt>
      <trkpt lat="43.729919" lon="-79.330892"><ele>127.2</ele><time>2026-05-31T10:20:18.000Z</time></trkpt>
      <trkpt lat="43.729883" lon="-79.330885"><ele>127.2</ele><time>2026-05-31T10:20:19.000Z</time></trkpt>
      <trkpt lat="43.729849" lon="-79.330878"><ele>127.4</ele><time>2026-05-31T10:20:20.000Z</time></trkpt>
      <trkpt lat="43.729816" lon="-79.330867"><ele>127.6</ele><time>2026-05-31T10:20:21.000Z</time></trkpt>
      <trkpt lat="43.729783" lon="-79.33086"><ele>127.8</ele><time>2026-05-31T10:20:22.000Z</time></trkpt>
      <trkpt lat="43.729753" lon="-79.33086"><ele>127.8</ele><time>2026-05-31T10:20:23.000Z</time></trkpt>
      <trkpt lat="43.729722" lon="-79.330857"><ele>128</ele><time>2026-05-31T10:20:24.000Z</time></trkpt>
      <trkpt lat="43.729691" lon="-79.330854"><ele>128.2</ele><time>2026-05-31T10:20:25.000Z</time></trkpt>
      <trkpt lat="43.72966" lon="-79.330849"><ele>128.2</ele><time>2026-05-31T10:20:26.000Z</time></trkpt>
      <trkpt lat="43.729628" lon="-79.330845"><ele>128.4</ele><time>2026-05-31T10:20:27.000Z</time></trkpt>
      <trkpt lat="43.729595" lon="-79.330842"><ele>128.4</ele><time>2026-05-31T10:20:28.000Z</time></trkpt>
      <trkpt lat="43.72956" lon="-79.330841"><ele>128.6</ele><time>2026-05-31T10:20:29.000Z</time></trkpt>
      <trkpt lat="43.729527" lon="-79.330835"><ele>128.6</ele><time>2026-05-31T10:20:30.000Z</time></trkpt>
      <trkpt lat="43.729494" lon="-79.33083"><ele>128.8</ele><time>2026-05-31T10:20:31.000Z</time></trkpt>
      <trkpt lat="43.729459" lon="-79.330823"><ele>129</ele><time>2026-05-31T10:20:32.000Z</time></trkpt>
      <trkpt lat="43.729424" lon="-79.330818"><ele>129</ele><time>2026-05-31T10:20:33.000Z</time></trkpt>
      <trkpt lat="43.729391" lon="-79.330816"><ele>129.2</ele><time>2026-05-31T10:20:34.000Z</time></trkpt>
      <trkpt lat="43.729356" lon="-79.330814"><ele>129.2</ele><time>2026-05-31T10:20:35.000Z</time></trkpt>
      <trkpt lat="43.729323" lon="-79.330806"><ele>129.4</ele><time>2026-05-31T10:20:36.000Z</time></trkpt>
      <trkpt lat="43.729291" lon="-79.330801"><ele>129.6</ele><time>2026-05-31T10:20:37.000Z</time></trkpt>
      <trkpt lat="43.729261" lon="-79.330797"><ele>129.8</ele><time>2026-05-31T10:20:38.000Z</time></trkpt>
      <trkpt lat="43.729229" lon="-79.330795"><ele>130</ele><time>2026-05-31T10:20:39.000Z</time></trkpt>
      <trkpt lat="43.729197" lon="-79.330792"><ele>130</ele><time>2026-05-31T10:20:40.000Z</time></trkpt>
      <trkpt lat="43.729165" lon="-79.330786"><ele>130.2</ele><time>2026-05-31T10:20:41.000Z</time></trkpt>
      <trkpt lat="43.729136" lon="-79.33078"><ele>130.4</ele><time>2026-05-31T10:20:42.000Z</time></trkpt>
      <trkpt lat="43.729102" lon="-79.330774"><ele>130.6</ele><time>2026-05-31T10:20:43.000Z</time></trkpt>
      <trkpt lat="43.729067" lon="-79.33077"><ele>130.6</ele><time>2026-05-31T10:20:44.000Z</time></trkpt>
      <trkpt lat="43.729033" lon="-79.330765"><ele>130.8</ele><time>2026-05-31T10:20:45.000Z</time></trkpt>
      <trkpt lat="43.729" lon="-79.330762"><ele>130.8</ele><time>2026-05-31T10:20:46.000Z</time></trkpt>
      <trkpt lat="43.728966" lon="-79.330759"><ele>131</ele><time>2026-05-31T10:20:47.000Z</time></trkpt>
      <trkpt lat="43.728932" lon="-79.33076"><ele>131.2</ele><time>2026-05-31T10:20:48.000Z</time></trkpt>
      <trkpt lat="43.728899" lon="-79.330762"><ele>131.2</ele><time>2026-05-31T10:20:49.000Z</time></trkpt>
      <trkpt lat="43.728866" lon="-79.330762"><ele>131.4</ele><time>2026-05-31T10:20:50.000Z</time></trkpt>
      <trkpt lat="43.728833" lon="-79.33076"><ele>131.6</ele><time>2026-05-31T10:20:51.000Z</time></trkpt>
      <trkpt lat="43.728799" lon="-79.330756"><ele>131.8</ele><time>2026-05-31T10:20:52.000Z</time></trkpt>
      <trkpt lat="43.728763" lon="-79.330751"><ele>131.8</ele><time>2026-05-31T10:20:53.000Z</time></trkpt>
      <trkpt lat="43.728726" lon="-79.330745"><ele>132</ele><time>2026-05-31T10:20:54.000Z</time></trkpt>
      <trkpt lat="43.72869" lon="-79.330737"><ele>132.2</ele><time>2026-05-31T10:20:55.000Z</time></trkpt>
      <trkpt lat="43.728653" lon="-79.330731"><ele>132.2</ele><time>2026-05-31T10:20:56.000Z</time></trkpt>
      <trkpt lat="43.728618" lon="-79.330729"><ele>132.4</ele><time>2026-05-31T10:20:57.000Z</time></trkpt>
      <trkpt lat="43.728582" lon="-79.330728"><ele>132.4</ele><time>2026-05-31T10:20:58.000Z</time></trkpt>
      <trkpt lat="43.728547" lon="-79.330727"><ele>132.6</ele><time>2026-05-31T10:20:59.000Z</time></trkpt>
      <trkpt lat="43.728514" lon="-79.330727"><ele>132.6</ele><time>2026-05-31T10:21:00.000Z</time></trkpt>
      <trkpt lat="43.728477" lon="-79.330724"><ele>132.8</ele><time>2026-05-31T10:21:01.000Z</time></trkpt>
      <trkpt lat="43.728442" lon="-79.330722"><ele>132.8</ele><time>2026-05-31T10:21:02.000Z</time></trkpt>
      <trkpt lat="43.728405" lon="-79.330721"><ele>133</ele><time>2026-05-31T10:21:03.000Z</time></trkpt>
      <trkpt lat="43.72837" lon="-79.330722"><ele>133</ele><time>2026-05-31T10:21:04.000Z</time></trkpt>
      <trkpt lat="43.728333" lon="-79.330725"><ele>133</ele><time>2026-05-31T10:21:05.000Z</time></trkpt>
      <trkpt lat="43.728296" lon="-79.330726"><ele>133.2</ele><time>2026-05-31T10:21:06.000Z</time></trkpt>
      <trkpt lat="43.728258" lon="-79.330724"><ele>133.2</ele><time>2026-05-31T10:21:07.000Z</time></trkpt>
      <trkpt lat="43.728219" lon="-79.33072"><ele>133.4</ele><time>2026-05-31T10:21:08.000Z</time></trkpt>
      <trkpt lat="43.72818" lon="-79.330719"><ele>133.4</ele><time>2026-05-31T10:21:09.000Z</time></trkpt>
      <trkpt lat="43.728142" lon="-79.330715"><ele>133.6</ele><time>2026-05-31T10:21:10.000Z</time></trkpt>
      <trkpt lat="43.728106" lon="-79.330714"><ele>133.6</ele><time>2026-05-31T10:21:11.000Z</time></trkpt>
      <trkpt lat="43.728068" lon="-79.330713"><ele>133.8</ele><time>2026-05-31T10:21:12.000Z</time></trkpt>
      <trkpt lat="43.728029" lon="-79.330711"><ele>133.8</ele><time>2026-05-31T10:21:13.000Z</time></trkpt>
      <trkpt lat="43.727991" lon="-79.33071"><ele>133.8</ele><time>2026-05-31T10:21:14.000Z</time></trkpt>
      <trkpt lat="43.727952" lon="-79.330714"><ele>134</ele><time>2026-05-31T10:21:15.000Z</time></trkpt>
      <trkpt lat="43.727914" lon="-79.330717"><ele>133.8</ele><time>2026-05-31T10:21:16.000Z</time></trkpt>
      <trkpt lat="43.727876" lon="-79.330716"><ele>133.6</ele><time>2026-05-31T10:21:17.000Z</time></trkpt>
      <trkpt lat="43.727835" lon="-79.330714"><ele>133.6</ele><time>2026-05-31T10:21:18.000Z</time></trkpt>
      <trkpt lat="43.727791" lon="-79.330713"><ele>133.6</ele><time>2026-05-31T10:21:19.000Z</time></trkpt>
      <trkpt lat="43.727748" lon="-79.33071"><ele>133.8</ele><time>2026-05-31T10:21:20.000Z</time></trkpt>
      <trkpt lat="43.727704" lon="-79.330708"><ele>134</ele><time>2026-05-31T10:21:21.000Z</time></trkpt>
      <trkpt lat="43.72766" lon="-79.330706"><ele>134.4</ele><time>2026-05-31T10:21:22.000Z</time></trkpt>
      <trkpt lat="43.727611" lon="-79.330705"><ele>134.4</ele><time>2026-05-31T10:21:23.000Z</time></trkpt>
      <trkpt lat="43.727562" lon="-79.330703"><ele>134.6</ele><time>2026-05-31T10:21:24.000Z</time></trkpt>
      <trkpt lat="43.727511" lon="-79.330702"><ele>134.6</ele><time>2026-05-31T10:21:25.000Z</time></trkpt>
      <trkpt lat="43.727462" lon="-79.330696"><ele>134.8</ele><time>2026-05-31T10:21:26.000Z</time></trkpt>
      <trkpt lat="43.727414" lon="-79.330692"><ele>134.8</ele><time>2026-05-31T10:21:27.000Z</time></trkpt>
      <trkpt lat="43.727364" lon="-79.330692"><ele>135</ele><time>2026-05-31T10:21:28.000Z</time></trkpt>
      <trkpt lat="43.727312" lon="-79.330691"><ele>135</ele><time>2026-05-31T10:21:29.000Z</time></trkpt>
      <trkpt lat="43.72726" lon="-79.330693"><ele>135.2</ele><time>2026-05-31T10:21:30.000Z</time></trkpt>
      <trkpt lat="43.727208" lon="-79.330692"><ele>135.2</ele><time>2026-05-31T10:21:31.000Z</time></trkpt>
      <trkpt lat="43.727155" lon="-79.330688"><ele>135.2</ele><time>2026-05-31T10:21:32.000Z</time></trkpt>
      <trkpt lat="43.727101" lon="-79.330684"><ele>135.2</ele><time>2026-05-31T10:21:33.000Z</time></trkpt>
      <trkpt lat="43.727043" lon="-79.33068"><ele>135.2</ele><time>2026-05-31T10:21:34.000Z</time></trkpt>
      <trkpt lat="43.726987" lon="-79.330672"><ele>135</ele><time>2026-05-31T10:21:35.000Z</time></trkpt>
      <trkpt lat="43.726929" lon="-79.330666"><ele>135</ele><time>2026-05-31T10:21:36.000Z</time></trkpt>
      <trkpt lat="43.72687" lon="-79.330662"><ele>135</ele><time>2026-05-31T10:21:37.000Z</time></trkpt>
      <trkpt lat="43.726815" lon="-79.33066"><ele>134.8</ele><time>2026-05-31T10:21:38.000Z</time></trkpt>
      <trkpt lat="43.726757" lon="-79.330662"><ele>134.8</ele><time>2026-05-31T10:21:39.000Z</time></trkpt>
      <trkpt lat="43.726716" lon="-79.330657"><ele>134.8</ele><time>2026-05-31T10:21:40.000Z</time></trkpt>
      <trkpt lat="43.726679" lon="-79.330652"><ele>134.8</ele><time>2026-05-31T10:21:41.000Z</time></trkpt>
      <trkpt lat="43.726614" lon="-79.330643"><ele>134.8</ele><time>2026-05-31T10:21:42.000Z</time></trkpt>
      <trkpt lat="43.726543" lon="-79.330639"><ele>134.8</ele><time>2026-05-31T10:21:43.000Z</time></trkpt>
      <trkpt lat="43.726477" lon="-79.330639"><ele>134.8</ele><time>2026-05-31T10:21:44.000Z</time></trkpt>
      <trkpt lat="43.726412" lon="-79.330636"><ele>134.8</ele><time>2026-05-31T10:21:45.000Z</time></trkpt>
      <trkpt lat="43.726348" lon="-79.330632"><ele>134.8</ele><time>2026-05-31T10:21:46.000Z</time></trkpt>
      <trkpt lat="43.726288" lon="-79.330625"><ele>134.8</ele><time>2026-05-31T10:21:47.000Z</time></trkpt>
      <trkpt lat="43.726226" lon="-79.33062"><ele>134.8</ele><time>2026-05-31T10:21:48.000Z</time></trkpt>
      <trkpt lat="43.726165" lon="-79.330619"><ele>134.8</ele><time>2026-05-31T10:21:49.000Z</time></trkpt>
      <trkpt lat="43.7261" lon="-79.330623"><ele>135</ele><time>2026-05-31T10:21:50.000Z</time></trkpt>
      <trkpt lat="43.726035" lon="-79.330631"><ele>135</ele><time>2026-05-31T10:21:51.000Z</time></trkpt>
      <trkpt lat="43.725972" lon="-79.330631"><ele>135</ele><time>2026-05-31T10:21:52.000Z</time></trkpt>
      <trkpt lat="43.725907" lon="-79.330628"><ele>135.2</ele><time>2026-05-31T10:21:53.000Z</time></trkpt>
      <trkpt lat="43.725843" lon="-79.330622"><ele>135.2</ele><time>2026-05-31T10:21:54.000Z</time></trkpt>
      <trkpt lat="43.725779" lon="-79.33062"><ele>135.2</ele><time>2026-05-31T10:21:55.000Z</time></trkpt>
      <trkpt lat="43.725715" lon="-79.330615"><ele>135.4</ele><time>2026-05-31T10:21:56.000Z</time></trkpt>
      <trkpt lat="43.725651" lon="-79.330609"><ele>135.4</ele><time>2026-05-31T10:21:57.000Z</time></trkpt>
      <trkpt lat="43.725587" lon="-79.330605"><ele>135.4</ele><time>2026-05-31T10:21:58.000Z</time></trkpt>
      <trkpt lat="43.725521" lon="-79.330595"><ele>135.4</ele><time>2026-05-31T10:21:59.000Z</time></trkpt>
      <trkpt lat="43.725457" lon="-79.330586"><ele>135.4</ele><time>2026-05-31T10:22:00.000Z</time></trkpt>
      <trkpt lat="43.725392" lon="-79.330581"><ele>135.4</ele><time>2026-05-31T10:22:01.000Z</time></trkpt>
      <trkpt lat="43.725327" lon="-79.330579"><ele>135.4</ele><time>2026-05-31T10:22:02.000Z</time></trkpt>
      <trkpt lat="43.72526" lon="-79.330578"><ele>135.4</ele><time>2026-05-31T10:22:03.000Z</time></trkpt>
      <trkpt lat="43.725194" lon="-79.330575"><ele>135.4</ele><time>2026-05-31T10:22:04.000Z</time></trkpt>
      <trkpt lat="43.72513" lon="-79.330567"><ele>135.6</ele><time>2026-05-31T10:22:05.000Z</time></trkpt>
      <trkpt lat="43.725063" lon="-79.330563"><ele>135.6</ele><time>2026-05-31T10:22:06.000Z</time></trkpt>
      <trkpt lat="43.724994" lon="-79.330562"><ele>135.6</ele><time>2026-05-31T10:22:07.000Z</time></trkpt>
      <trkpt lat="43.724926" lon="-79.33056"><ele>135.8</ele><time>2026-05-31T10:22:08.000Z</time></trkpt>
      <trkpt lat="43.724857" lon="-79.330557"><ele>135.8</ele><time>2026-05-31T10:22:09.000Z</time></trkpt>
      <trkpt lat="43.724789" lon="-79.330555"><ele>135.8</ele><time>2026-05-31T10:22:10.000Z</time></trkpt>
      <trkpt lat="43.724721" lon="-79.330547"><ele>136</ele><time>2026-05-31T10:22:11.000Z</time></trkpt>
      <trkpt lat="43.724655" lon="-79.330536"><ele>136</ele><time>2026-05-31T10:22:12.000Z</time></trkpt>
      <trkpt lat="43.724587" lon="-79.33053"><ele>136</ele><time>2026-05-31T10:22:13.000Z</time></trkpt>
      <trkpt lat="43.724519" lon="-79.330528"><ele>136</ele><time>2026-05-31T10:22:14.000Z</time></trkpt>
      <trkpt lat="43.724451" lon="-79.330526"><ele>136</ele><time>2026-05-31T10:22:15.000Z</time></trkpt>
      <trkpt lat="43.724384" lon="-79.330525"><ele>136</ele><time>2026-05-31T10:22:16.000Z</time></trkpt>
      <trkpt lat="43.724315" lon="-79.330522"><ele>136</ele><time>2026-05-31T10:22:17.000Z</time></trkpt>
      <trkpt lat="43.724248" lon="-79.330519"><ele>136</ele><time>2026-05-31T10:22:18.000Z</time></trkpt>
      <trkpt lat="43.724181" lon="-79.330514"><ele>136</ele><time>2026-05-31T10:22:19.000Z</time></trkpt>
      <trkpt lat="43.724114" lon="-79.330509"><ele>136</ele><time>2026-05-31T10:22:20.000Z</time></trkpt>
      <trkpt lat="43.724045" lon="-79.330502"><ele>136</ele><time>2026-05-31T10:22:21.000Z</time></trkpt>
      <trkpt lat="43.723977" lon="-79.330494"><ele>136</ele><time>2026-05-31T10:22:22.000Z</time></trkpt>
      <trkpt lat="43.723908" lon="-79.330487"><ele>136</ele><time>2026-05-31T10:22:23.000Z</time></trkpt>
      <trkpt lat="43.723839" lon="-79.330478"><ele>136</ele><time>2026-05-31T10:22:24.000Z</time></trkpt>
      <trkpt lat="43.723771" lon="-79.330469"><ele>136</ele><time>2026-05-31T10:22:25.000Z</time></trkpt>
      <trkpt lat="43.723701" lon="-79.330463"><ele>136</ele><time>2026-05-31T10:22:26.000Z</time></trkpt>
      <trkpt lat="43.723633" lon="-79.330457"><ele>136</ele><time>2026-05-31T10:22:27.000Z</time></trkpt>
      <trkpt lat="43.723563" lon="-79.330448"><ele>136</ele><time>2026-05-31T10:22:28.000Z</time></trkpt>
      <trkpt lat="43.723493" lon="-79.330439"><ele>136</ele><time>2026-05-31T10:22:29.000Z</time></trkpt>
      <trkpt lat="43.723421" lon="-79.330433"><ele>135.8</ele><time>2026-05-31T10:22:30.000Z</time></trkpt>
      <trkpt lat="43.723346" lon="-79.330424"><ele>135.8</ele><time>2026-05-31T10:22:31.000Z</time></trkpt>
      <trkpt lat="43.723272" lon="-79.330412"><ele>135.6</ele><time>2026-05-31T10:22:32.000Z</time></trkpt>
      <trkpt lat="43.7232" lon="-79.330396"><ele>135.6</ele><time>2026-05-31T10:22:33.000Z</time></trkpt>
      <trkpt lat="43.723126" lon="-79.33038"><ele>135.4</ele><time>2026-05-31T10:22:34.000Z</time></trkpt>
      <trkpt lat="43.72305" lon="-79.330362"><ele>135.4</ele><time>2026-05-31T10:22:35.000Z</time></trkpt>
      <trkpt lat="43.72297" lon="-79.330346"><ele>135.2</ele><time>2026-05-31T10:22:36.000Z</time></trkpt>
      <trkpt lat="43.72289" lon="-79.33033"><ele>135</ele><time>2026-05-31T10:22:37.000Z</time></trkpt>
      <trkpt lat="43.722809" lon="-79.330311"><ele>134.8</ele><time>2026-05-31T10:22:38.000Z</time></trkpt>
      <trkpt lat="43.72273" lon="-79.330292"><ele>134.6</ele><time>2026-05-31T10:22:39.000Z</time></trkpt>
      <trkpt lat="43.722653" lon="-79.330273"><ele>134.4</ele><time>2026-05-31T10:22:40.000Z</time></trkpt>
      <trkpt lat="43.722576" lon="-79.330252"><ele>134.4</ele><time>2026-05-31T10:22:41.000Z</time></trkpt>
      <trkpt lat="43.722497" lon="-79.330231"><ele>134.2</ele><time>2026-05-31T10:22:42.000Z</time></trkpt>
      <trkpt lat="43.722417" lon="-79.330209"><ele>134</ele><time>2026-05-31T10:22:43.000Z</time></trkpt>
      <trkpt lat="43.722338" lon="-79.330186"><ele>133.8</ele><time>2026-05-31T10:22:44.000Z</time></trkpt>
      <trkpt lat="43.722259" lon="-79.330169"><ele>133.6</ele><time>2026-05-31T10:22:45.000Z</time></trkpt>
      <trkpt lat="43.722178" lon="-79.330146"><ele>133.6</ele><time>2026-05-31T10:22:46.000Z</time></trkpt>
      <trkpt lat="43.722098" lon="-79.330117"><ele>133.4</ele><time>2026-05-31T10:22:47.000Z</time></trkpt>
      <trkpt lat="43.722019" lon="-79.330087"><ele>133.2</ele><time>2026-05-31T10:22:48.000Z</time></trkpt>
      <trkpt lat="43.721937" lon="-79.330062"><ele>133</ele><time>2026-05-31T10:22:49.000Z</time></trkpt>
      <trkpt lat="43.721852" lon="-79.330038"><ele>132.8</ele><time>2026-05-31T10:22:50.000Z</time></trkpt>
      <trkpt lat="43.721766" lon="-79.330002"><ele>132.6</ele><time>2026-05-31T10:22:51.000Z</time></trkpt>
      <trkpt lat="43.72168" lon="-79.329966"><ele>132.4</ele><time>2026-05-31T10:22:52.000Z</time></trkpt>
      <trkpt lat="43.721593" lon="-79.329932"><ele>132.2</ele><time>2026-05-31T10:22:53.000Z</time></trkpt>
      <trkpt lat="43.721504" lon="-79.329899"><ele>131.8</ele><time>2026-05-31T10:22:54.000Z</time></trkpt>
      <trkpt lat="43.721416" lon="-79.329863"><ele>131.6</ele><time>2026-05-31T10:22:55.000Z</time></trkpt>
      <trkpt lat="43.721325" lon="-79.329827"><ele>131.4</ele><time>2026-05-31T10:22:56.000Z</time></trkpt>
      <trkpt lat="43.721234" lon="-79.329789"><ele>131</ele><time>2026-05-31T10:22:57.000Z</time></trkpt>
      <trkpt lat="43.721146" lon="-79.329748"><ele>130.8</ele><time>2026-05-31T10:22:58.000Z</time></trkpt>
      <trkpt lat="43.721056" lon="-79.329702"><ele>130.6</ele><time>2026-05-31T10:22:59.000Z</time></trkpt>
      <trkpt lat="43.720964" lon="-79.329657"><ele>130.4</ele><time>2026-05-31T10:23:00.000Z</time></trkpt>
      <trkpt lat="43.720871" lon="-79.329616"><ele>130.2</ele><time>2026-05-31T10:23:01.000Z</time></trkpt>
      <trkpt lat="43.720777" lon="-79.329576"><ele>130</ele><time>2026-05-31T10:23:02.000Z</time></trkpt>
      <trkpt lat="43.720681" lon="-79.329535"><ele>129.8</ele><time>2026-05-31T10:23:03.000Z</time></trkpt>
      <trkpt lat="43.720586" lon="-79.329489"><ele>129.4</ele><time>2026-05-31T10:23:04.000Z</time></trkpt>
      <trkpt lat="43.72049" lon="-79.329438"><ele>129.2</ele><time>2026-05-31T10:23:05.000Z</time></trkpt>
      <trkpt lat="43.720396" lon="-79.329388"><ele>129</ele><time>2026-05-31T10:23:06.000Z</time></trkpt>
      <trkpt lat="43.7203" lon="-79.329332"><ele>128.6</ele><time>2026-05-31T10:23:07.000Z</time></trkpt>
      <trkpt lat="43.720206" lon="-79.329272"><ele>128.4</ele><time>2026-05-31T10:23:08.000Z</time></trkpt>
      <trkpt lat="43.720113" lon="-79.329211"><ele>128</ele><time>2026-05-31T10:23:09.000Z</time></trkpt>
      <trkpt lat="43.720018" lon="-79.32915"><ele>127.8</ele><time>2026-05-31T10:23:10.000Z</time></trkpt>
      <trkpt lat="43.719922" lon="-79.32909"><ele>127.6</ele><time>2026-05-31T10:23:11.000Z</time></trkpt>
      <trkpt lat="43.719827" lon="-79.329031"><ele>127.4</ele><time>2026-05-31T10:23:12.000Z</time></trkpt>
      <trkpt lat="43.719731" lon="-79.328971"><ele>127.4</ele><time>2026-05-31T10:23:13.000Z</time></trkpt>
      <trkpt lat="43.719636" lon="-79.328913"><ele>127.2</ele><time>2026-05-31T10:23:14.000Z</time></trkpt>
      <trkpt lat="43.719541" lon="-79.328856"><ele>127.2</ele><time>2026-05-31T10:23:15.000Z</time></trkpt>
      <trkpt lat="43.719445" lon="-79.3288"><ele>127</ele><time>2026-05-31T10:23:16.000Z</time></trkpt>
      <trkpt lat="43.719349" lon="-79.32874"><ele>127</ele><time>2026-05-31T10:23:17.000Z</time></trkpt>
      <trkpt lat="43.719255" lon="-79.328676"><ele>126.8</ele><time>2026-05-31T10:23:18.000Z</time></trkpt>
      <trkpt lat="43.719163" lon="-79.32861"><ele>126.6</ele><time>2026-05-31T10:23:19.000Z</time></trkpt>
      <trkpt lat="43.71907" lon="-79.328544"><ele>126.4</ele><time>2026-05-31T10:23:20.000Z</time></trkpt>
      <trkpt lat="43.718978" lon="-79.328481"><ele>126.2</ele><time>2026-05-31T10:23:21.000Z</time></trkpt>
      <trkpt lat="43.718888" lon="-79.328418"><ele>126.2</ele><time>2026-05-31T10:23:22.000Z</time></trkpt>
      <trkpt lat="43.718797" lon="-79.328355"><ele>126</ele><time>2026-05-31T10:23:23.000Z</time></trkpt>
      <trkpt lat="43.718708" lon="-79.328293"><ele>126</ele><time>2026-05-31T10:23:24.000Z</time></trkpt>
      <trkpt lat="43.718622" lon="-79.328228"><ele>126</ele><time>2026-05-31T10:23:25.000Z</time></trkpt>
      <trkpt lat="43.718536" lon="-79.32816"><ele>126</ele><time>2026-05-31T10:23:26.000Z</time></trkpt>
      <trkpt lat="43.718453" lon="-79.328091"><ele>126.2</ele><time>2026-05-31T10:23:27.000Z</time></trkpt>
      <trkpt lat="43.71837" lon="-79.328021"><ele>126.2</ele><time>2026-05-31T10:23:28.000Z</time></trkpt>
      <trkpt lat="43.718288" lon="-79.327949"><ele>126.2</ele><time>2026-05-31T10:23:29.000Z</time></trkpt>
      <trkpt lat="43.718205" lon="-79.327877"><ele>126.4</ele><time>2026-05-31T10:23:30.000Z</time></trkpt>
      <trkpt lat="43.718123" lon="-79.327804"><ele>126.4</ele><time>2026-05-31T10:23:31.000Z</time></trkpt>
      <trkpt lat="43.718039" lon="-79.327733"><ele>126.4</ele><time>2026-05-31T10:23:32.000Z</time></trkpt>
      <trkpt lat="43.717955" lon="-79.327666"><ele>126.4</ele><time>2026-05-31T10:23:33.000Z</time></trkpt>
      <trkpt lat="43.717869" lon="-79.327602"><ele>126.4</ele><time>2026-05-31T10:23:34.000Z</time></trkpt>
      <trkpt lat="43.717786" lon="-79.327536"><ele>126.4</ele><time>2026-05-31T10:23:35.000Z</time></trkpt>
      <trkpt lat="43.717702" lon="-79.327469"><ele>126.4</ele><time>2026-05-31T10:23:36.000Z</time></trkpt>
      <trkpt lat="43.717618" lon="-79.327403"><ele>126.2</ele><time>2026-05-31T10:23:37.000Z</time></trkpt>
      <trkpt lat="43.717536" lon="-79.327335"><ele>126.2</ele><time>2026-05-31T10:23:38.000Z</time></trkpt>
      <trkpt lat="43.717456" lon="-79.32726"><ele>126</ele><time>2026-05-31T10:23:39.000Z</time></trkpt>
      <trkpt lat="43.717373" lon="-79.327187"><ele>125.8</ele><time>2026-05-31T10:23:40.000Z</time></trkpt>
      <trkpt lat="43.717292" lon="-79.327116"><ele>125.8</ele><time>2026-05-31T10:23:41.000Z</time></trkpt>
      <trkpt lat="43.717211" lon="-79.327047"><ele>125.8</ele><time>2026-05-31T10:23:42.000Z</time></trkpt>
      <trkpt lat="43.717129" lon="-79.326979"><ele>125.8</ele><time>2026-05-31T10:23:43.000Z</time></trkpt>
      <trkpt lat="43.717048" lon="-79.326914"><ele>125.8</ele><time>2026-05-31T10:23:44.000Z</time></trkpt>
      <trkpt lat="43.716967" lon="-79.326854"><ele>125.8</ele><time>2026-05-31T10:23:45.000Z</time></trkpt>
      <trkpt lat="43.716889" lon="-79.326792"><ele>125.8</ele><time>2026-05-31T10:23:46.000Z</time></trkpt>
      <trkpt lat="43.716812" lon="-79.326728"><ele>125.8</ele><time>2026-05-31T10:23:47.000Z</time></trkpt>
      <trkpt lat="43.716737" lon="-79.326663"><ele>125.8</ele><time>2026-05-31T10:23:48.000Z</time></trkpt>
      <trkpt lat="43.716661" lon="-79.326599"><ele>125.8</ele><time>2026-05-31T10:23:49.000Z</time></trkpt>
      <trkpt lat="43.716585" lon="-79.326537"><ele>125.8</ele><time>2026-05-31T10:23:50.000Z</time></trkpt>
      <trkpt lat="43.716511" lon="-79.326476"><ele>125.8</ele><time>2026-05-31T10:23:51.000Z</time></trkpt>
      <trkpt lat="43.716437" lon="-79.32642"><ele>125.6</ele><time>2026-05-31T10:23:52.000Z</time></trkpt>
      <trkpt lat="43.716362" lon="-79.32637"><ele>125.6</ele><time>2026-05-31T10:23:53.000Z</time></trkpt>
      <trkpt lat="43.716282" lon="-79.32632"><ele>125.6</ele><time>2026-05-31T10:23:54.000Z</time></trkpt>
      <trkpt lat="43.716201" lon="-79.326267"><ele>125.4</ele><time>2026-05-31T10:23:55.000Z</time></trkpt>
      <trkpt lat="43.71612" lon="-79.326208"><ele>125.2</ele><time>2026-05-31T10:23:56.000Z</time></trkpt>
      <trkpt lat="43.716036" lon="-79.326147"><ele>125.2</ele><time>2026-05-31T10:23:57.000Z</time></trkpt>
      <trkpt lat="43.715952" lon="-79.326088"><ele>125</ele><time>2026-05-31T10:23:58.000Z</time></trkpt>
      <trkpt lat="43.715867" lon="-79.326032"><ele>125</ele><time>2026-05-31T10:23:59.000Z</time></trkpt>
      <trkpt lat="43.715782" lon="-79.32598"><ele>125</ele><time>2026-05-31T10:24:00.000Z</time></trkpt>
      <trkpt lat="43.715695" lon="-79.325932"><ele>124.8</ele><time>2026-05-31T10:24:01.000Z</time></trkpt>
      <trkpt lat="43.715607" lon="-79.325883"><ele>124.8</ele><time>2026-05-31T10:24:02.000Z</time></trkpt>
      <trkpt lat="43.715516" lon="-79.325839"><ele>124.6</ele><time>2026-05-31T10:24:03.000Z</time></trkpt>
      <trkpt lat="43.715428" lon="-79.325799"><ele>124.6</ele><time>2026-05-31T10:24:04.000Z</time></trkpt>
      <trkpt lat="43.715339" lon="-79.325758"><ele>124.4</ele><time>2026-05-31T10:24:05.000Z</time></trkpt>
      <trkpt lat="43.715248" lon="-79.325719"><ele>124.2</ele><time>2026-05-31T10:24:06.000Z</time></trkpt>
      <trkpt lat="43.715154" lon="-79.325685"><ele>124.2</ele><time>2026-05-31T10:24:07.000Z</time></trkpt>
      <trkpt lat="43.715059" lon="-79.325655"><ele>124</ele><time>2026-05-31T10:24:08.000Z</time></trkpt>
      <trkpt lat="43.714964" lon="-79.325632"><ele>124</ele><time>2026-05-31T10:24:09.000Z</time></trkpt>
      <trkpt lat="43.71487" lon="-79.325607"><ele>123.8</ele><time>2026-05-31T10:24:10.000Z</time></trkpt>
      <trkpt lat="43.714778" lon="-79.325582"><ele>123.8</ele><time>2026-05-31T10:24:11.000Z</time></trkpt>
      <trkpt lat="43.714686" lon="-79.325559"><ele>123.8</ele><time>2026-05-31T10:24:12.000Z</time></trkpt>
      <trkpt lat="43.71459" lon="-79.325539"><ele>123.8</ele><time>2026-05-31T10:24:13.000Z</time></trkpt>
      <trkpt lat="43.714492" lon="-79.325526"><ele>123.6</ele><time>2026-05-31T10:24:14.000Z</time></trkpt>
      <trkpt lat="43.714393" lon="-79.325521"><ele>123.6</ele><time>2026-05-31T10:24:15.000Z</time></trkpt>
      <trkpt lat="43.714296" lon="-79.325518"><ele>123.4</ele><time>2026-05-31T10:24:16.000Z</time></trkpt>
      <trkpt lat="43.714196" lon="-79.325519"><ele>123.2</ele><time>2026-05-31T10:24:17.000Z</time></trkpt>
      <trkpt lat="43.714093" lon="-79.325521"><ele>123</ele><time>2026-05-31T10:24:18.000Z</time></trkpt>
      <trkpt lat="43.713989" lon="-79.325525"><ele>123</ele><time>2026-05-31T10:24:19.000Z</time></trkpt>
      <trkpt lat="43.713884" lon="-79.325531"><ele>122.6</ele><time>2026-05-31T10:24:20.000Z</time></trkpt>
      <trkpt lat="43.71378" lon="-79.325541"><ele>122.4</ele><time>2026-05-31T10:24:21.000Z</time></trkpt>
      <trkpt lat="43.713676" lon="-79.325556"><ele>122</ele><time>2026-05-31T10:24:22.000Z</time></trkpt>
      <trkpt lat="43.713572" lon="-79.325575"><ele>121.6</ele><time>2026-05-31T10:24:23.000Z</time></trkpt>
      <trkpt lat="43.713468" lon="-79.325601"><ele>121.4</ele><time>2026-05-31T10:24:24.000Z</time></trkpt>
      <trkpt lat="43.713365" lon="-79.32563"><ele>121</ele><time>2026-05-31T10:24:25.000Z</time></trkpt>
      <trkpt lat="43.713261" lon="-79.325662"><ele>120.8</ele><time>2026-05-31T10:24:26.000Z</time></trkpt>
      <trkpt lat="43.713155" lon="-79.325692"><ele>120.4</ele><time>2026-05-31T10:24:27.000Z</time></trkpt>
      <trkpt lat="43.713048" lon="-79.325723"><ele>120</ele><time>2026-05-31T10:24:28.000Z</time></trkpt>
      <trkpt lat="43.712943" lon="-79.325758"><ele>119.8</ele><time>2026-05-31T10:24:29.000Z</time></trkpt>
      <trkpt lat="43.712838" lon="-79.325803"><ele>119.6</ele><time>2026-05-31T10:24:30.000Z</time></trkpt>
      <trkpt lat="43.712735" lon="-79.325854"><ele>119.4</ele><time>2026-05-31T10:24:31.000Z</time></trkpt>
      <trkpt lat="43.712639" lon="-79.32591"><ele>119.2</ele><time>2026-05-31T10:24:32.000Z</time></trkpt>
      <trkpt lat="43.712533" lon="-79.325967"><ele>119</ele><time>2026-05-31T10:24:33.000Z</time></trkpt>
      <trkpt lat="43.712429" lon="-79.326029"><ele>118.6</ele><time>2026-05-31T10:24:34.000Z</time></trkpt>
      <trkpt lat="43.712327" lon="-79.326093"><ele>118.4</ele><time>2026-05-31T10:24:35.000Z</time></trkpt>
      <trkpt lat="43.712225" lon="-79.32616"><ele>118</ele><time>2026-05-31T10:24:36.000Z</time></trkpt>
      <trkpt lat="43.712125" lon="-79.326229"><ele>117.8</ele><time>2026-05-31T10:24:37.000Z</time></trkpt>
      <trkpt lat="43.712026" lon="-79.326303"><ele>117.6</ele><time>2026-05-31T10:24:38.000Z</time></trkpt>
      <trkpt lat="43.71193" lon="-79.326385"><ele>117.4</ele><time>2026-05-31T10:24:39.000Z</time></trkpt>
      <trkpt lat="43.711834" lon="-79.326469"><ele>117.2</ele><time>2026-05-31T10:24:40.000Z</time></trkpt>
      <trkpt lat="43.711741" lon="-79.326555"><ele>117</ele><time>2026-05-31T10:24:41.000Z</time></trkpt>
      <trkpt lat="43.71165" lon="-79.326649"><ele>116.6</ele><time>2026-05-31T10:24:42.000Z</time></trkpt>
      <trkpt lat="43.711562" lon="-79.326749"><ele>116.6</ele><time>2026-05-31T10:24:43.000Z</time></trkpt>
      <trkpt lat="43.711472" lon="-79.326849"><ele>116.2</ele><time>2026-05-31T10:24:44.000Z</time></trkpt>
      <trkpt lat="43.711386" lon="-79.326949"><ele>116.2</ele><time>2026-05-31T10:24:45.000Z</time></trkpt>
      <trkpt lat="43.7113" lon="-79.327054"><ele>116</ele><time>2026-05-31T10:24:46.000Z</time></trkpt>
      <trkpt lat="43.711215" lon="-79.327157"><ele>115.8</ele><time>2026-05-31T10:24:47.000Z</time></trkpt>
      <trkpt lat="43.711131" lon="-79.327265"><ele>115.4</ele><time>2026-05-31T10:24:48.000Z</time></trkpt>
      <trkpt lat="43.711046" lon="-79.327374"><ele>115.2</ele><time>2026-05-31T10:24:49.000Z</time></trkpt>
      <trkpt lat="43.710963" lon="-79.327483"><ele>115.2</ele><time>2026-05-31T10:24:50.000Z</time></trkpt>
      <trkpt lat="43.710883" lon="-79.327595"><ele>114.8</ele><time>2026-05-31T10:24:51.000Z</time></trkpt>
      <trkpt lat="43.710806" lon="-79.327708"><ele>114.4</ele><time>2026-05-31T10:24:52.000Z</time></trkpt>
      <trkpt lat="43.710732" lon="-79.327822"><ele>114.4</ele><time>2026-05-31T10:24:53.000Z</time></trkpt>
      <trkpt lat="43.710655" lon="-79.327936"><ele>114.2</ele><time>2026-05-31T10:24:54.000Z</time></trkpt>
      <trkpt lat="43.710576" lon="-79.328049"><ele>114</ele><time>2026-05-31T10:24:55.000Z</time></trkpt>
      <trkpt lat="43.710496" lon="-79.328158"><ele>114</ele><time>2026-05-31T10:24:56.000Z</time></trkpt>
      <trkpt lat="43.710414" lon="-79.328268"><ele>113.6</ele><time>2026-05-31T10:24:57.000Z</time></trkpt>
      <trkpt lat="43.710331" lon="-79.32838"><ele>113.2</ele><time>2026-05-31T10:24:58.000Z</time></trkpt>
      <trkpt lat="43.710251" lon="-79.328489"><ele>113</ele><time>2026-05-31T10:24:59.000Z</time></trkpt>
      <trkpt lat="43.710173" lon="-79.328598"><ele>112.8</ele><time>2026-05-31T10:25:00.000Z</time></trkpt>
      <trkpt lat="43.710093" lon="-79.32871"><ele>112.4</ele><time>2026-05-31T10:25:01.000Z</time></trkpt>
      <trkpt lat="43.710011" lon="-79.328818"><ele>112.2</ele><time>2026-05-31T10:25:02.000Z</time></trkpt>
      <trkpt lat="43.70993" lon="-79.328928"><ele>112</ele><time>2026-05-31T10:25:03.000Z</time></trkpt>
      <trkpt lat="43.709849" lon="-79.32904"><ele>112</ele><time>2026-05-31T10:25:04.000Z</time></trkpt>
      <trkpt lat="43.709766" lon="-79.32915"><ele>111.6</ele><time>2026-05-31T10:25:05.000Z</time></trkpt>
      <trkpt lat="43.709684" lon="-79.32926"><ele>111.4</ele><time>2026-05-31T10:25:06.000Z</time></trkpt>
      <trkpt lat="43.709602" lon="-79.329371"><ele>111.4</ele><time>2026-05-31T10:25:07.000Z</time></trkpt>
      <trkpt lat="43.70952" lon="-79.329484"><ele>111.2</ele><time>2026-05-31T10:25:08.000Z</time></trkpt>
      <trkpt lat="43.709439" lon="-79.329598"><ele>111</ele><time>2026-05-31T10:25:09.000Z</time></trkpt>
      <trkpt lat="43.709356" lon="-79.329707"><ele>110.8</ele><time>2026-05-31T10:25:10.000Z</time></trkpt>
      <trkpt lat="43.709273" lon="-79.329813"><ele>110.6</ele><time>2026-05-31T10:25:11.000Z</time></trkpt>
      <trkpt lat="43.709188" lon="-79.329916"><ele>110.6</ele><time>2026-05-31T10:25:12.000Z</time></trkpt>
      <trkpt lat="43.709102" lon="-79.330018"><ele>110.4</ele><time>2026-05-31T10:25:13.000Z</time></trkpt>
      <trkpt lat="43.709016" lon="-79.330119"><ele>110.4</ele><time>2026-05-31T10:25:14.000Z</time></trkpt>
      <trkpt lat="43.70893" lon="-79.33022"><ele>110.2</ele><time>2026-05-31T10:25:15.000Z</time></trkpt>
      <trkpt lat="43.708842" lon="-79.330319"><ele>110</ele><time>2026-05-31T10:25:16.000Z</time></trkpt>
      <trkpt lat="43.708753" lon="-79.330415"><ele>109.8</ele><time>2026-05-31T10:25:17.000Z</time></trkpt>
      <trkpt lat="43.708661" lon="-79.330505"><ele>109.6</ele><time>2026-05-31T10:25:18.000Z</time></trkpt>
      <trkpt lat="43.708565" lon="-79.330592"><ele>109.4</ele><time>2026-05-31T10:25:19.000Z</time></trkpt>
      <trkpt lat="43.70847" lon="-79.330674"><ele>109.2</ele><time>2026-05-31T10:25:20.000Z</time></trkpt>
      <trkpt lat="43.708372" lon="-79.330748"><ele>109</ele><time>2026-05-31T10:25:21.000Z</time></trkpt>
      <trkpt lat="43.70827" lon="-79.330821"><ele>108.8</ele><time>2026-05-31T10:25:22.000Z</time></trkpt>
      <trkpt lat="43.708166" lon="-79.330895"><ele>108.8</ele><time>2026-05-31T10:25:23.000Z</time></trkpt>
      <trkpt lat="43.70806" lon="-79.33096"><ele>108.6</ele><time>2026-05-31T10:25:24.000Z</time></trkpt>
      <trkpt lat="43.707952" lon="-79.331018"><ele>108.4</ele><time>2026-05-31T10:25:25.000Z</time></trkpt>
      <trkpt lat="43.707842" lon="-79.331079"><ele>108</ele><time>2026-05-31T10:25:26.000Z</time></trkpt>
      <trkpt lat="43.707733" lon="-79.331134"><ele>107.4</ele><time>2026-05-31T10:25:27.000Z</time></trkpt>
      <trkpt lat="43.707625" lon="-79.331186"><ele>107</ele><time>2026-05-31T10:25:28.000Z</time></trkpt>
      <trkpt lat="43.707514" lon="-79.331235"><ele>106.2</ele><time>2026-05-31T10:25:29.000Z</time></trkpt>
      <trkpt lat="43.707404" lon="-79.331275"><ele>105.8</ele><time>2026-05-31T10:25:30.000Z</time></trkpt>
      <trkpt lat="43.707293" lon="-79.331316"><ele>105.2</ele><time>2026-05-31T10:25:31.000Z</time></trkpt>
      <trkpt lat="43.707181" lon="-79.331357"><ele>104.8</ele><time>2026-05-31T10:25:32.000Z</time></trkpt>
      <trkpt lat="43.707068" lon="-79.331395"><ele>104.4</ele><time>2026-05-31T10:25:33.000Z</time></trkpt>
      <trkpt lat="43.706951" lon="-79.331431"><ele>104</ele><time>2026-05-31T10:25:34.000Z</time></trkpt>
      <trkpt lat="43.706834" lon="-79.331468"><ele>103.6</ele><time>2026-05-31T10:25:35.000Z</time></trkpt>
      <trkpt lat="43.706715" lon="-79.331504"><ele>103.2</ele><time>2026-05-31T10:25:36.000Z</time></trkpt>
      <trkpt lat="43.706598" lon="-79.331536"><ele>102.8</ele><time>2026-05-31T10:25:37.000Z</time></trkpt>
      <trkpt lat="43.70648" lon="-79.331569"><ele>102.6</ele><time>2026-05-31T10:25:38.000Z</time></trkpt>
      <trkpt lat="43.706368" lon="-79.331601"><ele>102.4</ele><time>2026-05-31T10:25:39.000Z</time></trkpt>
      <trkpt lat="43.706253" lon="-79.331629"><ele>102.2</ele><time>2026-05-31T10:25:40.000Z</time></trkpt>
      <trkpt lat="43.706136" lon="-79.331656"><ele>102</ele><time>2026-05-31T10:25:41.000Z</time></trkpt>
      <trkpt lat="43.706016" lon="-79.331683"><ele>102</ele><time>2026-05-31T10:25:42.000Z</time></trkpt>
      <trkpt lat="43.705893" lon="-79.331706"><ele>101.6</ele><time>2026-05-31T10:25:43.000Z</time></trkpt>
      <trkpt lat="43.705771" lon="-79.331729"><ele>101.4</ele><time>2026-05-31T10:25:44.000Z</time></trkpt>
      <trkpt lat="43.705647" lon="-79.331754"><ele>101.2</ele><time>2026-05-31T10:25:45.000Z</time></trkpt>
      <trkpt lat="43.705523" lon="-79.331781"><ele>100.8</ele><time>2026-05-31T10:25:46.000Z</time></trkpt>
      <trkpt lat="43.705399" lon="-79.331807"><ele>100.2</ele><time>2026-05-31T10:25:47.000Z</time></trkpt>
      <trkpt lat="43.705278" lon="-79.331833"><ele>99.8</ele><time>2026-05-31T10:25:48.000Z</time></trkpt>
      <trkpt lat="43.705153" lon="-79.331856"><ele>99.4</ele><time>2026-05-31T10:25:49.000Z</time></trkpt>
      <trkpt lat="43.705028" lon="-79.331878"><ele>99</ele><time>2026-05-31T10:25:50.000Z</time></trkpt>
      <trkpt lat="43.704904" lon="-79.331902"><ele>98.6</ele><time>2026-05-31T10:25:51.000Z</time></trkpt>
      <trkpt lat="43.704782" lon="-79.331928"><ele>98.2</ele><time>2026-05-31T10:25:52.000Z</time></trkpt>
      <trkpt lat="43.704658" lon="-79.331956"><ele>97.8</ele><time>2026-05-31T10:25:53.000Z</time></trkpt>
      <trkpt lat="43.704535" lon="-79.331986"><ele>97.2</ele><time>2026-05-31T10:25:54.000Z</time></trkpt>
      <trkpt lat="43.70441" lon="-79.332027"><ele>96.6</ele><time>2026-05-31T10:25:55.000Z</time></trkpt>
      <trkpt lat="43.704288" lon="-79.332071"><ele>96</ele><time>2026-05-31T10:25:56.000Z</time></trkpt>
      <trkpt lat="43.704161" lon="-79.332111"><ele>95.4</ele><time>2026-05-31T10:25:57.000Z</time></trkpt>
      <trkpt lat="43.704034" lon="-79.332149"><ele>95</ele><time>2026-05-31T10:25:58.000Z</time></trkpt>
      <trkpt lat="43.703906" lon="-79.332194"><ele>94.2</ele><time>2026-05-31T10:25:59.000Z</time></trkpt>
      <trkpt lat="43.703781" lon="-79.332245"><ele>93.8</ele><time>2026-05-31T10:26:00.000Z</time></trkpt>
      <trkpt lat="43.703659" lon="-79.332299"><ele>93.4</ele><time>2026-05-31T10:26:01.000Z</time></trkpt>
      <trkpt lat="43.703541" lon="-79.332355"><ele>93</ele><time>2026-05-31T10:26:02.000Z</time></trkpt>
      <trkpt lat="43.703429" lon="-79.332414"><ele>92.6</ele><time>2026-05-31T10:26:03.000Z</time></trkpt>
      <trkpt lat="43.703319" lon="-79.33248"><ele>92.2</ele><time>2026-05-31T10:26:04.000Z</time></trkpt>
      <trkpt lat="43.703214" lon="-79.332548"><ele>91.8</ele><time>2026-05-31T10:26:05.000Z</time></trkpt>
      <trkpt lat="43.703112" lon="-79.332619"><ele>91.6</ele><time>2026-05-31T10:26:06.000Z</time></trkpt>
      <trkpt lat="43.703012" lon="-79.332691"><ele>91.6</ele><time>2026-05-31T10:26:07.000Z</time></trkpt>
      <trkpt lat="43.702916" lon="-79.332768"><ele>91.4</ele><time>2026-05-31T10:26:08.000Z</time></trkpt>
      <trkpt lat="43.702824" lon="-79.332846"><ele>91.4</ele><time>2026-05-31T10:26:09.000Z</time></trkpt>
      <trkpt lat="43.702732" lon="-79.332924"><ele>91.4</ele><time>2026-05-31T10:26:10.000Z</time></trkpt>
      <trkpt lat="43.70264" lon="-79.333003"><ele>91.4</ele><time>2026-05-31T10:26:11.000Z</time></trkpt>
      <trkpt lat="43.702552" lon="-79.33309"><ele>91.4</ele><time>2026-05-31T10:26:12.000Z</time></trkpt>
      <trkpt lat="43.702467" lon="-79.333183"><ele>91.6</ele><time>2026-05-31T10:26:13.000Z</time></trkpt>
      <trkpt lat="43.702382" lon="-79.333277"><ele>91.8</ele><time>2026-05-31T10:26:14.000Z</time></trkpt>
      <trkpt lat="43.702302" lon="-79.333377"><ele>92</ele><time>2026-05-31T10:26:15.000Z</time></trkpt>
      <trkpt lat="43.702223" lon="-79.333478"><ele>92.2</ele><time>2026-05-31T10:26:16.000Z</time></trkpt>
      <trkpt lat="43.702145" lon="-79.333581"><ele>92.2</ele><time>2026-05-31T10:26:17.000Z</time></trkpt>
      <trkpt lat="43.702071" lon="-79.333686"><ele>92.4</ele><time>2026-05-31T10:26:18.000Z</time></trkpt>
      <trkpt lat="43.701998" lon="-79.333795"><ele>92.6</ele><time>2026-05-31T10:26:19.000Z</time></trkpt>
      <trkpt lat="43.701928" lon="-79.333907"><ele>92.6</ele><time>2026-05-31T10:26:20.000Z</time></trkpt>
      <trkpt lat="43.701859" lon="-79.33402"><ele>92.6</ele><time>2026-05-31T10:26:21.000Z</time></trkpt>
      <trkpt lat="43.701794" lon="-79.334136"><ele>92.6</ele><time>2026-05-31T10:26:22.000Z</time></trkpt>
      <trkpt lat="43.701734" lon="-79.334255"><ele>92.6</ele><time>2026-05-31T10:26:23.000Z</time></trkpt>
      <trkpt lat="43.701678" lon="-79.334374"><ele>92.6</ele><time>2026-05-31T10:26:24.000Z</time></trkpt>
      <trkpt lat="43.701621" lon="-79.334492"><ele>92.6</ele><time>2026-05-31T10:26:25.000Z</time></trkpt>
      <trkpt lat="43.701566" lon="-79.334609"><ele>92.6</ele><time>2026-05-31T10:26:26.000Z</time></trkpt>
      <trkpt lat="43.701512" lon="-79.334726"><ele>92.6</ele><time>2026-05-31T10:26:27.000Z</time></trkpt>
      <trkpt lat="43.701464" lon="-79.334847"><ele>92.6</ele><time>2026-05-31T10:26:28.000Z</time></trkpt>
      <trkpt lat="43.701416" lon="-79.33497"><ele>92.6</ele><time>2026-05-31T10:26:29.000Z</time></trkpt>
      <trkpt lat="43.70137" lon="-79.335088"><ele>92.6</ele><time>2026-05-31T10:26:30.000Z</time></trkpt>
      <trkpt lat="43.701324" lon="-79.335207"><ele>92.6</ele><time>2026-05-31T10:26:31.000Z</time></trkpt>
      <trkpt lat="43.701282" lon="-79.335328"><ele>92.4</ele><time>2026-05-31T10:26:32.000Z</time></trkpt>
      <trkpt lat="43.701239" lon="-79.335448"><ele>92.4</ele><time>2026-05-31T10:26:33.000Z</time></trkpt>
      <trkpt lat="43.701194" lon="-79.335568"><ele>92.4</ele><time>2026-05-31T10:26:34.000Z</time></trkpt>
      <trkpt lat="43.701149" lon="-79.335686"><ele>92.4</ele><time>2026-05-31T10:26:35.000Z</time></trkpt>
      <trkpt lat="43.701105" lon="-79.335804"><ele>92.6</ele><time>2026-05-31T10:26:36.000Z</time></trkpt>
      <trkpt lat="43.701061" lon="-79.335922"><ele>92.6</ele><time>2026-05-31T10:26:37.000Z</time></trkpt>
      <trkpt lat="43.701018" lon="-79.33604"><ele>92.6</ele><time>2026-05-31T10:26:38.000Z</time></trkpt>
      <trkpt lat="43.700974" lon="-79.336159"><ele>92.6</ele><time>2026-05-31T10:26:39.000Z</time></trkpt>
      <trkpt lat="43.70093" lon="-79.336276"><ele>92.6</ele><time>2026-05-31T10:26:40.000Z</time></trkpt>
      <trkpt lat="43.700888" lon="-79.336393"><ele>92.6</ele><time>2026-05-31T10:26:41.000Z</time></trkpt>
      <trkpt lat="43.700845" lon="-79.336508"><ele>92.4</ele><time>2026-05-31T10:26:42.000Z</time></trkpt>
      <trkpt lat="43.700801" lon="-79.336623"><ele>92.4</ele><time>2026-05-31T10:26:43.000Z</time></trkpt>
      <trkpt lat="43.700756" lon="-79.336734"><ele>92.4</ele><time>2026-05-31T10:26:44.000Z</time></trkpt>
      <trkpt lat="43.70071" lon="-79.336846"><ele>92.2</ele><time>2026-05-31T10:26:45.000Z</time></trkpt>
      <trkpt lat="43.700662" lon="-79.336957"><ele>92.2</ele><time>2026-05-31T10:26:46.000Z</time></trkpt>
      <trkpt lat="43.700613" lon="-79.337067"><ele>92.2</ele><time>2026-05-31T10:26:47.000Z</time></trkpt>
      <trkpt lat="43.700563" lon="-79.337176"><ele>92</ele><time>2026-05-31T10:26:48.000Z</time></trkpt>
      <trkpt lat="43.700513" lon="-79.337284"><ele>92</ele><time>2026-05-31T10:26:49.000Z</time></trkpt>
      <trkpt lat="43.70046" lon="-79.337393"><ele>92</ele><time>2026-05-31T10:26:50.000Z</time></trkpt>
      <trkpt lat="43.700408" lon="-79.337503"><ele>91.8</ele><time>2026-05-31T10:26:51.000Z</time></trkpt>
      <trkpt lat="43.700351" lon="-79.33761"><ele>91.8</ele><time>2026-05-31T10:26:52.000Z</time></trkpt>
      <trkpt lat="43.700297" lon="-79.337721"><ele>91.8</ele><time>2026-05-31T10:26:53.000Z</time></trkpt>
      <trkpt lat="43.700236" lon="-79.337815"><ele>91.8</ele><time>2026-05-31T10:26:54.000Z</time></trkpt>
      <trkpt lat="43.700178" lon="-79.33791"><ele>91.8</ele><time>2026-05-31T10:26:55.000Z</time></trkpt>
      <trkpt lat="43.700114" lon="-79.338016"><ele>91.8</ele><time>2026-05-31T10:26:56.000Z</time></trkpt>
      <trkpt lat="43.70005" lon="-79.338114"><ele>91.8</ele><time>2026-05-31T10:26:57.000Z</time></trkpt>
      <trkpt lat="43.699986" lon="-79.338207"><ele>92</ele><time>2026-05-31T10:26:58.000Z</time></trkpt>
      <trkpt lat="43.699922" lon="-79.338296"><ele>92</ele><time>2026-05-31T10:26:59.000Z</time></trkpt>
      <trkpt lat="43.699857" lon="-79.338379"><ele>92</ele><time>2026-05-31T10:27:00.000Z</time></trkpt>
      <trkpt lat="43.699798" lon="-79.338461"><ele>92.2</ele><time>2026-05-31T10:27:01.000Z</time></trkpt>
      <trkpt lat="43.69974" lon="-79.338538"><ele>92.4</ele><time>2026-05-31T10:27:02.000Z</time></trkpt>
      <trkpt lat="43.699683" lon="-79.338611"><ele>92.6</ele><time>2026-05-31T10:27:03.000Z</time></trkpt>
      <trkpt lat="43.699627" lon="-79.338677"><ele>92.6</ele><time>2026-05-31T10:27:04.000Z</time></trkpt>
      <trkpt lat="43.699573" lon="-79.338746"><ele>92.8</ele><time>2026-05-31T10:27:05.000Z</time></trkpt>
      <trkpt lat="43.699521" lon="-79.338815"><ele>93</ele><time>2026-05-31T10:27:06.000Z</time></trkpt>
      <trkpt lat="43.699473" lon="-79.33888"><ele>93</ele><time>2026-05-31T10:27:07.000Z</time></trkpt>
      <trkpt lat="43.699424" lon="-79.338942"><ele>93.2</ele><time>2026-05-31T10:27:08.000Z</time></trkpt>
      <trkpt lat="43.699376" lon="-79.339005"><ele>93.4</ele><time>2026-05-31T10:27:09.000Z</time></trkpt>
      <trkpt lat="43.699327" lon="-79.339069"><ele>93.6</ele><time>2026-05-31T10:27:10.000Z</time></trkpt>
      <trkpt lat="43.699276" lon="-79.339135"><ele>94</ele><time>2026-05-31T10:27:11.000Z</time></trkpt>
      <trkpt lat="43.699229" lon="-79.3392"><ele>94.2</ele><time>2026-05-31T10:27:12.000Z</time></trkpt>
      <trkpt lat="43.699179" lon="-79.339265"><ele>94.6</ele><time>2026-05-31T10:27:13.000Z</time></trkpt>
      <trkpt lat="43.699129" lon="-79.339328"><ele>94.8</ele><time>2026-05-31T10:27:14.000Z</time></trkpt>
      <trkpt lat="43.69908" lon="-79.339393"><ele>95</ele><time>2026-05-31T10:27:15.000Z</time></trkpt>
      <trkpt lat="43.699034" lon="-79.339458"><ele>95.2</ele><time>2026-05-31T10:27:16.000Z</time></trkpt>
      <trkpt lat="43.698988" lon="-79.33952"><ele>95.4</ele><time>2026-05-31T10:27:17.000Z</time></trkpt>
      <trkpt lat="43.698937" lon="-79.339582"><ele>95.4</ele><time>2026-05-31T10:27:18.000Z</time></trkpt>
      <trkpt lat="43.698888" lon="-79.339644"><ele>95.6</ele><time>2026-05-31T10:27:19.000Z</time></trkpt>
      <trkpt lat="43.698839" lon="-79.339706"><ele>95.8</ele><time>2026-05-31T10:27:20.000Z</time></trkpt>
      <trkpt lat="43.698793" lon="-79.339772"><ele>96</ele><time>2026-05-31T10:27:21.000Z</time></trkpt>
      <trkpt lat="43.698747" lon="-79.33984"><ele>96.2</ele><time>2026-05-31T10:27:22.000Z</time></trkpt>
      <trkpt lat="43.698699" lon="-79.339905"><ele>96.4</ele><time>2026-05-31T10:27:23.000Z</time></trkpt>
      <trkpt lat="43.698649" lon="-79.339969"><ele>96.6</ele><time>2026-05-31T10:27:24.000Z</time></trkpt>
      <trkpt lat="43.698602" lon="-79.340037"><ele>96.8</ele><time>2026-05-31T10:27:25.000Z</time></trkpt>
      <trkpt lat="43.698557" lon="-79.340105"><ele>97</ele><time>2026-05-31T10:27:26.000Z</time></trkpt>
      <trkpt lat="43.698515" lon="-79.340174"><ele>97.2</ele><time>2026-05-31T10:27:27.000Z</time></trkpt>
      <trkpt lat="43.698472" lon="-79.340242"><ele>97.2</ele><time>2026-05-31T10:27:28.000Z</time></trkpt>
      <trkpt lat="43.698429" lon="-79.340309"><ele>97.4</ele><time>2026-05-31T10:27:29.000Z</time></trkpt>
      <trkpt lat="43.698385" lon="-79.340375"><ele>97.6</ele><time>2026-05-31T10:27:30.000Z</time></trkpt>
      <trkpt lat="43.698343" lon="-79.340442"><ele>97.8</ele><time>2026-05-31T10:27:31.000Z</time></trkpt>
      <trkpt lat="43.698306" lon="-79.34051"><ele>98</ele><time>2026-05-31T10:27:32.000Z</time></trkpt>
      <trkpt lat="43.69827" lon="-79.340581"><ele>98.2</ele><time>2026-05-31T10:27:33.000Z</time></trkpt>
      <trkpt lat="43.698234" lon="-79.340653"><ele>98.4</ele><time>2026-05-31T10:27:34.000Z</time></trkpt>
      <trkpt lat="43.698201" lon="-79.340729"><ele>98.6</ele><time>2026-05-31T10:27:35.000Z</time></trkpt>
      <trkpt lat="43.698168" lon="-79.340807"><ele>98.6</ele><time>2026-05-31T10:27:36.000Z</time></trkpt>
      <trkpt lat="43.698137" lon="-79.340888"><ele>98.8</ele><time>2026-05-31T10:27:37.000Z</time></trkpt>
      <trkpt lat="43.698105" lon="-79.340967"><ele>98.8</ele><time>2026-05-31T10:27:38.000Z</time></trkpt>
      <trkpt lat="43.698074" lon="-79.341045"><ele>99</ele><time>2026-05-31T10:27:39.000Z</time></trkpt>
      <trkpt lat="43.698041" lon="-79.341122"><ele>99</ele><time>2026-05-31T10:27:40.000Z</time></trkpt>
      <trkpt lat="43.69801" lon="-79.341199"><ele>99</ele><time>2026-05-31T10:27:41.000Z</time></trkpt>
      <trkpt lat="43.697978" lon="-79.341279"><ele>99.2</ele><time>2026-05-31T10:27:42.000Z</time></trkpt>
      <trkpt lat="43.697946" lon="-79.34136"><ele>99.2</ele><time>2026-05-31T10:27:43.000Z</time></trkpt>
      <trkpt lat="43.697914" lon="-79.341437"><ele>99.4</ele><time>2026-05-31T10:27:44.000Z</time></trkpt>
      <trkpt lat="43.697887" lon="-79.341515"><ele>99.4</ele><time>2026-05-31T10:27:45.000Z</time></trkpt>
      <trkpt lat="43.697864" lon="-79.341596"><ele>99.6</ele><time>2026-05-31T10:27:46.000Z</time></trkpt>
      <trkpt lat="43.697837" lon="-79.341679"><ele>99.6</ele><time>2026-05-31T10:27:47.000Z</time></trkpt>
      <trkpt lat="43.697811" lon="-79.341759"><ele>99.6</ele><time>2026-05-31T10:27:48.000Z</time></trkpt>
      <trkpt lat="43.697788" lon="-79.34184"><ele>99.6</ele><time>2026-05-31T10:27:49.000Z</time></trkpt>
      <trkpt lat="43.697765" lon="-79.341924"><ele>99.8</ele><time>2026-05-31T10:27:50.000Z</time></trkpt>
      <trkpt lat="43.697743" lon="-79.342012"><ele>99.8</ele><time>2026-05-31T10:27:51.000Z</time></trkpt>
      <trkpt lat="43.697721" lon="-79.342098"><ele>99.8</ele><time>2026-05-31T10:27:52.000Z</time></trkpt>
      <trkpt lat="43.697702" lon="-79.342184"><ele>99.8</ele><time>2026-05-31T10:27:53.000Z</time></trkpt>
      <trkpt lat="43.697683" lon="-79.34227"><ele>99.8</ele><time>2026-05-31T10:27:54.000Z</time></trkpt>
      <trkpt lat="43.697661" lon="-79.342357"><ele>99.8</ele><time>2026-05-31T10:27:55.000Z</time></trkpt>
      <trkpt lat="43.697642" lon="-79.342443"><ele>99.8</ele><time>2026-05-31T10:27:56.000Z</time></trkpt>
      <trkpt lat="43.697626" lon="-79.342537"><ele>99.8</ele><time>2026-05-31T10:27:57.000Z</time></trkpt>
      <trkpt lat="43.697612" lon="-79.342626"><ele>99.6</ele><time>2026-05-31T10:27:58.000Z</time></trkpt>
      <trkpt lat="43.697596" lon="-79.342723"><ele>99.6</ele><time>2026-05-31T10:27:59.000Z</time></trkpt>
      <trkpt lat="43.697581" lon="-79.342819"><ele>99.4</ele><time>2026-05-31T10:28:00.000Z</time></trkpt>
      <trkpt lat="43.697569" lon="-79.342917"><ele>99.2</ele><time>2026-05-31T10:28:01.000Z</time></trkpt>
      <trkpt lat="43.697557" lon="-79.343019"><ele>99</ele><time>2026-05-31T10:28:02.000Z</time></trkpt>
      <trkpt lat="43.697546" lon="-79.343125"><ele>99</ele><time>2026-05-31T10:28:03.000Z</time></trkpt>
      <trkpt lat="43.697539" lon="-79.343231"><ele>98.8</ele><time>2026-05-31T10:28:04.000Z</time></trkpt>
      <trkpt lat="43.697533" lon="-79.343339"><ele>98.6</ele><time>2026-05-31T10:28:05.000Z</time></trkpt>
      <trkpt lat="43.697532" lon="-79.343448"><ele>98.4</ele><time>2026-05-31T10:28:06.000Z</time></trkpt>
      <trkpt lat="43.697529" lon="-79.343563"><ele>98.2</ele><time>2026-05-31T10:28:07.000Z</time></trkpt>
      <trkpt lat="43.69753" lon="-79.343679"><ele>98</ele><time>2026-05-31T10:28:08.000Z</time></trkpt>
      <trkpt lat="43.697531" lon="-79.343794"><ele>97.8</ele><time>2026-05-31T10:28:09.000Z</time></trkpt>
      <trkpt lat="43.697529" lon="-79.343906"><ele>97.8</ele><time>2026-05-31T10:28:10.000Z</time></trkpt>
      <trkpt lat="43.697531" lon="-79.344018"><ele>97.8</ele><time>2026-05-31T10:28:11.000Z</time></trkpt>
      <trkpt lat="43.697535" lon="-79.344129"><ele>97.6</ele><time>2026-05-31T10:28:12.000Z</time></trkpt>
      <trkpt lat="43.697541" lon="-79.344241"><ele>97.6</ele><time>2026-05-31T10:28:13.000Z</time></trkpt>
      <trkpt lat="43.697548" lon="-79.344352"><ele>97.6</ele><time>2026-05-31T10:28:14.000Z</time></trkpt>
      <trkpt lat="43.697556" lon="-79.344459"><ele>97.8</ele><time>2026-05-31T10:28:15.000Z</time></trkpt>
      <trkpt lat="43.697566" lon="-79.344564"><ele>97.8</ele><time>2026-05-31T10:28:16.000Z</time></trkpt>
      <trkpt lat="43.697578" lon="-79.344665"><ele>97.8</ele><time>2026-05-31T10:28:17.000Z</time></trkpt>
      <trkpt lat="43.697591" lon="-79.344768"><ele>98</ele><time>2026-05-31T10:28:18.000Z</time></trkpt>
      <trkpt lat="43.697604" lon="-79.344869"><ele>98</ele><time>2026-05-31T10:28:19.000Z</time></trkpt>
      <trkpt lat="43.697613" lon="-79.34497"><ele>98.2</ele><time>2026-05-31T10:28:20.000Z</time></trkpt>
      <trkpt lat="43.697624" lon="-79.345073"><ele>98.4</ele><time>2026-05-31T10:28:21.000Z</time></trkpt>
      <trkpt lat="43.697637" lon="-79.345179"><ele>98.4</ele><time>2026-05-31T10:28:22.000Z</time></trkpt>
      <trkpt lat="43.697651" lon="-79.345283"><ele>98.6</ele><time>2026-05-31T10:28:23.000Z</time></trkpt>
      <trkpt lat="43.697667" lon="-79.345386"><ele>98.8</ele><time>2026-05-31T10:28:24.000Z</time></trkpt>
      <trkpt lat="43.697682" lon="-79.345489"><ele>98.8</ele><time>2026-05-31T10:28:25.000Z</time></trkpt>
      <trkpt lat="43.697698" lon="-79.345589"><ele>99</ele><time>2026-05-31T10:28:26.000Z</time></trkpt>
      <trkpt lat="43.697716" lon="-79.345687"><ele>99</ele><time>2026-05-31T10:28:27.000Z</time></trkpt>
      <trkpt lat="43.697731" lon="-79.345787"><ele>99.2</ele><time>2026-05-31T10:28:28.000Z</time></trkpt>
      <trkpt lat="43.697746" lon="-79.345887"><ele>99.4</ele><time>2026-05-31T10:28:29.000Z</time></trkpt>
      <trkpt lat="43.697762" lon="-79.345989"><ele>99.4</ele><time>2026-05-31T10:28:30.000Z</time></trkpt>
      <trkpt lat="43.697775" lon="-79.346095"><ele>99.6</ele><time>2026-05-31T10:28:31.000Z</time></trkpt>
      <trkpt lat="43.697787" lon="-79.3462"><ele>99.6</ele><time>2026-05-31T10:28:32.000Z</time></trkpt>
      <trkpt lat="43.697801" lon="-79.346305"><ele>99.6</ele><time>2026-05-31T10:28:33.000Z</time></trkpt>
      <trkpt lat="43.697818" lon="-79.346412"><ele>99.6</ele><time>2026-05-31T10:28:34.000Z</time></trkpt>
      <trkpt lat="43.69783" lon="-79.346518"><ele>99.8</ele><time>2026-05-31T10:28:35.000Z</time></trkpt>
      <trkpt lat="43.697845" lon="-79.346626"><ele>99.6</ele><time>2026-05-31T10:28:36.000Z</time></trkpt>
      <trkpt lat="43.69786" lon="-79.346748"><ele>99.6</ele><time>2026-05-31T10:28:37.000Z</time></trkpt>
      <trkpt lat="43.697882" lon="-79.346877"><ele>99.4</ele><time>2026-05-31T10:28:38.000Z</time></trkpt>
      <trkpt lat="43.697902" lon="-79.347005"><ele>99</ele><time>2026-05-31T10:28:39.000Z</time></trkpt>
      <trkpt lat="43.697918" lon="-79.347133"><ele>98.8</ele><time>2026-05-31T10:28:40.000Z</time></trkpt>
      <trkpt lat="43.69793" lon="-79.347261"><ele>98.6</ele><time>2026-05-31T10:28:41.000Z</time></trkpt>
      <trkpt lat="43.697952" lon="-79.347389"><ele>98.2</ele><time>2026-05-31T10:28:42.000Z</time></trkpt>
      <trkpt lat="43.697971" lon="-79.347518"><ele>98.2</ele><time>2026-05-31T10:28:43.000Z</time></trkpt>
      <trkpt lat="43.69799" lon="-79.347641"><ele>98</ele><time>2026-05-31T10:28:44.000Z</time></trkpt>
      <trkpt lat="43.69801" lon="-79.34777"><ele>97.8</ele><time>2026-05-31T10:28:45.000Z</time></trkpt>
      <trkpt lat="43.698027" lon="-79.347895"><ele>97.6</ele><time>2026-05-31T10:28:46.000Z</time></trkpt>
      <trkpt lat="43.698042" lon="-79.348019"><ele>97.4</ele><time>2026-05-31T10:28:47.000Z</time></trkpt>
      <trkpt lat="43.698055" lon="-79.348146"><ele>97.2</ele><time>2026-05-31T10:28:48.000Z</time></trkpt>
      <trkpt lat="43.698067" lon="-79.348272"><ele>97</ele><time>2026-05-31T10:28:49.000Z</time></trkpt>
      <trkpt lat="43.698076" lon="-79.348398"><ele>96.8</ele><time>2026-05-31T10:28:50.000Z</time></trkpt>
      <trkpt lat="43.698083" lon="-79.348521"><ele>96.8</ele><time>2026-05-31T10:28:51.000Z</time></trkpt>
      <trkpt lat="43.698094" lon="-79.348646"><ele>96.6</ele><time>2026-05-31T10:28:52.000Z</time></trkpt>
      <trkpt lat="43.698105" lon="-79.348775"><ele>96.6</ele><time>2026-05-31T10:28:53.000Z</time></trkpt>
      <trkpt lat="43.698111" lon="-79.348902"><ele>96.4</ele><time>2026-05-31T10:28:54.000Z</time></trkpt>
      <trkpt lat="43.698115" lon="-79.349031"><ele>96.4</ele><time>2026-05-31T10:28:55.000Z</time></trkpt>
      <trkpt lat="43.698117" lon="-79.349169"><ele>96.2</ele><time>2026-05-31T10:28:56.000Z</time></trkpt>
      <trkpt lat="43.698115" lon="-79.349298"><ele>96.2</ele><time>2026-05-31T10:28:57.000Z</time></trkpt>
      <trkpt lat="43.69811" lon="-79.349429"><ele>96</ele><time>2026-05-31T10:28:58.000Z</time></trkpt>
      <trkpt lat="43.698106" lon="-79.349558"><ele>95.8</ele><time>2026-05-31T10:28:59.000Z</time></trkpt>
      <trkpt lat="43.698099" lon="-79.34969"><ele>95.6</ele><time>2026-05-31T10:29:00.000Z</time></trkpt>
      <trkpt lat="43.698082" lon="-79.349812"><ele>95.6</ele><time>2026-05-31T10:29:01.000Z</time></trkpt>
      <trkpt lat="43.698064" lon="-79.349948"><ele>95.4</ele><time>2026-05-31T10:29:02.000Z</time></trkpt>
      <trkpt lat="43.698049" lon="-79.350089"><ele>95.2</ele><time>2026-05-31T10:29:03.000Z</time></trkpt>
      <trkpt lat="43.698033" lon="-79.35023"><ele>95.2</ele><time>2026-05-31T10:29:04.000Z</time></trkpt>
      <trkpt lat="43.698014" lon="-79.350373"><ele>95</ele><time>2026-05-31T10:29:05.000Z</time></trkpt>
      <trkpt lat="43.697993" lon="-79.350509"><ele>95</ele><time>2026-05-31T10:29:06.000Z</time></trkpt>
      <trkpt lat="43.697972" lon="-79.350634"><ele>95</ele><time>2026-05-31T10:29:07.000Z</time></trkpt>
      <trkpt lat="43.697947" lon="-79.350754"><ele>95.2</ele><time>2026-05-31T10:29:08.000Z</time></trkpt>
      <trkpt lat="43.69792" lon="-79.35087"><ele>95.4</ele><time>2026-05-31T10:29:09.000Z</time></trkpt>
      <trkpt lat="43.697894" lon="-79.350978"><ele>95.6</ele><time>2026-05-31T10:29:10.000Z</time></trkpt>
      <trkpt lat="43.697862" lon="-79.351085"><ele>95.8</ele><time>2026-05-31T10:29:11.000Z</time></trkpt>
      <trkpt lat="43.697833" lon="-79.351189"><ele>96</ele><time>2026-05-31T10:29:12.000Z</time></trkpt>
      <trkpt lat="43.697801" lon="-79.351291"><ele>96.2</ele><time>2026-05-31T10:29:13.000Z</time></trkpt>
      <trkpt lat="43.697767" lon="-79.351391"><ele>96.4</ele><time>2026-05-31T10:29:14.000Z</time></trkpt>
      <trkpt lat="43.697735" lon="-79.351489"><ele>96.6</ele><time>2026-05-31T10:29:15.000Z</time></trkpt>
      <trkpt lat="43.697703" lon="-79.351581"><ele>97</ele><time>2026-05-31T10:29:16.000Z</time></trkpt>
      <trkpt lat="43.69767" lon="-79.351671"><ele>97.2</ele><time>2026-05-31T10:29:17.000Z</time></trkpt>
      <trkpt lat="43.697639" lon="-79.35176"><ele>97.4</ele><time>2026-05-31T10:29:18.000Z</time></trkpt>
      <trkpt lat="43.697607" lon="-79.351846"><ele>97.6</ele><time>2026-05-31T10:29:19.000Z</time></trkpt>
      <trkpt lat="43.697574" lon="-79.351928"><ele>97.8</ele><time>2026-05-31T10:29:20.000Z</time></trkpt>
      <trkpt lat="43.697543" lon="-79.352011"><ele>98</ele><time>2026-05-31T10:29:21.000Z</time></trkpt>
      <trkpt lat="43.697511" lon="-79.352087"><ele>98.4</ele><time>2026-05-31T10:29:22.000Z</time></trkpt>
      <trkpt lat="43.697474" lon="-79.352162"><ele>98.6</ele><time>2026-05-31T10:29:23.000Z</time></trkpt>
      <trkpt lat="43.697434" lon="-79.352234"><ele>98.8</ele><time>2026-05-31T10:29:24.000Z</time></trkpt>
      <trkpt lat="43.697397" lon="-79.352309"><ele>99.2</ele><time>2026-05-31T10:29:25.000Z</time></trkpt>
      <trkpt lat="43.69736" lon="-79.352379"><ele>99.4</ele><time>2026-05-31T10:29:26.000Z</time></trkpt>
      <trkpt lat="43.69732" lon="-79.352446"><ele>99.6</ele><time>2026-05-31T10:29:27.000Z</time></trkpt>
      <trkpt lat="43.697278" lon="-79.352512"><ele>99.8</ele><time>2026-05-31T10:29:28.000Z</time></trkpt>
      <trkpt lat="43.697236" lon="-79.352577"><ele>100</ele><time>2026-05-31T10:29:29.000Z</time></trkpt>
      <trkpt lat="43.697191" lon="-79.35264"><ele>100.2</ele><time>2026-05-31T10:29:30.000Z</time></trkpt>
      <trkpt lat="43.697146" lon="-79.352701"><ele>100.4</ele><time>2026-05-31T10:29:31.000Z</time></trkpt>
      <trkpt lat="43.697101" lon="-79.352763"><ele>100.4</ele><time>2026-05-31T10:29:32.000Z</time></trkpt>
      <trkpt lat="43.697055" lon="-79.352826"><ele>100.6</ele><time>2026-05-31T10:29:33.000Z</time></trkpt>
      <trkpt lat="43.697008" lon="-79.352892"><ele>100.8</ele><time>2026-05-31T10:29:34.000Z</time></trkpt>
      <trkpt lat="43.696961" lon="-79.352958"><ele>100.8</ele><time>2026-05-31T10:29:35.000Z</time></trkpt>
      <trkpt lat="43.696913" lon="-79.353025"><ele>100.8</ele><time>2026-05-31T10:29:36.000Z</time></trkpt>
      <trkpt lat="43.696862" lon="-79.353092"><ele>101</ele><time>2026-05-31T10:29:37.000Z</time></trkpt>
      <trkpt lat="43.696813" lon="-79.353158"><ele>101</ele><time>2026-05-31T10:29:38.000Z</time></trkpt>
      <trkpt lat="43.696767" lon="-79.353228"><ele>101</ele><time>2026-05-31T10:29:39.000Z</time></trkpt>
      <trkpt lat="43.69672" lon="-79.353299"><ele>101</ele><time>2026-05-31T10:29:40.000Z</time></trkpt>
      <trkpt lat="43.696673" lon="-79.353367"><ele>101</ele><time>2026-05-31T10:29:41.000Z</time></trkpt>
      <trkpt lat="43.696623" lon="-79.353432"><ele>101</ele><time>2026-05-31T10:29:42.000Z</time></trkpt>
      <trkpt lat="43.696573" lon="-79.353499"><ele>101</ele><time>2026-05-31T10:29:43.000Z</time></trkpt>
      <trkpt lat="43.696522" lon="-79.353569"><ele>101</ele><time>2026-05-31T10:29:44.000Z</time></trkpt>
      <trkpt lat="43.696468" lon="-79.353635"><ele>101</ele><time>2026-05-31T10:29:45.000Z</time></trkpt>
      <trkpt lat="43.696414" lon="-79.353703"><ele>101</ele><time>2026-05-31T10:29:46.000Z</time></trkpt>
      <trkpt lat="43.696359" lon="-79.353769"><ele>100.8</ele><time>2026-05-31T10:29:47.000Z</time></trkpt>
      <trkpt lat="43.696303" lon="-79.353837"><ele>100.8</ele><time>2026-05-31T10:29:48.000Z</time></trkpt>
      <trkpt lat="43.696246" lon="-79.353908"><ele>100.8</ele><time>2026-05-31T10:29:49.000Z</time></trkpt>
      <trkpt lat="43.696189" lon="-79.353978"><ele>100.6</ele><time>2026-05-31T10:29:50.000Z</time></trkpt>
      <trkpt lat="43.696132" lon="-79.354048"><ele>100.6</ele><time>2026-05-31T10:29:51.000Z</time></trkpt>
      <trkpt lat="43.696071" lon="-79.354116"><ele>100.6</ele><time>2026-05-31T10:29:52.000Z</time></trkpt>
      <trkpt lat="43.696006" lon="-79.354183"><ele>100.4</ele><time>2026-05-31T10:29:53.000Z</time></trkpt>
      <trkpt lat="43.695942" lon="-79.354252"><ele>100.2</ele><time>2026-05-31T10:29:54.000Z</time></trkpt>
      <trkpt lat="43.695877" lon="-79.354323"><ele>100.2</ele><time>2026-05-31T10:29:55.000Z</time></trkpt>
      <trkpt lat="43.69581" lon="-79.354397"><ele>100</ele><time>2026-05-31T10:29:56.000Z</time></trkpt>
      <trkpt lat="43.695744" lon="-79.354473"><ele>99.8</ele><time>2026-05-31T10:29:57.000Z</time></trkpt>
      <trkpt lat="43.695678" lon="-79.354554"><ele>99.8</ele><time>2026-05-31T10:29:58.000Z</time></trkpt>
      <trkpt lat="43.695612" lon="-79.354633"><ele>99.4</ele><time>2026-05-31T10:29:59.000Z</time></trkpt>
      <trkpt lat="43.695541" lon="-79.354714"><ele>99.2</ele><time>2026-05-31T10:30:00.000Z</time></trkpt>
      <trkpt lat="43.695471" lon="-79.354793"><ele>99</ele><time>2026-05-31T10:30:01.000Z</time></trkpt>
      <trkpt lat="43.695397" lon="-79.354878"><ele>98.8</ele><time>2026-05-31T10:30:02.000Z</time></trkpt>
      <trkpt lat="43.695321" lon="-79.35497"><ele>98.4</ele><time>2026-05-31T10:30:03.000Z</time></trkpt>
      <trkpt lat="43.695246" lon="-79.355059"><ele>98.2</ele><time>2026-05-31T10:30:04.000Z</time></trkpt>
      <trkpt lat="43.695171" lon="-79.355147"><ele>97.8</ele><time>2026-05-31T10:30:05.000Z</time></trkpt>
      <trkpt lat="43.695095" lon="-79.355236"><ele>97.4</ele><time>2026-05-31T10:30:06.000Z</time></trkpt>
      <trkpt lat="43.695016" lon="-79.355325"><ele>97.2</ele><time>2026-05-31T10:30:07.000Z</time></trkpt>
      <trkpt lat="43.694936" lon="-79.355415"><ele>96.8</ele><time>2026-05-31T10:30:08.000Z</time></trkpt>
      <trkpt lat="43.69486" lon="-79.35551"><ele>96.4</ele><time>2026-05-31T10:30:09.000Z</time></trkpt>
      <trkpt lat="43.694782" lon="-79.355609"><ele>96</ele><time>2026-05-31T10:30:10.000Z</time></trkpt>
      <trkpt lat="43.694702" lon="-79.355702"><ele>95.8</ele><time>2026-05-31T10:30:11.000Z</time></trkpt>
      <trkpt lat="43.694621" lon="-79.355795"><ele>95.4</ele><time>2026-05-31T10:30:12.000Z</time></trkpt>
      <trkpt lat="43.694542" lon="-79.355889"><ele>95.2</ele><time>2026-05-31T10:30:13.000Z</time></trkpt>
      <trkpt lat="43.694464" lon="-79.355988"><ele>95</ele><time>2026-05-31T10:30:14.000Z</time></trkpt>
      <trkpt lat="43.694385" lon="-79.356092"><ele>94.6</ele><time>2026-05-31T10:30:15.000Z</time></trkpt>
      <trkpt lat="43.694301" lon="-79.356197"><ele>94.2</ele><time>2026-05-31T10:30:16.000Z</time></trkpt>
      <trkpt lat="43.69422" lon="-79.356299"><ele>94</ele><time>2026-05-31T10:30:17.000Z</time></trkpt>
      <trkpt lat="43.694136" lon="-79.356405"><ele>93.6</ele><time>2026-05-31T10:30:18.000Z</time></trkpt>
      <trkpt lat="43.694051" lon="-79.356506"><ele>93.4</ele><time>2026-05-31T10:30:19.000Z</time></trkpt>
      <trkpt lat="43.693968" lon="-79.356603"><ele>93.2</ele><time>2026-05-31T10:30:20.000Z</time></trkpt>
      <trkpt lat="43.693886" lon="-79.356703"><ele>93.2</ele><time>2026-05-31T10:30:21.000Z</time></trkpt>
      <trkpt lat="43.693806" lon="-79.3568"><ele>93.2</ele><time>2026-05-31T10:30:22.000Z</time></trkpt>
      <trkpt lat="43.693727" lon="-79.356895"><ele>93.2</ele><time>2026-05-31T10:30:23.000Z</time></trkpt>
      <trkpt lat="43.693651" lon="-79.35699"><ele>93.2</ele><time>2026-05-31T10:30:24.000Z</time></trkpt>
      <trkpt lat="43.693577" lon="-79.357084"><ele>93.4</ele><time>2026-05-31T10:30:25.000Z</time></trkpt>
      <trkpt lat="43.693502" lon="-79.357178"><ele>93.4</ele><time>2026-05-31T10:30:26.000Z</time></trkpt>
      <trkpt lat="43.693428" lon="-79.357268"><ele>93.4</ele><time>2026-05-31T10:30:27.000Z</time></trkpt>
      <trkpt lat="43.693355" lon="-79.357356"><ele>93.6</ele><time>2026-05-31T10:30:28.000Z</time></trkpt>
      <trkpt lat="43.69328" lon="-79.357442"><ele>93.8</ele><time>2026-05-31T10:30:29.000Z</time></trkpt>
      <trkpt lat="43.693207" lon="-79.357528"><ele>94</ele><time>2026-05-31T10:30:30.000Z</time></trkpt>
      <trkpt lat="43.693136" lon="-79.357618"><ele>94.2</ele><time>2026-05-31T10:30:31.000Z</time></trkpt>
      <trkpt lat="43.693063" lon="-79.357705"><ele>94.2</ele><time>2026-05-31T10:30:32.000Z</time></trkpt>
      <trkpt lat="43.692988" lon="-79.357789"><ele>94.4</ele><time>2026-05-31T10:30:33.000Z</time></trkpt>
      <trkpt lat="43.692913" lon="-79.357868"><ele>94.6</ele><time>2026-05-31T10:30:34.000Z</time></trkpt>
      <trkpt lat="43.692836" lon="-79.357947"><ele>94.6</ele><time>2026-05-31T10:30:35.000Z</time></trkpt>
      <trkpt lat="43.692761" lon="-79.358026"><ele>94.6</ele><time>2026-05-31T10:30:36.000Z</time></trkpt>
      <trkpt lat="43.692687" lon="-79.358106"><ele>94.6</ele><time>2026-05-31T10:30:37.000Z</time></trkpt>
      <trkpt lat="43.692614" lon="-79.358185"><ele>94.4</ele><time>2026-05-31T10:30:38.000Z</time></trkpt>
      <trkpt lat="43.69254" lon="-79.358265"><ele>94.2</ele><time>2026-05-31T10:30:39.000Z</time></trkpt>
      <trkpt lat="43.692467" lon="-79.358348"><ele>94.2</ele><time>2026-05-31T10:30:40.000Z</time></trkpt>
      <trkpt lat="43.692392" lon="-79.358429"><ele>94.2</ele><time>2026-05-31T10:30:41.000Z</time></trkpt>
      <trkpt lat="43.692317" lon="-79.358509"><ele>94</ele><time>2026-05-31T10:30:42.000Z</time></trkpt>
      <trkpt lat="43.69224" lon="-79.358592"><ele>93.8</ele><time>2026-05-31T10:30:43.000Z</time></trkpt>
      <trkpt lat="43.69216" lon="-79.358675"><ele>93.6</ele><time>2026-05-31T10:30:44.000Z</time></trkpt>
      <trkpt lat="43.692076" lon="-79.358754"><ele>93.4</ele><time>2026-05-31T10:30:45.000Z</time></trkpt>
      <trkpt lat="43.691989" lon="-79.358833"><ele>93.2</ele><time>2026-05-31T10:30:46.000Z</time></trkpt>
      <trkpt lat="43.691898" lon="-79.358913"><ele>92.8</ele><time>2026-05-31T10:30:47.000Z</time></trkpt>
      <trkpt lat="43.691806" lon="-79.358995"><ele>92.4</ele><time>2026-05-31T10:30:48.000Z</time></trkpt>
      <trkpt lat="43.691716" lon="-79.359076"><ele>92.2</ele><time>2026-05-31T10:30:49.000Z</time></trkpt>
      <trkpt lat="43.691628" lon="-79.359153"><ele>91.6</ele><time>2026-05-31T10:30:50.000Z</time></trkpt>
      <trkpt lat="43.691536" lon="-79.359229"><ele>91</ele><time>2026-05-31T10:30:51.000Z</time></trkpt>
      <trkpt lat="43.691446" lon="-79.359303"><ele>90.4</ele><time>2026-05-31T10:30:52.000Z</time></trkpt>
      <trkpt lat="43.691358" lon="-79.359375"><ele>89.8</ele><time>2026-05-31T10:30:53.000Z</time></trkpt>
      <trkpt lat="43.691272" lon="-79.359445"><ele>89.6</ele><time>2026-05-31T10:30:54.000Z</time></trkpt>
      <trkpt lat="43.691189" lon="-79.35952"><ele>89.4</ele><time>2026-05-31T10:30:55.000Z</time></trkpt>
      <trkpt lat="43.691101" lon="-79.359592"><ele>89</ele><time>2026-05-31T10:30:56.000Z</time></trkpt>
      <trkpt lat="43.691008" lon="-79.359655"><ele>88.8</ele><time>2026-05-31T10:30:57.000Z</time></trkpt>
      <trkpt lat="43.690914" lon="-79.359712"><ele>88.6</ele><time>2026-05-31T10:30:58.000Z</time></trkpt>
      <trkpt lat="43.690821" lon="-79.359772"><ele>88.4</ele><time>2026-05-31T10:30:59.000Z</time></trkpt>
      <trkpt lat="43.690728" lon="-79.359837"><ele>88.4</ele><time>2026-05-31T10:31:00.000Z</time></trkpt>
      <trkpt lat="43.690628" lon="-79.3599"><ele>88.2</ele><time>2026-05-31T10:31:01.000Z</time></trkpt>
      <trkpt lat="43.690526" lon="-79.359959"><ele>88</ele><time>2026-05-31T10:31:02.000Z</time></trkpt>
      <trkpt lat="43.690427" lon="-79.36002"><ele>88</ele><time>2026-05-31T10:31:03.000Z</time></trkpt>
      <trkpt lat="43.690322" lon="-79.360083"><ele>88</ele><time>2026-05-31T10:31:04.000Z</time></trkpt>
      <trkpt lat="43.690221" lon="-79.360142"><ele>88</ele><time>2026-05-31T10:31:05.000Z</time></trkpt>
      <trkpt lat="43.690123" lon="-79.360194"><ele>88.2</ele><time>2026-05-31T10:31:06.000Z</time></trkpt>
      <trkpt lat="43.690027" lon="-79.360243"><ele>88.2</ele><time>2026-05-31T10:31:07.000Z</time></trkpt>
      <trkpt lat="43.68993" lon="-79.360289"><ele>88.6</ele><time>2026-05-31T10:31:08.000Z</time></trkpt>
      <trkpt lat="43.689838" lon="-79.360329"><ele>88.6</ele><time>2026-05-31T10:31:09.000Z</time></trkpt>
      <trkpt lat="43.689746" lon="-79.360367"><ele>88.8</ele><time>2026-05-31T10:31:10.000Z</time></trkpt>
      <trkpt lat="43.689656" lon="-79.360404"><ele>89.2</ele><time>2026-05-31T10:31:11.000Z</time></trkpt>
      <trkpt lat="43.689568" lon="-79.360439"><ele>89.6</ele><time>2026-05-31T10:31:12.000Z</time></trkpt>
      <trkpt lat="43.689482" lon="-79.360474"><ele>90</ele><time>2026-05-31T10:31:13.000Z</time></trkpt>
      <trkpt lat="43.6894" lon="-79.360511"><ele>90.2</ele><time>2026-05-31T10:31:14.000Z</time></trkpt>
      <trkpt lat="43.68932" lon="-79.360543"><ele>90.4</ele><time>2026-05-31T10:31:15.000Z</time></trkpt>
      <trkpt lat="43.689242" lon="-79.360573"><ele>90.6</ele><time>2026-05-31T10:31:16.000Z</time></trkpt>
      <trkpt lat="43.689167" lon="-79.360603"><ele>91</ele><time>2026-05-31T10:31:17.000Z</time></trkpt>
      <trkpt lat="43.689092" lon="-79.360634"><ele>91.2</ele><time>2026-05-31T10:31:18.000Z</time></trkpt>
      <trkpt lat="43.689018" lon="-79.360662"><ele>91.4</ele><time>2026-05-31T10:31:19.000Z</time></trkpt>
      <trkpt lat="43.688943" lon="-79.360689"><ele>91.6</ele><time>2026-05-31T10:31:20.000Z</time></trkpt>
      <trkpt lat="43.688867" lon="-79.360717"><ele>91.8</ele><time>2026-05-31T10:31:21.000Z</time></trkpt>
      <trkpt lat="43.688796" lon="-79.360742"><ele>92</ele><time>2026-05-31T10:31:22.000Z</time></trkpt>
      <trkpt lat="43.688725" lon="-79.360768"><ele>92.2</ele><time>2026-05-31T10:31:23.000Z</time></trkpt>
      <trkpt lat="43.688654" lon="-79.360791"><ele>92.6</ele><time>2026-05-31T10:31:24.000Z</time></trkpt>
      <trkpt lat="43.688581" lon="-79.360808"><ele>92.6</ele><time>2026-05-31T10:31:25.000Z</time></trkpt>
      <trkpt lat="43.68851" lon="-79.360825"><ele>92.8</ele><time>2026-05-31T10:31:26.000Z</time></trkpt>
      <trkpt lat="43.688438" lon="-79.360841"><ele>93</ele><time>2026-05-31T10:31:27.000Z</time></trkpt>
      <trkpt lat="43.688365" lon="-79.360853"><ele>93.2</ele><time>2026-05-31T10:31:28.000Z</time></trkpt>
      <trkpt lat="43.688295" lon="-79.360868"><ele>93.2</ele><time>2026-05-31T10:31:29.000Z</time></trkpt>
      <trkpt lat="43.688224" lon="-79.360887"><ele>93.4</ele><time>2026-05-31T10:31:30.000Z</time></trkpt>
      <trkpt lat="43.688149" lon="-79.360905"><ele>93.6</ele><time>2026-05-31T10:31:31.000Z</time></trkpt>
      <trkpt lat="43.688075" lon="-79.360917"><ele>93.6</ele><time>2026-05-31T10:31:32.000Z</time></trkpt>
      <trkpt lat="43.688" lon="-79.360934"><ele>93.4</ele><time>2026-05-31T10:31:33.000Z</time></trkpt>
      <trkpt lat="43.687922" lon="-79.360952"><ele>93.4</ele><time>2026-05-31T10:31:34.000Z</time></trkpt>
      <trkpt lat="43.687843" lon="-79.360966"><ele>93.4</ele><time>2026-05-31T10:31:35.000Z</time></trkpt>
      <trkpt lat="43.687764" lon="-79.360979"><ele>93.2</ele><time>2026-05-31T10:31:36.000Z</time></trkpt>
      <trkpt lat="43.687685" lon="-79.36099"><ele>93</ele><time>2026-05-31T10:31:37.000Z</time></trkpt>
      <trkpt lat="43.687603" lon="-79.360996"><ele>93</ele><time>2026-05-31T10:31:38.000Z</time></trkpt>
      <trkpt lat="43.687523" lon="-79.361001"><ele>92.6</ele><time>2026-05-31T10:31:39.000Z</time></trkpt>
      <trkpt lat="43.687441" lon="-79.361007"><ele>92.6</ele><time>2026-05-31T10:31:40.000Z</time></trkpt>
      <trkpt lat="43.687359" lon="-79.361015"><ele>92.2</ele><time>2026-05-31T10:31:41.000Z</time></trkpt>
      <trkpt lat="43.687273" lon="-79.361022"><ele>92</ele><time>2026-05-31T10:31:42.000Z</time></trkpt>
      <trkpt lat="43.687189" lon="-79.361027"><ele>91.6</ele><time>2026-05-31T10:31:43.000Z</time></trkpt>
      <trkpt lat="43.687103" lon="-79.361027"><ele>91.4</ele><time>2026-05-31T10:31:44.000Z</time></trkpt>
      <trkpt lat="43.687014" lon="-79.361029"><ele>91</ele><time>2026-05-31T10:31:45.000Z</time></trkpt>
      <trkpt lat="43.686925" lon="-79.361039"><ele>90.8</ele><time>2026-05-31T10:31:46.000Z</time></trkpt>
      <trkpt lat="43.686834" lon="-79.361048"><ele>90.4</ele><time>2026-05-31T10:31:47.000Z</time></trkpt>
      <trkpt lat="43.686741" lon="-79.36105"><ele>90</ele><time>2026-05-31T10:31:48.000Z</time></trkpt>
      <trkpt lat="43.686645" lon="-79.361053"><ele>89.6</ele><time>2026-05-31T10:31:49.000Z</time></trkpt>
      <trkpt lat="43.686547" lon="-79.361056"><ele>89.2</ele><time>2026-05-31T10:31:50.000Z</time></trkpt>
      <trkpt lat="43.68645" lon="-79.361058"><ele>88.8</ele><time>2026-05-31T10:31:51.000Z</time></trkpt>
      <trkpt lat="43.686352" lon="-79.361062"><ele>88.4</ele><time>2026-05-31T10:31:52.000Z</time></trkpt>
      <trkpt lat="43.686255" lon="-79.361064"><ele>88</ele><time>2026-05-31T10:31:53.000Z</time></trkpt>
      <trkpt lat="43.686156" lon="-79.36107"><ele>87.6</ele><time>2026-05-31T10:31:54.000Z</time></trkpt>
      <trkpt lat="43.686058" lon="-79.361077"><ele>87.2</ele><time>2026-05-31T10:31:55.000Z</time></trkpt>
      <trkpt lat="43.685963" lon="-79.361086"><ele>86.8</ele><time>2026-05-31T10:31:56.000Z</time></trkpt>
      <trkpt lat="43.685871" lon="-79.3611"><ele>86.4</ele><time>2026-05-31T10:31:57.000Z</time></trkpt>
      <trkpt lat="43.685778" lon="-79.361117"><ele>86.2</ele><time>2026-05-31T10:31:58.000Z</time></trkpt>
      <trkpt lat="43.685683" lon="-79.361138"><ele>85.8</ele><time>2026-05-31T10:31:59.000Z</time></trkpt>
      <trkpt lat="43.685586" lon="-79.361159"><ele>85.6</ele><time>2026-05-31T10:32:00.000Z</time></trkpt>
      <trkpt lat="43.685491" lon="-79.361178"><ele>85.2</ele><time>2026-05-31T10:32:01.000Z</time></trkpt>
      <trkpt lat="43.685397" lon="-79.361197"><ele>84.8</ele><time>2026-05-31T10:32:02.000Z</time></trkpt>
      <trkpt lat="43.685304" lon="-79.361216"><ele>84.6</ele><time>2026-05-31T10:32:03.000Z</time></trkpt>
      <trkpt lat="43.685213" lon="-79.361241"><ele>84.4</ele><time>2026-05-31T10:32:04.000Z</time></trkpt>
      <trkpt lat="43.685125" lon="-79.361272"><ele>84.4</ele><time>2026-05-31T10:32:05.000Z</time></trkpt>
      <trkpt lat="43.685041" lon="-79.361309"><ele>84.4</ele><time>2026-05-31T10:32:06.000Z</time></trkpt>
      <trkpt lat="43.684958" lon="-79.361345"><ele>84.4</ele><time>2026-05-31T10:32:07.000Z</time></trkpt>
      <trkpt lat="43.684878" lon="-79.361383"><ele>84.4</ele><time>2026-05-31T10:32:08.000Z</time></trkpt>
      <trkpt lat="43.684803" lon="-79.361427"><ele>84.6</ele><time>2026-05-31T10:32:09.000Z</time></trkpt>
      <trkpt lat="43.684726" lon="-79.361468"><ele>84.6</ele><time>2026-05-31T10:32:10.000Z</time></trkpt>
      <trkpt lat="43.68465" lon="-79.361505"><ele>84.8</ele><time>2026-05-31T10:32:11.000Z</time></trkpt>
      <trkpt lat="43.684572" lon="-79.361542"><ele>84.8</ele><time>2026-05-31T10:32:12.000Z</time></trkpt>
      <trkpt lat="43.684497" lon="-79.361578"><ele>84.8</ele><time>2026-05-31T10:32:13.000Z</time></trkpt>
      <trkpt lat="43.684421" lon="-79.361612"><ele>85</ele><time>2026-05-31T10:32:14.000Z</time></trkpt>
      <trkpt lat="43.684349" lon="-79.361644"><ele>85.2</ele><time>2026-05-31T10:32:15.000Z</time></trkpt>
      <trkpt lat="43.684277" lon="-79.361676"><ele>85.4</ele><time>2026-05-31T10:32:16.000Z</time></trkpt>
      <trkpt lat="43.684204" lon="-79.36171"><ele>85.6</ele><time>2026-05-31T10:32:17.000Z</time></trkpt>
      <trkpt lat="43.684129" lon="-79.361747"><ele>85.8</ele><time>2026-05-31T10:32:18.000Z</time></trkpt>
      <trkpt lat="43.684056" lon="-79.361784"><ele>86</ele><time>2026-05-31T10:32:19.000Z</time></trkpt>
      <trkpt lat="43.683983" lon="-79.36182"><ele>86.2</ele><time>2026-05-31T10:32:20.000Z</time></trkpt>
      <trkpt lat="43.683914" lon="-79.361855"><ele>86.4</ele><time>2026-05-31T10:32:21.000Z</time></trkpt>
      <trkpt lat="43.683847" lon="-79.361891"><ele>86.6</ele><time>2026-05-31T10:32:22.000Z</time></trkpt>
      <trkpt lat="43.68378" lon="-79.36193"><ele>86.8</ele><time>2026-05-31T10:32:23.000Z</time></trkpt>
      <trkpt lat="43.683714" lon="-79.361971"><ele>87</ele><time>2026-05-31T10:32:24.000Z</time></trkpt>
      <trkpt lat="43.683651" lon="-79.36201"><ele>87.2</ele><time>2026-05-31T10:32:25.000Z</time></trkpt>
      <trkpt lat="43.68359" lon="-79.36205"><ele>87.2</ele><time>2026-05-31T10:32:26.000Z</time></trkpt>
      <trkpt lat="43.683531" lon="-79.362096"><ele>87.4</ele><time>2026-05-31T10:32:27.000Z</time></trkpt>
      <trkpt lat="43.683474" lon="-79.362149"><ele>87.6</ele><time>2026-05-31T10:32:28.000Z</time></trkpt>
      <trkpt lat="43.683419" lon="-79.362206"><ele>87.6</ele><time>2026-05-31T10:32:29.000Z</time></trkpt>
      <trkpt lat="43.683366" lon="-79.362265"><ele>87.8</ele><time>2026-05-31T10:32:30.000Z</time></trkpt>
      <trkpt lat="43.683316" lon="-79.362329"><ele>88</ele><time>2026-05-31T10:32:31.000Z</time></trkpt>
      <trkpt lat="43.683267" lon="-79.362395"><ele>88</ele><time>2026-05-31T10:32:32.000Z</time></trkpt>
      <trkpt lat="43.683218" lon="-79.362465"><ele>88</ele><time>2026-05-31T10:32:33.000Z</time></trkpt>
      <trkpt lat="43.68317" lon="-79.362538"><ele>88</ele><time>2026-05-31T10:32:34.000Z</time></trkpt>
      <trkpt lat="43.683122" lon="-79.362618"><ele>88</ele><time>2026-05-31T10:32:35.000Z</time></trkpt>
      <trkpt lat="43.683076" lon="-79.362705"><ele>87.8</ele><time>2026-05-31T10:32:36.000Z</time></trkpt>
      <trkpt lat="43.683032" lon="-79.362797"><ele>87.6</ele><time>2026-05-31T10:32:37.000Z</time></trkpt>
      <trkpt lat="43.68299" lon="-79.36289"><ele>87.4</ele><time>2026-05-31T10:32:38.000Z</time></trkpt>
      <trkpt lat="43.682948" lon="-79.362985"><ele>87.2</ele><time>2026-05-31T10:32:39.000Z</time></trkpt>
      <trkpt lat="43.682908" lon="-79.36308"><ele>87.2</ele><time>2026-05-31T10:32:40.000Z</time></trkpt>
      <trkpt lat="43.682868" lon="-79.363174"><ele>87</ele><time>2026-05-31T10:32:41.000Z</time></trkpt>
      <trkpt lat="43.682829" lon="-79.36326"><ele>87</ele><time>2026-05-31T10:32:42.000Z</time></trkpt>
      <trkpt lat="43.682785" lon="-79.363359"><ele>87</ele><time>2026-05-31T10:32:43.000Z</time></trkpt>
      <trkpt lat="43.682739" lon="-79.36345"><ele>87</ele><time>2026-05-31T10:32:44.000Z</time></trkpt>
      <trkpt lat="43.68269" lon="-79.363536"><ele>87</ele><time>2026-05-31T10:32:45.000Z</time></trkpt>
      <trkpt lat="43.682639" lon="-79.36362"><ele>87</ele><time>2026-05-31T10:32:46.000Z</time></trkpt>
      <trkpt lat="43.682585" lon="-79.363702"><ele>86.8</ele><time>2026-05-31T10:32:47.000Z</time></trkpt>
      <trkpt lat="43.682525" lon="-79.363779"><ele>86.8</ele><time>2026-05-31T10:32:48.000Z</time></trkpt>
      <trkpt lat="43.68246" lon="-79.363848"><ele>86.6</ele><time>2026-05-31T10:32:49.000Z</time></trkpt>
      <trkpt lat="43.68239" lon="-79.363913"><ele>86.4</ele><time>2026-05-31T10:32:50.000Z</time></trkpt>
      <trkpt lat="43.682313" lon="-79.363976"><ele>86.2</ele><time>2026-05-31T10:32:51.000Z</time></trkpt>
      <trkpt lat="43.682233" lon="-79.364033"><ele>85.8</ele><time>2026-05-31T10:32:52.000Z</time></trkpt>
      <trkpt lat="43.68215" lon="-79.364085"><ele>85.6</ele><time>2026-05-31T10:32:53.000Z</time></trkpt>
      <trkpt lat="43.682064" lon="-79.364135"><ele>85.4</ele><time>2026-05-31T10:32:54.000Z</time></trkpt>
      <trkpt lat="43.681975" lon="-79.364179"><ele>85</ele><time>2026-05-31T10:32:55.000Z</time></trkpt>
      <trkpt lat="43.681883" lon="-79.364218"><ele>84.6</ele><time>2026-05-31T10:32:56.000Z</time></trkpt>
      <trkpt lat="43.681791" lon="-79.364257"><ele>84.2</ele><time>2026-05-31T10:32:57.000Z</time></trkpt>
      <trkpt lat="43.681702" lon="-79.364302"><ele>83.6</ele><time>2026-05-31T10:32:58.000Z</time></trkpt>
      <trkpt lat="43.681609" lon="-79.364354"><ele>83.2</ele><time>2026-05-31T10:32:59.000Z</time></trkpt>
      <trkpt lat="43.681515" lon="-79.364401"><ele>82.8</ele><time>2026-05-31T10:33:00.000Z</time></trkpt>
      <trkpt lat="43.68142" lon="-79.364451"><ele>82.4</ele><time>2026-05-31T10:33:01.000Z</time></trkpt>
      <trkpt lat="43.681329" lon="-79.364505"><ele>82</ele><time>2026-05-31T10:33:02.000Z</time></trkpt>
      <trkpt lat="43.68124" lon="-79.364559"><ele>81.8</ele><time>2026-05-31T10:33:03.000Z</time></trkpt>
      <trkpt lat="43.68115" lon="-79.364619"><ele>81.6</ele><time>2026-05-31T10:33:04.000Z</time></trkpt>
      <trkpt lat="43.681063" lon="-79.364688"><ele>81.4</ele><time>2026-05-31T10:33:05.000Z</time></trkpt>
      <trkpt lat="43.680982" lon="-79.364764"><ele>81.4</ele><time>2026-05-31T10:33:06.000Z</time></trkpt>
      <trkpt lat="43.680905" lon="-79.364847"><ele>81.2</ele><time>2026-05-31T10:33:07.000Z</time></trkpt>
      <trkpt lat="43.680836" lon="-79.364931"><ele>81.2</ele><time>2026-05-31T10:33:08.000Z</time></trkpt>
      <trkpt lat="43.680773" lon="-79.36502"><ele>81.4</ele><time>2026-05-31T10:33:09.000Z</time></trkpt>
      <trkpt lat="43.680717" lon="-79.365109"><ele>81.4</ele><time>2026-05-31T10:33:10.000Z</time></trkpt>
      <trkpt lat="43.680662" lon="-79.365197"><ele>81.6</ele><time>2026-05-31T10:33:11.000Z</time></trkpt>
      <trkpt lat="43.680608" lon="-79.365283"><ele>81.8</ele><time>2026-05-31T10:33:12.000Z</time></trkpt>
      <trkpt lat="43.680558" lon="-79.365365"><ele>82</ele><time>2026-05-31T10:33:13.000Z</time></trkpt>
      <trkpt lat="43.680508" lon="-79.365445"><ele>82.2</ele><time>2026-05-31T10:33:14.000Z</time></trkpt>
      <trkpt lat="43.680458" lon="-79.365519"><ele>82.4</ele><time>2026-05-31T10:33:15.000Z</time></trkpt>
      <trkpt lat="43.68041" lon="-79.365589"><ele>82.6</ele><time>2026-05-31T10:33:16.000Z</time></trkpt>
      <trkpt lat="43.680364" lon="-79.365659"><ele>82.8</ele><time>2026-05-31T10:33:17.000Z</time></trkpt>
      <trkpt lat="43.680322" lon="-79.365731"><ele>82.8</ele><time>2026-05-31T10:33:18.000Z</time></trkpt>
      <trkpt lat="43.680279" lon="-79.365798"><ele>83</ele><time>2026-05-31T10:33:19.000Z</time></trkpt>
      <trkpt lat="43.680235" lon="-79.365865"><ele>83.2</ele><time>2026-05-31T10:33:20.000Z</time></trkpt>
      <trkpt lat="43.680191" lon="-79.365929"><ele>83.2</ele><time>2026-05-31T10:33:21.000Z</time></trkpt>
      <trkpt lat="43.680148" lon="-79.365994"><ele>83.4</ele><time>2026-05-31T10:33:22.000Z</time></trkpt>
      <trkpt lat="43.680104" lon="-79.366057"><ele>83.4</ele><time>2026-05-31T10:33:23.000Z</time></trkpt>
      <trkpt lat="43.680061" lon="-79.366126"><ele>83.6</ele><time>2026-05-31T10:33:24.000Z</time></trkpt>
      <trkpt lat="43.680016" lon="-79.366195"><ele>83.6</ele><time>2026-05-31T10:33:25.000Z</time></trkpt>
      <trkpt lat="43.679971" lon="-79.366263"><ele>83.8</ele><time>2026-05-31T10:33:26.000Z</time></trkpt>
      <trkpt lat="43.679923" lon="-79.36633"><ele>83.8</ele><time>2026-05-31T10:33:27.000Z</time></trkpt>
      <trkpt lat="43.679875" lon="-79.3664"><ele>84</ele><time>2026-05-31T10:33:28.000Z</time></trkpt>
      <trkpt lat="43.679828" lon="-79.366475"><ele>84</ele><time>2026-05-31T10:33:29.000Z</time></trkpt>
      <trkpt lat="43.679781" lon="-79.366551"><ele>84</ele><time>2026-05-31T10:33:30.000Z</time></trkpt>
      <trkpt lat="43.679733" lon="-79.366627"><ele>84.2</ele><time>2026-05-31T10:33:31.000Z</time></trkpt>
      <trkpt lat="43.679687" lon="-79.366701"><ele>84.2</ele><time>2026-05-31T10:33:32.000Z</time></trkpt>
      <trkpt lat="43.67964" lon="-79.366775"><ele>84.4</ele><time>2026-05-31T10:33:33.000Z</time></trkpt>
      <trkpt lat="43.679592" lon="-79.366848"><ele>84.4</ele><time>2026-05-31T10:33:34.000Z</time></trkpt>
      <trkpt lat="43.679546" lon="-79.36692"><ele>84.4</ele><time>2026-05-31T10:33:35.000Z</time></trkpt>
      <trkpt lat="43.679501" lon="-79.366989"><ele>84.6</ele><time>2026-05-31T10:33:36.000Z</time></trkpt>
      <trkpt lat="43.679455" lon="-79.367056"><ele>84.6</ele><time>2026-05-31T10:33:37.000Z</time></trkpt>
      <trkpt lat="43.67941" lon="-79.367124"><ele>84.8</ele><time>2026-05-31T10:33:38.000Z</time></trkpt>
      <trkpt lat="43.679367" lon="-79.367192"><ele>85</ele><time>2026-05-31T10:33:39.000Z</time></trkpt>
      <trkpt lat="43.679324" lon="-79.367258"><ele>85.2</ele><time>2026-05-31T10:33:40.000Z</time></trkpt>
      <trkpt lat="43.679281" lon="-79.367324"><ele>85.4</ele><time>2026-05-31T10:33:41.000Z</time></trkpt>
      <trkpt lat="43.679237" lon="-79.367385"><ele>85.6</ele><time>2026-05-31T10:33:42.000Z</time></trkpt>
      <trkpt lat="43.679197" lon="-79.367444"><ele>85.8</ele><time>2026-05-31T10:33:43.000Z</time></trkpt>
      <trkpt lat="43.679157" lon="-79.367507"><ele>85.8</ele><time>2026-05-31T10:33:44.000Z</time></trkpt>
      <trkpt lat="43.679116" lon="-79.367569"><ele>86</ele><time>2026-05-31T10:33:45.000Z</time></trkpt>
      <trkpt lat="43.679076" lon="-79.367633"><ele>86.2</ele><time>2026-05-31T10:33:46.000Z</time></trkpt>
      <trkpt lat="43.679037" lon="-79.367695"><ele>86.2</ele><time>2026-05-31T10:33:47.000Z</time></trkpt>
      <trkpt lat="43.678997" lon="-79.367757"><ele>86.4</ele><time>2026-05-31T10:33:48.000Z</time></trkpt>
      <trkpt lat="43.678958" lon="-79.36782"><ele>86.8</ele><time>2026-05-31T10:33:49.000Z</time></trkpt>
      <trkpt lat="43.678918" lon="-79.367882"><ele>87</ele><time>2026-05-31T10:33:50.000Z</time></trkpt>
      <trkpt lat="43.678882" lon="-79.367945"><ele>87</ele><time>2026-05-31T10:33:51.000Z</time></trkpt>
      <trkpt lat="43.678844" lon="-79.368002"><ele>87.4</ele><time>2026-05-31T10:33:52.000Z</time></trkpt>
      <trkpt lat="43.678805" lon="-79.368057"><ele>87.4</ele><time>2026-05-31T10:33:53.000Z</time></trkpt>
      <trkpt lat="43.678769" lon="-79.368113"><ele>87.6</ele><time>2026-05-31T10:33:54.000Z</time></trkpt>
      <trkpt lat="43.678733" lon="-79.36817"><ele>87.8</ele><time>2026-05-31T10:33:55.000Z</time></trkpt>
      <trkpt lat="43.678697" lon="-79.368228"><ele>88</ele><time>2026-05-31T10:33:56.000Z</time></trkpt>
      <trkpt lat="43.678661" lon="-79.368289"><ele>88.2</ele><time>2026-05-31T10:33:57.000Z</time></trkpt>
      <trkpt lat="43.678625" lon="-79.368347"><ele>88.4</ele><time>2026-05-31T10:33:58.000Z</time></trkpt>
      <trkpt lat="43.678588" lon="-79.3684"><ele>88.6</ele><time>2026-05-31T10:33:59.000Z</time></trkpt>
      <trkpt lat="43.67855" lon="-79.368452"><ele>88.8</ele><time>2026-05-31T10:34:00.000Z</time></trkpt>
      <trkpt lat="43.678514" lon="-79.368505"><ele>89</ele><time>2026-05-31T10:34:01.000Z</time></trkpt>
      <trkpt lat="43.678481" lon="-79.368563"><ele>89.2</ele><time>2026-05-31T10:34:02.000Z</time></trkpt>
      <trkpt lat="43.678446" lon="-79.368618"><ele>89.2</ele><time>2026-05-31T10:34:03.000Z</time></trkpt>
      <trkpt lat="43.67841" lon="-79.368669"><ele>89.4</ele><time>2026-05-31T10:34:04.000Z</time></trkpt>
      <trkpt lat="43.678374" lon="-79.36872"><ele>89.4</ele><time>2026-05-31T10:34:05.000Z</time></trkpt>
      <trkpt lat="43.678336" lon="-79.368767"><ele>89.6</ele><time>2026-05-31T10:34:06.000Z</time></trkpt>
      <trkpt lat="43.678299" lon="-79.368812"><ele>89.8</ele><time>2026-05-31T10:34:07.000Z</time></trkpt>
      <trkpt lat="43.678269" lon="-79.368863"><ele>90</ele><time>2026-05-31T10:34:08.000Z</time></trkpt>
      <trkpt lat="43.678238" lon="-79.368917"><ele>90.2</ele><time>2026-05-31T10:34:09.000Z</time></trkpt>
      <trkpt lat="43.678207" lon="-79.36897"><ele>90.4</ele><time>2026-05-31T10:34:10.000Z</time></trkpt>
      <trkpt lat="43.678178" lon="-79.369022"><ele>90.8</ele><time>2026-05-31T10:34:11.000Z</time></trkpt>
      <trkpt lat="43.678148" lon="-79.369073"><ele>91</ele><time>2026-05-31T10:34:12.000Z</time></trkpt>
      <trkpt lat="43.678121" lon="-79.369124"><ele>91.2</ele><time>2026-05-31T10:34:13.000Z</time></trkpt>
      <trkpt lat="43.678099" lon="-79.369173"><ele>91.6</ele><time>2026-05-31T10:34:14.000Z</time></trkpt>
      <trkpt lat="43.678078" lon="-79.369224"><ele>91.8</ele><time>2026-05-31T10:34:15.000Z</time></trkpt>
      <trkpt lat="43.678063" lon="-79.369273"><ele>92.2</ele><time>2026-05-31T10:34:16.000Z</time></trkpt>
      <trkpt lat="43.67805" lon="-79.369324"><ele>92.4</ele><time>2026-05-31T10:34:17.000Z</time></trkpt>
      <trkpt lat="43.678039" lon="-79.369383"><ele>92.4</ele><time>2026-05-31T10:34:18.000Z</time></trkpt>
      <trkpt lat="43.678032" lon="-79.369445"><ele>92.6</ele><time>2026-05-31T10:34:19.000Z</time></trkpt>
      <trkpt lat="43.678029" lon="-79.369508"><ele>92.6</ele><time>2026-05-31T10:34:20.000Z</time></trkpt>
      <trkpt lat="43.678029" lon="-79.369575"><ele>92.6</ele><time>2026-05-31T10:34:21.000Z</time></trkpt>
      <trkpt lat="43.678039" lon="-79.369642"><ele>92.6</ele><time>2026-05-31T10:34:22.000Z</time></trkpt>
      <trkpt lat="43.678055" lon="-79.369711"><ele>92.4</ele><time>2026-05-31T10:34:23.000Z</time></trkpt>
      <trkpt lat="43.678078" lon="-79.369779"><ele>92.2</ele><time>2026-05-31T10:34:24.000Z</time></trkpt>
      <trkpt lat="43.678108" lon="-79.369845"><ele>92</ele><time>2026-05-31T10:34:25.000Z</time></trkpt>
      <trkpt lat="43.678147" lon="-79.369912"><ele>91.8</ele><time>2026-05-31T10:34:26.000Z</time></trkpt>
      <trkpt lat="43.678197" lon="-79.36997"><ele>91.6</ele><time>2026-05-31T10:34:27.000Z</time></trkpt>
      <trkpt lat="43.678255" lon="-79.37002"><ele>91.4</ele><time>2026-05-31T10:34:28.000Z</time></trkpt>
      <trkpt lat="43.678322" lon="-79.370052"><ele>90.8</ele><time>2026-05-31T10:34:29.000Z</time></trkpt>
      <trkpt lat="43.678388" lon="-79.370069"><ele>90.4</ele><time>2026-05-31T10:34:30.000Z</time></trkpt>
      <trkpt lat="43.678458" lon="-79.370073"><ele>90</ele><time>2026-05-31T10:34:31.000Z</time></trkpt>
      <trkpt lat="43.678535" lon="-79.370058"><ele>89.6</ele><time>2026-05-31T10:34:32.000Z</time></trkpt>
      <trkpt lat="43.678611" lon="-79.37003"><ele>89.4</ele><time>2026-05-31T10:34:33.000Z</time></trkpt>
      <trkpt lat="43.678688" lon="-79.36998"><ele>89</ele><time>2026-05-31T10:34:34.000Z</time></trkpt>
      <trkpt lat="43.678758" lon="-79.369912"><ele>88.4</ele><time>2026-05-31T10:34:35.000Z</time></trkpt>
      <trkpt lat="43.678812" lon="-79.369817"><ele>88</ele><time>2026-05-31T10:34:36.000Z</time></trkpt>
      <trkpt lat="43.678845" lon="-79.369707"><ele>87.6</ele><time>2026-05-31T10:34:37.000Z</time></trkpt>
      <trkpt lat="43.678872" lon="-79.36959"><ele>87</ele><time>2026-05-31T10:34:38.000Z</time></trkpt>
      <trkpt lat="43.678901" lon="-79.369468"><ele>86.4</ele><time>2026-05-31T10:34:39.000Z</time></trkpt>
      <trkpt lat="43.678933" lon="-79.369343"><ele>86</ele><time>2026-05-31T10:34:40.000Z</time></trkpt>
      <trkpt lat="43.678971" lon="-79.369212"><ele>85.4</ele><time>2026-05-31T10:34:41.000Z</time></trkpt>
      <trkpt lat="43.678999" lon="-79.36908"><ele>84.6</ele><time>2026-05-31T10:34:42.000Z</time></trkpt>
      <trkpt lat="43.679008" lon="-79.36894"><ele>83.8</ele><time>2026-05-31T10:34:43.000Z</time></trkpt>
      <trkpt lat="43.678991" lon="-79.368796"><ele>83.2</ele><time>2026-05-31T10:34:44.000Z</time></trkpt>
      <trkpt lat="43.67895" lon="-79.368669"><ele>83</ele><time>2026-05-31T10:34:45.000Z</time></trkpt>
      <trkpt lat="43.678891" lon="-79.368562"><ele>82.6</ele><time>2026-05-31T10:34:46.000Z</time></trkpt>
      <trkpt lat="43.678816" lon="-79.368479"><ele>82.2</ele><time>2026-05-31T10:34:47.000Z</time></trkpt>
      <trkpt lat="43.678737" lon="-79.368408"><ele>81.8</ele><time>2026-05-31T10:34:48.000Z</time></trkpt>
      <trkpt lat="43.678657" lon="-79.368336"><ele>81.6</ele><time>2026-05-31T10:34:49.000Z</time></trkpt>
      <trkpt lat="43.678577" lon="-79.368251"><ele>81.6</ele><time>2026-05-31T10:34:50.000Z</time></trkpt>
      <trkpt lat="43.678519" lon="-79.368193"><ele>81.6</ele><time>2026-05-31T10:34:51.000Z</time></trkpt>
      <trkpt lat="43.678451" lon="-79.368113"><ele>81.8</ele><time>2026-05-31T10:34:52.000Z</time></trkpt>
      <trkpt lat="43.678383" lon="-79.368028"><ele>81.8</ele><time>2026-05-31T10:34:53.000Z</time></trkpt>
      <trkpt lat="43.678318" lon="-79.367939"><ele>82</ele><time>2026-05-31T10:34:54.000Z</time></trkpt>
      <trkpt lat="43.678252" lon="-79.367848"><ele>82</ele><time>2026-05-31T10:34:55.000Z</time></trkpt>
      <trkpt lat="43.678185" lon="-79.367767"><ele>81.8</ele><time>2026-05-31T10:34:56.000Z</time></trkpt>
      <trkpt lat="43.678117" lon="-79.367687"><ele>81.8</ele><time>2026-05-31T10:34:57.000Z</time></trkpt>
      <trkpt lat="43.678051" lon="-79.367601"><ele>81.6</ele><time>2026-05-31T10:34:58.000Z</time></trkpt>
      <trkpt lat="43.677985" lon="-79.367516"><ele>81.4</ele><time>2026-05-31T10:34:59.000Z</time></trkpt>
      <trkpt lat="43.677922" lon="-79.367432"><ele>81</ele><time>2026-05-31T10:35:00.000Z</time></trkpt>
      <trkpt lat="43.677862" lon="-79.367342"><ele>81</ele><time>2026-05-31T10:35:01.000Z</time></trkpt>
      <trkpt lat="43.677801" lon="-79.367261"><ele>80.8</ele><time>2026-05-31T10:35:02.000Z</time></trkpt>
      <trkpt lat="43.677735" lon="-79.367191"><ele>80.8</ele><time>2026-05-31T10:35:03.000Z</time></trkpt>
      <trkpt lat="43.67766" lon="-79.367143"><ele>80.8</ele><time>2026-05-31T10:35:04.000Z</time></trkpt>
      <trkpt lat="43.677576" lon="-79.36712"><ele>80.6</ele><time>2026-05-31T10:35:05.000Z</time></trkpt>
      <trkpt lat="43.677484" lon="-79.367115"><ele>80.6</ele><time>2026-05-31T10:35:06.000Z</time></trkpt>
      <trkpt lat="43.677394" lon="-79.367139"><ele>80.2</ele><time>2026-05-31T10:35:07.000Z</time></trkpt>
      <trkpt lat="43.677307" lon="-79.367193"><ele>80.2</ele><time>2026-05-31T10:35:08.000Z</time></trkpt>
      <trkpt lat="43.677236" lon="-79.367271"><ele>80</ele><time>2026-05-31T10:35:09.000Z</time></trkpt>
      <trkpt lat="43.677181" lon="-79.367365"><ele>80</ele><time>2026-05-31T10:35:10.000Z</time></trkpt>
      <trkpt lat="43.677138" lon="-79.367461"><ele>80.2</ele><time>2026-05-31T10:35:11.000Z</time></trkpt>
      <trkpt lat="43.677113" lon="-79.367561"><ele>80.6</ele><time>2026-05-31T10:35:12.000Z</time></trkpt>
      <trkpt lat="43.677096" lon="-79.367657"><ele>80.8</ele><time>2026-05-31T10:35:13.000Z</time></trkpt>
      <trkpt lat="43.677097" lon="-79.367754"><ele>81.4</ele><time>2026-05-31T10:35:14.000Z</time></trkpt>
      <trkpt lat="43.677114" lon="-79.367849"><ele>81.8</ele><time>2026-05-31T10:35:15.000Z</time></trkpt>
      <trkpt lat="43.677138" lon="-79.367934"><ele>82.2</ele><time>2026-05-31T10:35:16.000Z</time></trkpt>
      <trkpt lat="43.677168" lon="-79.368018"><ele>82.6</ele><time>2026-05-31T10:35:17.000Z</time></trkpt>
      <trkpt lat="43.677205" lon="-79.368091"><ele>83.2</ele><time>2026-05-31T10:35:18.000Z</time></trkpt>
      <trkpt lat="43.677247" lon="-79.368149"><ele>83.6</ele><time>2026-05-31T10:35:19.000Z</time></trkpt>
      <trkpt lat="43.677295" lon="-79.368193"><ele>84</ele><time>2026-05-31T10:35:20.000Z</time></trkpt>
      <trkpt lat="43.677345" lon="-79.368235"><ele>84.4</ele><time>2026-05-31T10:35:21.000Z</time></trkpt>
      <trkpt lat="43.677393" lon="-79.368264"><ele>84.8</ele><time>2026-05-31T10:35:22.000Z</time></trkpt>
      <trkpt lat="43.677443" lon="-79.368288"><ele>85</ele><time>2026-05-31T10:35:23.000Z</time></trkpt>
      <trkpt lat="43.677493" lon="-79.368314"><ele>85.6</ele><time>2026-05-31T10:35:24.000Z</time></trkpt>
      <trkpt lat="43.677542" lon="-79.368348"><ele>85.8</ele><time>2026-05-31T10:35:25.000Z</time></trkpt>
      <trkpt lat="43.677595" lon="-79.368376"><ele>86.2</ele><time>2026-05-31T10:35:26.000Z</time></trkpt>
      <trkpt lat="43.677647" lon="-79.368402"><ele>86.6</ele><time>2026-05-31T10:35:27.000Z</time></trkpt>
      <trkpt lat="43.677697" lon="-79.36843"><ele>86.8</ele><time>2026-05-31T10:35:28.000Z</time></trkpt>
      <trkpt lat="43.677747" lon="-79.368452"><ele>87.2</ele><time>2026-05-31T10:35:29.000Z</time></trkpt>
      <trkpt lat="43.677799" lon="-79.368473"><ele>87.4</ele><time>2026-05-31T10:35:30.000Z</time></trkpt>
      <trkpt lat="43.677846" lon="-79.368496"><ele>87.8</ele><time>2026-05-31T10:35:31.000Z</time></trkpt>
      <trkpt lat="43.677895" lon="-79.368515"><ele>88</ele><time>2026-05-31T10:35:32.000Z</time></trkpt>
      <trkpt lat="43.677942" lon="-79.368539"><ele>88.2</ele><time>2026-05-31T10:35:33.000Z</time></trkpt>
      <trkpt lat="43.677991" lon="-79.36856"><ele>88.6</ele><time>2026-05-31T10:35:34.000Z</time></trkpt>
      <trkpt lat="43.678043" lon="-79.368576"><ele>88.8</ele><time>2026-05-31T10:35:35.000Z</time></trkpt>
      <trkpt lat="43.678096" lon="-79.368583"><ele>89</ele><time>2026-05-31T10:35:36.000Z</time></trkpt>
      <trkpt lat="43.678149" lon="-79.368578"><ele>89.2</ele><time>2026-05-31T10:35:37.000Z</time></trkpt>
      <trkpt lat="43.678204" lon="-79.368564"><ele>89.4</ele><time>2026-05-31T10:35:38.000Z</time></trkpt>
      <trkpt lat="43.678258" lon="-79.368539"><ele>89.6</ele><time>2026-05-31T10:35:39.000Z</time></trkpt>
      <trkpt lat="43.678312" lon="-79.368514"><ele>89.8</ele><time>2026-05-31T10:35:40.000Z</time></trkpt>
      <trkpt lat="43.67836" lon="-79.368477"><ele>89.8</ele><time>2026-05-31T10:35:41.000Z</time></trkpt>
      <trkpt lat="43.678405" lon="-79.368425"><ele>89.8</ele><time>2026-05-31T10:35:42.000Z</time></trkpt>
      <trkpt lat="43.678443" lon="-79.368361"><ele>89.8</ele><time>2026-05-31T10:35:43.000Z</time></trkpt>
      <trkpt lat="43.678484" lon="-79.368287"><ele>89.6</ele><time>2026-05-31T10:35:44.000Z</time></trkpt>
      <trkpt lat="43.678531" lon="-79.368218"><ele>89.4</ele><time>2026-05-31T10:35:45.000Z</time></trkpt>
      <trkpt lat="43.678579" lon="-79.368149"><ele>89.4</ele><time>2026-05-31T10:35:46.000Z</time></trkpt>
      <trkpt lat="43.678629" lon="-79.368076"><ele>89</ele><time>2026-05-31T10:35:47.000Z</time></trkpt>
      <trkpt lat="43.67868" lon="-79.368001"><ele>88.8</ele><time>2026-05-31T10:35:48.000Z</time></trkpt>
      <trkpt lat="43.67874" lon="-79.367924"><ele>88.4</ele><time>2026-05-31T10:35:49.000Z</time></trkpt>
      <trkpt lat="43.678798" lon="-79.367847"><ele>88.2</ele><time>2026-05-31T10:35:50.000Z</time></trkpt>
      <trkpt lat="43.678854" lon="-79.367769"><ele>87.8</ele><time>2026-05-31T10:35:51.000Z</time></trkpt>
      <trkpt lat="43.67891" lon="-79.367691"><ele>87.6</ele><time>2026-05-31T10:35:52.000Z</time></trkpt>
      <trkpt lat="43.67897" lon="-79.367613"><ele>87.2</ele><time>2026-05-31T10:35:53.000Z</time></trkpt>
      <trkpt lat="43.679026" lon="-79.36753"><ele>87</ele><time>2026-05-31T10:35:54.000Z</time></trkpt>
      <trkpt lat="43.679077" lon="-79.36744"><ele>86.6</ele><time>2026-05-31T10:35:55.000Z</time></trkpt>
      <trkpt lat="43.679129" lon="-79.367351"><ele>86.4</ele><time>2026-05-31T10:35:56.000Z</time></trkpt>
      <trkpt lat="43.679187" lon="-79.367264"><ele>86.2</ele><time>2026-05-31T10:35:57.000Z</time></trkpt>
      <trkpt lat="43.679245" lon="-79.367176"><ele>86</ele><time>2026-05-31T10:35:58.000Z</time></trkpt>
      <trkpt lat="43.6793" lon="-79.367085"><ele>85.8</ele><time>2026-05-31T10:35:59.000Z</time></trkpt>
      <trkpt lat="43.679359" lon="-79.366989"><ele>85.4</ele><time>2026-05-31T10:36:00.000Z</time></trkpt>
      <trkpt lat="43.679419" lon="-79.366897"><ele>85.2</ele><time>2026-05-31T10:36:01.000Z</time></trkpt>
      <trkpt lat="43.679481" lon="-79.366803"><ele>84.8</ele><time>2026-05-31T10:36:02.000Z</time></trkpt>
      <trkpt lat="43.679544" lon="-79.36671"><ele>84.6</ele><time>2026-05-31T10:36:03.000Z</time></trkpt>
      <trkpt lat="43.679609" lon="-79.366615"><ele>84.2</ele><time>2026-05-31T10:36:04.000Z</time></trkpt>
      <trkpt lat="43.67967" lon="-79.366517"><ele>84</ele><time>2026-05-31T10:36:05.000Z</time></trkpt>
      <trkpt lat="43.679732" lon="-79.366422"><ele>83.8</ele><time>2026-05-31T10:36:06.000Z</time></trkpt>
      <trkpt lat="43.679795" lon="-79.366327"><ele>83.6</ele><time>2026-05-31T10:36:07.000Z</time></trkpt>
      <trkpt lat="43.679859" lon="-79.366233"><ele>83.4</ele><time>2026-05-31T10:36:08.000Z</time></trkpt>
      <trkpt lat="43.679922" lon="-79.366144"><ele>83</ele><time>2026-05-31T10:36:09.000Z</time></trkpt>
      <trkpt lat="43.679983" lon="-79.366055"><ele>82.6</ele><time>2026-05-31T10:36:10.000Z</time></trkpt>
      <trkpt lat="43.680041" lon="-79.365968"><ele>82.4</ele><time>2026-05-31T10:36:11.000Z</time></trkpt>
      <trkpt lat="43.680099" lon="-79.365885"><ele>82.2</ele><time>2026-05-31T10:36:12.000Z</time></trkpt>
      <trkpt lat="43.680152" lon="-79.365799"><ele>82.2</ele><time>2026-05-31T10:36:13.000Z</time></trkpt>
      <trkpt lat="43.680206" lon="-79.365711"><ele>82.2</ele><time>2026-05-31T10:36:14.000Z</time></trkpt>
      <trkpt lat="43.680263" lon="-79.365624"><ele>82.2</ele><time>2026-05-31T10:36:15.000Z</time></trkpt>
      <trkpt lat="43.680321" lon="-79.365538"><ele>82.4</ele><time>2026-05-31T10:36:16.000Z</time></trkpt>
      <trkpt lat="43.680381" lon="-79.365452"><ele>82.4</ele><time>2026-05-31T10:36:17.000Z</time></trkpt>
      <trkpt lat="43.680439" lon="-79.365362"><ele>82.4</ele><time>2026-05-31T10:36:18.000Z</time></trkpt>
      <trkpt lat="43.680494" lon="-79.365274"><ele>82.4</ele><time>2026-05-31T10:36:19.000Z</time></trkpt>
      <trkpt lat="43.680552" lon="-79.365186"><ele>82.4</ele><time>2026-05-31T10:36:20.000Z</time></trkpt>
      <trkpt lat="43.680607" lon="-79.365098"><ele>82.2</ele><time>2026-05-31T10:36:21.000Z</time></trkpt>
      <trkpt lat="43.68066" lon="-79.36501"><ele>82</ele><time>2026-05-31T10:36:22.000Z</time></trkpt>
      <trkpt lat="43.680712" lon="-79.36492"><ele>82</ele><time>2026-05-31T10:36:23.000Z</time></trkpt>
      <trkpt lat="43.68077" lon="-79.364835"><ele>82</ele><time>2026-05-31T10:36:24.000Z</time></trkpt>
      <trkpt lat="43.680834" lon="-79.364762"><ele>82</ele><time>2026-05-31T10:36:25.000Z</time></trkpt>
      <trkpt lat="43.680901" lon="-79.364692"><ele>81.8</ele><time>2026-05-31T10:36:26.000Z</time></trkpt>
      <trkpt lat="43.680971" lon="-79.364625"><ele>81.8</ele><time>2026-05-31T10:36:27.000Z</time></trkpt>
      <trkpt lat="43.681045" lon="-79.364561"><ele>81.8</ele><time>2026-05-31T10:36:28.000Z</time></trkpt>
      <trkpt lat="43.681122" lon="-79.364502"><ele>81.8</ele><time>2026-05-31T10:36:29.000Z</time></trkpt>
      <trkpt lat="43.681202" lon="-79.36445"><ele>81.8</ele><time>2026-05-31T10:36:30.000Z</time></trkpt>
      <trkpt lat="43.681283" lon="-79.364401"><ele>81.8</ele><time>2026-05-31T10:36:31.000Z</time></trkpt>
      <trkpt lat="43.681364" lon="-79.364358"><ele>81.8</ele><time>2026-05-31T10:36:32.000Z</time></trkpt>
      <trkpt lat="43.681446" lon="-79.364315"><ele>81.8</ele><time>2026-05-31T10:36:33.000Z</time></trkpt>
      <trkpt lat="43.681528" lon="-79.364276"><ele>81.8</ele><time>2026-05-31T10:36:34.000Z</time></trkpt>
      <trkpt lat="43.681604" lon="-79.364239"><ele>81.8</ele><time>2026-05-31T10:36:35.000Z</time></trkpt>
      <trkpt lat="43.681678" lon="-79.364201"><ele>81.8</ele><time>2026-05-31T10:36:36.000Z</time></trkpt>
      <trkpt lat="43.68175" lon="-79.364165"><ele>82</ele><time>2026-05-31T10:36:37.000Z</time></trkpt>
      <trkpt lat="43.681817" lon="-79.364127"><ele>82.2</ele><time>2026-05-31T10:36:38.000Z</time></trkpt>
      <trkpt lat="43.681883" lon="-79.364085"><ele>82.2</ele><time>2026-05-31T10:36:39.000Z</time></trkpt>
      <trkpt lat="43.681949" lon="-79.364053"><ele>82.6</ele><time>2026-05-31T10:36:40.000Z</time></trkpt>
      <trkpt lat="43.682014" lon="-79.364022"><ele>82.8</ele><time>2026-05-31T10:36:41.000Z</time></trkpt>
      <trkpt lat="43.682075" lon="-79.363987"><ele>83</ele><time>2026-05-31T10:36:42.000Z</time></trkpt>
      <trkpt lat="43.682135" lon="-79.363947"><ele>83.4</ele><time>2026-05-31T10:36:43.000Z</time></trkpt>
      <trkpt lat="43.682191" lon="-79.3639"><ele>83.6</ele><time>2026-05-31T10:36:44.000Z</time></trkpt>
      <trkpt lat="43.682244" lon="-79.363852"><ele>84</ele><time>2026-05-31T10:36:45.000Z</time></trkpt>
      <trkpt lat="43.682297" lon="-79.363802"><ele>84.2</ele><time>2026-05-31T10:36:46.000Z</time></trkpt>
      <trkpt lat="43.682346" lon="-79.363742"><ele>84.4</ele><time>2026-05-31T10:36:47.000Z</time></trkpt>
      <trkpt lat="43.682388" lon="-79.36367"><ele>84.4</ele><time>2026-05-31T10:36:48.000Z</time></trkpt>
      <trkpt lat="43.682429" lon="-79.363597"><ele>84.6</ele><time>2026-05-31T10:36:49.000Z</time></trkpt>
      <trkpt lat="43.682464" lon="-79.363524"><ele>84.6</ele><time>2026-05-31T10:36:50.000Z</time></trkpt>
      <trkpt lat="43.682498" lon="-79.363452"><ele>84.8</ele><time>2026-05-31T10:36:51.000Z</time></trkpt>
      <trkpt lat="43.682529" lon="-79.363383"><ele>85</ele><time>2026-05-31T10:36:52.000Z</time></trkpt>
      <trkpt lat="43.682551" lon="-79.363316"><ele>85.2</ele><time>2026-05-31T10:36:53.000Z</time></trkpt>
      <trkpt lat="43.682574" lon="-79.363251"><ele>85.6</ele><time>2026-05-31T10:36:54.000Z</time></trkpt>
      <trkpt lat="43.682588" lon="-79.36319"><ele>86</ele><time>2026-05-31T10:36:55.000Z</time></trkpt>
      <trkpt lat="43.682592" lon="-79.363138"><ele>86.4</ele><time>2026-05-31T10:36:56.000Z</time></trkpt>
      <trkpt lat="43.682591" lon="-79.363079"><ele>86.8</ele><time>2026-05-31T10:36:57.000Z</time></trkpt>
      <trkpt lat="43.682587" lon="-79.363022"><ele>87.2</ele><time>2026-05-31T10:36:58.000Z</time></trkpt>
      <trkpt lat="43.682569" lon="-79.362963"><ele>87.6</ele><time>2026-05-31T10:36:59.000Z</time></trkpt>
      <trkpt lat="43.682553" lon="-79.362905"><ele>88</ele><time>2026-05-31T10:37:00.000Z</time></trkpt>
      <trkpt lat="43.682526" lon="-79.362852"><ele>88.4</ele><time>2026-05-31T10:37:01.000Z</time></trkpt>
      <trkpt lat="43.682493" lon="-79.362814"><ele>88.6</ele><time>2026-05-31T10:37:02.000Z</time></trkpt>
      <trkpt lat="43.682456" lon="-79.362777"><ele>89</ele><time>2026-05-31T10:37:03.000Z</time></trkpt>
      <trkpt lat="43.682418" lon="-79.362745"><ele>89.4</ele><time>2026-05-31T10:37:04.000Z</time></trkpt>
      <trkpt lat="43.682379" lon="-79.362725"><ele>89.6</ele><time>2026-05-31T10:37:05.000Z</time></trkpt>
      <trkpt lat="43.682339" lon="-79.362713"><ele>90</ele><time>2026-05-31T10:37:06.000Z</time></trkpt>
      <trkpt lat="43.682301" lon="-79.362709"><ele>90.2</ele><time>2026-05-31T10:37:07.000Z</time></trkpt>
      <trkpt lat="43.682256" lon="-79.362716"><ele>90.6</ele><time>2026-05-31T10:37:08.000Z</time></trkpt>
      <trkpt lat="43.682213" lon="-79.36272"><ele>91</ele><time>2026-05-31T10:37:09.000Z</time></trkpt>
      <trkpt lat="43.682172" lon="-79.362721"><ele>91.2</ele><time>2026-05-31T10:37:10.000Z</time></trkpt>
      <trkpt lat="43.682133" lon="-79.362729"><ele>91.6</ele><time>2026-05-31T10:37:11.000Z</time></trkpt>
      <trkpt lat="43.682095" lon="-79.36273"><ele>92</ele><time>2026-05-31T10:37:12.000Z</time></trkpt>
      <trkpt lat="43.682054" lon="-79.362733"><ele>92.2</ele><time>2026-05-31T10:37:13.000Z</time></trkpt>
      <trkpt lat="43.682012" lon="-79.362734"><ele>92.6</ele><time>2026-05-31T10:37:14.000Z</time></trkpt>
      <trkpt lat="43.681969" lon="-79.362737"><ele>93</ele><time>2026-05-31T10:37:15.000Z</time></trkpt>
      <trkpt lat="43.681928" lon="-79.36274"><ele>93.2</ele><time>2026-05-31T10:37:16.000Z</time></trkpt>
      <trkpt lat="43.681892" lon="-79.362745"><ele>93.6</ele><time>2026-05-31T10:37:17.000Z</time></trkpt>
      <trkpt lat="43.68186" lon="-79.362745"><ele>93.8</ele><time>2026-05-31T10:37:18.000Z</time></trkpt>
      <trkpt lat="43.681828" lon="-79.362746"><ele>94.2</ele><time>2026-05-31T10:37:19.000Z</time></trkpt>
      <trkpt lat="43.681799" lon="-79.362744"><ele>94.4</ele><time>2026-05-31T10:37:20.000Z</time></trkpt>
      <trkpt lat="43.681767" lon="-79.362742"><ele>94.6</ele><time>2026-05-31T10:37:21.000Z</time></trkpt>
      <trkpt lat="43.681739" lon="-79.362741"><ele>95</ele><time>2026-05-31T10:37:22.000Z</time></trkpt>
      <trkpt lat="43.681705" lon="-79.362733"><ele>95.2</ele><time>2026-05-31T10:37:23.000Z</time></trkpt>
      <trkpt lat="43.68167" lon="-79.362732"><ele>95.4</ele><time>2026-05-31T10:37:24.000Z</time></trkpt>
      <trkpt lat="43.681634" lon="-79.362728"><ele>95.6</ele><time>2026-05-31T10:37:25.000Z</time></trkpt>
      <trkpt lat="43.681593" lon="-79.362725"><ele>95.8</ele><time>2026-05-31T10:37:26.000Z</time></trkpt>
      <trkpt lat="43.681551" lon="-79.362722"><ele>96</ele><time>2026-05-31T10:37:27.000Z</time></trkpt>
      <trkpt lat="43.681506" lon="-79.36272"><ele>96</ele><time>2026-05-31T10:37:28.000Z</time></trkpt>
      <trkpt lat="43.681466" lon="-79.362719"><ele>96.2</ele><time>2026-05-31T10:37:29.000Z</time></trkpt>
      <trkpt lat="43.68143" lon="-79.36272"><ele>96.2</ele><time>2026-05-31T10:37:30.000Z</time></trkpt>
      <trkpt lat="43.681394" lon="-79.362719"><ele>96.4</ele><time>2026-05-31T10:37:31.000Z</time></trkpt>
      <trkpt lat="43.681353" lon="-79.362716"><ele>96.4</ele><time>2026-05-31T10:37:32.000Z</time></trkpt>
      <trkpt lat="43.681312" lon="-79.362711"><ele>96.6</ele><time>2026-05-31T10:37:33.000Z</time></trkpt>
      <trkpt lat="43.68127" lon="-79.362703"><ele>96.6</ele><time>2026-05-31T10:37:34.000Z</time></trkpt>
      <trkpt lat="43.681225" lon="-79.362695"><ele>96.6</ele><time>2026-05-31T10:37:35.000Z</time></trkpt>
      <trkpt lat="43.681182" lon="-79.362689"><ele>96.8</ele><time>2026-05-31T10:37:36.000Z</time></trkpt>
      <trkpt lat="43.681136" lon="-79.362683"><ele>96.6</ele><time>2026-05-31T10:37:37.000Z</time></trkpt>
      <trkpt lat="43.68109" lon="-79.362678"><ele>96.6</ele><time>2026-05-31T10:37:38.000Z</time></trkpt>
      <trkpt lat="43.681045" lon="-79.36268"><ele>96.6</ele><time>2026-05-31T10:37:39.000Z</time></trkpt>
      <trkpt lat="43.681" lon="-79.362678"><ele>96.6</ele><time>2026-05-31T10:37:40.000Z</time></trkpt>
      <trkpt lat="43.680953" lon="-79.362675"><ele>96.4</ele><time>2026-05-31T10:37:41.000Z</time></trkpt>
      <trkpt lat="43.680904" lon="-79.362671"><ele>96.4</ele><time>2026-05-31T10:37:42.000Z</time></trkpt>
      <trkpt lat="43.680854" lon="-79.362664"><ele>96.4</ele><time>2026-05-31T10:37:43.000Z</time></trkpt>
      <trkpt lat="43.680806" lon="-79.362656"><ele>96.4</ele><time>2026-05-31T10:37:44.000Z</time></trkpt>
      <trkpt lat="43.680755" lon="-79.362651"><ele>96.4</ele><time>2026-05-31T10:37:45.000Z</time></trkpt>
      <trkpt lat="43.680705" lon="-79.362644"><ele>96.4</ele><time>2026-05-31T10:37:46.000Z</time></trkpt>
      <trkpt lat="43.680655" lon="-79.362634"><ele>96.4</ele><time>2026-05-31T10:37:47.000Z</time></trkpt>
      <trkpt lat="43.680603" lon="-79.362624"><ele>96.4</ele><time>2026-05-31T10:37:48.000Z</time></trkpt>
      <trkpt lat="43.680549" lon="-79.362618"><ele>96.4</ele><time>2026-05-31T10:37:49.000Z</time></trkpt>
      <trkpt lat="43.680492" lon="-79.362609"><ele>96.4</ele><time>2026-05-31T10:37:50.000Z</time></trkpt>
      <trkpt lat="43.680436" lon="-79.362605"><ele>96.2</ele><time>2026-05-31T10:37:51.000Z</time></trkpt>
      <trkpt lat="43.68038" lon="-79.362598"><ele>96.2</ele><time>2026-05-31T10:37:52.000Z</time></trkpt>
      <trkpt lat="43.680321" lon="-79.362588"><ele>96</ele><time>2026-05-31T10:37:53.000Z</time></trkpt>
      <trkpt lat="43.680263" lon="-79.362581"><ele>96</ele><time>2026-05-31T10:37:54.000Z</time></trkpt>
      <trkpt lat="43.680203" lon="-79.362573"><ele>95.8</ele><time>2026-05-31T10:37:55.000Z</time></trkpt>
      <trkpt lat="43.680138" lon="-79.362565"><ele>95.8</ele><time>2026-05-31T10:37:56.000Z</time></trkpt>
      <trkpt lat="43.680074" lon="-79.362555"><ele>95.6</ele><time>2026-05-31T10:37:57.000Z</time></trkpt>
      <trkpt lat="43.680011" lon="-79.362545"><ele>95.6</ele><time>2026-05-31T10:37:58.000Z</time></trkpt>
      <trkpt lat="43.679948" lon="-79.362543"><ele>95.6</ele><time>2026-05-31T10:37:59.000Z</time></trkpt>
      <trkpt lat="43.679883" lon="-79.36254"><ele>95.4</ele><time>2026-05-31T10:38:00.000Z</time></trkpt>
      <trkpt lat="43.679819" lon="-79.362531"><ele>95.6</ele><time>2026-05-31T10:38:01.000Z</time></trkpt>
      <trkpt lat="43.679757" lon="-79.362522"><ele>95.2</ele><time>2026-05-31T10:38:02.000Z</time></trkpt>
      <trkpt lat="43.679696" lon="-79.362519"><ele>94.8</ele><time>2026-05-31T10:38:03.000Z</time></trkpt>
      <trkpt lat="43.679633" lon="-79.362513"><ele>94.6</ele><time>2026-05-31T10:38:04.000Z</time></trkpt>
      <trkpt lat="43.67957" lon="-79.362502"><ele>94.6</ele><time>2026-05-31T10:38:05.000Z</time></trkpt>
      <trkpt lat="43.679506" lon="-79.362495"><ele>94.6</ele><time>2026-05-31T10:38:06.000Z</time></trkpt>
      <trkpt lat="43.679442" lon="-79.362492"><ele>94.6</ele><time>2026-05-31T10:38:07.000Z</time></trkpt>
      <trkpt lat="43.679378" lon="-79.362487"><ele>94.6</ele><time>2026-05-31T10:38:08.000Z</time></trkpt>
      <trkpt lat="43.679313" lon="-79.362478"><ele>94.6</ele><time>2026-05-31T10:38:09.000Z</time></trkpt>
      <trkpt lat="43.679246" lon="-79.362471"><ele>94.6</ele><time>2026-05-31T10:38:10.000Z</time></trkpt>
      <trkpt lat="43.679183" lon="-79.362463"><ele>94.4</ele><time>2026-05-31T10:38:11.000Z</time></trkpt>
      <trkpt lat="43.67912" lon="-79.362454"><ele>94.6</ele><time>2026-05-31T10:38:12.000Z</time></trkpt>
      <trkpt lat="43.679058" lon="-79.362448"><ele>94.4</ele><time>2026-05-31T10:38:13.000Z</time></trkpt>
      <trkpt lat="43.678996" lon="-79.362445"><ele>94.4</ele><time>2026-05-31T10:38:14.000Z</time></trkpt>
      <trkpt lat="43.678932" lon="-79.362439"><ele>94.2</ele><time>2026-05-31T10:38:15.000Z</time></trkpt>
      <trkpt lat="43.678865" lon="-79.362427"><ele>94.2</ele><time>2026-05-31T10:38:16.000Z</time></trkpt>
      <trkpt lat="43.6788" lon="-79.362414"><ele>94.2</ele><time>2026-05-31T10:38:17.000Z</time></trkpt>
      <trkpt lat="43.678734" lon="-79.3624"><ele>94</ele><time>2026-05-31T10:38:18.000Z</time></trkpt>
      <trkpt lat="43.678665" lon="-79.36239"><ele>94</ele><time>2026-05-31T10:38:19.000Z</time></trkpt>
      <trkpt lat="43.67859" lon="-79.36238"><ele>94</ele><time>2026-05-31T10:38:20.000Z</time></trkpt>
      <trkpt lat="43.678514" lon="-79.362373"><ele>93.8</ele><time>2026-05-31T10:38:21.000Z</time></trkpt>
      <trkpt lat="43.678437" lon="-79.362363"><ele>93.8</ele><time>2026-05-31T10:38:22.000Z</time></trkpt>
      <trkpt lat="43.67836" lon="-79.36235"><ele>93.8</ele><time>2026-05-31T10:38:23.000Z</time></trkpt>
      <trkpt lat="43.678283" lon="-79.362339"><ele>93.6</ele><time>2026-05-31T10:38:24.000Z</time></trkpt>
      <trkpt lat="43.678202" lon="-79.36233"><ele>93.6</ele><time>2026-05-31T10:38:25.000Z</time></trkpt>
      <trkpt lat="43.678121" lon="-79.362318"><ele>93.4</ele><time>2026-05-31T10:38:26.000Z</time></trkpt>
      <trkpt lat="43.678038" lon="-79.362302"><ele>93.2</ele><time>2026-05-31T10:38:27.000Z</time></trkpt>
      <trkpt lat="43.677954" lon="-79.362284"><ele>93.2</ele><time>2026-05-31T10:38:28.000Z</time></trkpt>
      <trkpt lat="43.677873" lon="-79.36226"><ele>93</ele><time>2026-05-31T10:38:29.000Z</time></trkpt>
      <trkpt lat="43.677789" lon="-79.362233"><ele>92.8</ele><time>2026-05-31T10:38:30.000Z</time></trkpt>
      <trkpt lat="43.677706" lon="-79.362207"><ele>92.6</ele><time>2026-05-31T10:38:31.000Z</time></trkpt>
      <trkpt lat="43.677622" lon="-79.362187"><ele>92.4</ele><time>2026-05-31T10:38:32.000Z</time></trkpt>
      <trkpt lat="43.677537" lon="-79.362171"><ele>92.2</ele><time>2026-05-31T10:38:33.000Z</time></trkpt>
      <trkpt lat="43.67745" lon="-79.362153"><ele>91.8</ele><time>2026-05-31T10:38:34.000Z</time></trkpt>
      <trkpt lat="43.677365" lon="-79.362135"><ele>91.6</ele><time>2026-05-31T10:38:35.000Z</time></trkpt>
      <trkpt lat="43.677281" lon="-79.362119"><ele>91.4</ele><time>2026-05-31T10:38:36.000Z</time></trkpt>
      <trkpt lat="43.677193" lon="-79.362101"><ele>91.4</ele><time>2026-05-31T10:38:37.000Z</time></trkpt>
      <trkpt lat="43.677105" lon="-79.362079"><ele>91.2</ele><time>2026-05-31T10:38:38.000Z</time></trkpt>
      <trkpt lat="43.677019" lon="-79.362059"><ele>91.2</ele><time>2026-05-31T10:38:39.000Z</time></trkpt>
      <trkpt lat="43.676928" lon="-79.362036"><ele>91.2</ele><time>2026-05-31T10:38:40.000Z</time></trkpt>
      <trkpt lat="43.676838" lon="-79.362008"><ele>91</ele><time>2026-05-31T10:38:41.000Z</time></trkpt>
      <trkpt lat="43.67675" lon="-79.361985"><ele>91</ele><time>2026-05-31T10:38:42.000Z</time></trkpt>
      <trkpt lat="43.676661" lon="-79.361962"><ele>91</ele><time>2026-05-31T10:38:43.000Z</time></trkpt>
      <trkpt lat="43.676574" lon="-79.36194"><ele>90.8</ele><time>2026-05-31T10:38:44.000Z</time></trkpt>
      <trkpt lat="43.676487" lon="-79.361918"><ele>90.8</ele><time>2026-05-31T10:38:45.000Z</time></trkpt>
      <trkpt lat="43.676397" lon="-79.361892"><ele>90.6</ele><time>2026-05-31T10:38:46.000Z</time></trkpt>
      <trkpt lat="43.676309" lon="-79.361865"><ele>90.4</ele><time>2026-05-31T10:38:47.000Z</time></trkpt>
      <trkpt lat="43.676225" lon="-79.36184"><ele>90.2</ele><time>2026-05-31T10:38:48.000Z</time></trkpt>
      <trkpt lat="43.676141" lon="-79.361815"><ele>90</ele><time>2026-05-31T10:38:49.000Z</time></trkpt>
      <trkpt lat="43.676058" lon="-79.36179"><ele>90</ele><time>2026-05-31T10:38:50.000Z</time></trkpt>
      <trkpt lat="43.675976" lon="-79.361764"><ele>89.8</ele><time>2026-05-31T10:38:51.000Z</time></trkpt>
      <trkpt lat="43.675895" lon="-79.361742"><ele>89.8</ele><time>2026-05-31T10:38:52.000Z</time></trkpt>
      <trkpt lat="43.675816" lon="-79.361718"><ele>89.6</ele><time>2026-05-31T10:38:53.000Z</time></trkpt>
      <trkpt lat="43.675736" lon="-79.361695"><ele>89.8</ele><time>2026-05-31T10:38:54.000Z</time></trkpt>
      <trkpt lat="43.675657" lon="-79.361673"><ele>89.8</ele><time>2026-05-31T10:38:55.000Z</time></trkpt>
      <trkpt lat="43.675589" lon="-79.361644"><ele>89.8</ele><time>2026-05-31T10:38:56.000Z</time></trkpt>
      <trkpt lat="43.675512" lon="-79.361607"><ele>89.8</ele><time>2026-05-31T10:38:57.000Z</time></trkpt>
      <trkpt lat="43.675425" lon="-79.361581"><ele>89.6</ele><time>2026-05-31T10:38:58.000Z</time></trkpt>
      <trkpt lat="43.67534" lon="-79.361554"><ele>89.6</ele><time>2026-05-31T10:38:59.000Z</time></trkpt>
      <trkpt lat="43.675257" lon="-79.361524"><ele>89.6</ele><time>2026-05-31T10:39:00.000Z</time></trkpt>
      <trkpt lat="43.675172" lon="-79.361493"><ele>89.4</ele><time>2026-05-31T10:39:01.000Z</time></trkpt>
      <trkpt lat="43.675087" lon="-79.361468"><ele>89.4</ele><time>2026-05-31T10:39:02.000Z</time></trkpt>
      <trkpt lat="43.675003" lon="-79.361441"><ele>89.2</ele><time>2026-05-31T10:39:03.000Z</time></trkpt>
      <trkpt lat="43.674918" lon="-79.361408"><ele>89.2</ele><time>2026-05-31T10:39:04.000Z</time></trkpt>
      <trkpt lat="43.674835" lon="-79.361373"><ele>89</ele><time>2026-05-31T10:39:05.000Z</time></trkpt>
      <trkpt lat="43.674752" lon="-79.36134"><ele>88.8</ele><time>2026-05-31T10:39:06.000Z</time></trkpt>
      <trkpt lat="43.674669" lon="-79.361308"><ele>88.6</ele><time>2026-05-31T10:39:07.000Z</time></trkpt>
      <trkpt lat="43.674586" lon="-79.361269"><ele>88.4</ele><time>2026-05-31T10:39:08.000Z</time></trkpt>
      <trkpt lat="43.674501" lon="-79.361228"><ele>88.2</ele><time>2026-05-31T10:39:09.000Z</time></trkpt>
      <trkpt lat="43.674417" lon="-79.361189"><ele>88</ele><time>2026-05-31T10:39:10.000Z</time></trkpt>
      <trkpt lat="43.674331" lon="-79.361149"><ele>88</ele><time>2026-05-31T10:39:11.000Z</time></trkpt>
      <trkpt lat="43.674246" lon="-79.361105"><ele>87.8</ele><time>2026-05-31T10:39:12.000Z</time></trkpt>
      <trkpt lat="43.67416" lon="-79.361059"><ele>87.8</ele><time>2026-05-31T10:39:13.000Z</time></trkpt>
      <trkpt lat="43.674075" lon="-79.361014"><ele>87.6</ele><time>2026-05-31T10:39:14.000Z</time></trkpt>
      <trkpt lat="43.673991" lon="-79.360968"><ele>87.4</ele><time>2026-05-31T10:39:15.000Z</time></trkpt>
      <trkpt lat="43.673903" lon="-79.360923"><ele>87.4</ele><time>2026-05-31T10:39:16.000Z</time></trkpt>
      <trkpt lat="43.673816" lon="-79.360872"><ele>87.2</ele><time>2026-05-31T10:39:17.000Z</time></trkpt>
      <trkpt lat="43.673731" lon="-79.360817"><ele>87</ele><time>2026-05-31T10:39:18.000Z</time></trkpt>
      <trkpt lat="43.673648" lon="-79.36076"><ele>86.8</ele><time>2026-05-31T10:39:19.000Z</time></trkpt>
      <trkpt lat="43.673564" lon="-79.360701"><ele>86.6</ele><time>2026-05-31T10:39:20.000Z</time></trkpt>
      <trkpt lat="43.673481" lon="-79.360641"><ele>86.6</ele><time>2026-05-31T10:39:21.000Z</time></trkpt>
      <trkpt lat="43.673399" lon="-79.360581"><ele>86.4</ele><time>2026-05-31T10:39:22.000Z</time></trkpt>
      <trkpt lat="43.673316" lon="-79.36052"><ele>86.2</ele><time>2026-05-31T10:39:23.000Z</time></trkpt>
      <trkpt lat="43.673232" lon="-79.360463"><ele>86</ele><time>2026-05-31T10:39:24.000Z</time></trkpt>
      <trkpt lat="43.673147" lon="-79.360401"><ele>85.8</ele><time>2026-05-31T10:39:25.000Z</time></trkpt>
      <trkpt lat="43.673062" lon="-79.360337"><ele>85.6</ele><time>2026-05-31T10:39:26.000Z</time></trkpt>
      <trkpt lat="43.67298" lon="-79.360271"><ele>85.4</ele><time>2026-05-31T10:39:27.000Z</time></trkpt>
      <trkpt lat="43.672897" lon="-79.360205"><ele>85.4</ele><time>2026-05-31T10:39:28.000Z</time></trkpt>
      <trkpt lat="43.672816" lon="-79.360135"><ele>85.2</ele><time>2026-05-31T10:39:29.000Z</time></trkpt>
      <trkpt lat="43.672733" lon="-79.360061"><ele>85</ele><time>2026-05-31T10:39:30.000Z</time></trkpt>
      <trkpt lat="43.672652" lon="-79.359989"><ele>84.8</ele><time>2026-05-31T10:39:31.000Z</time></trkpt>
      <trkpt lat="43.67257" lon="-79.359913"><ele>84.8</ele><time>2026-05-31T10:39:32.000Z</time></trkpt>
      <trkpt lat="43.672488" lon="-79.359837"><ele>84.6</ele><time>2026-05-31T10:39:33.000Z</time></trkpt>
      <trkpt lat="43.672404" lon="-79.359762"><ele>84.4</ele><time>2026-05-31T10:39:34.000Z</time></trkpt>
      <trkpt lat="43.672319" lon="-79.359687"><ele>84.2</ele><time>2026-05-31T10:39:35.000Z</time></trkpt>
      <trkpt lat="43.672232" lon="-79.359611"><ele>84</ele><time>2026-05-31T10:39:36.000Z</time></trkpt>
      <trkpt lat="43.672146" lon="-79.359536"><ele>83.8</ele><time>2026-05-31T10:39:37.000Z</time></trkpt>
      <trkpt lat="43.672061" lon="-79.359457"><ele>83.6</ele><time>2026-05-31T10:39:38.000Z</time></trkpt>
      <trkpt lat="43.671978" lon="-79.359375"><ele>83.4</ele><time>2026-05-31T10:39:39.000Z</time></trkpt>
      <trkpt lat="43.671893" lon="-79.359297"><ele>83.2</ele><time>2026-05-31T10:39:40.000Z</time></trkpt>
      <trkpt lat="43.671808" lon="-79.359222"><ele>83.2</ele><time>2026-05-31T10:39:41.000Z</time></trkpt>
      <trkpt lat="43.671723" lon="-79.359145"><ele>83</ele><time>2026-05-31T10:39:42.000Z</time></trkpt>
      <trkpt lat="43.671638" lon="-79.359067"><ele>82.8</ele><time>2026-05-31T10:39:43.000Z</time></trkpt>
      <trkpt lat="43.671553" lon="-79.358987"><ele>82.8</ele><time>2026-05-31T10:39:44.000Z</time></trkpt>
      <trkpt lat="43.671472" lon="-79.358908"><ele>82.6</ele><time>2026-05-31T10:39:45.000Z</time></trkpt>
      <trkpt lat="43.671389" lon="-79.358828"><ele>82.6</ele><time>2026-05-31T10:39:46.000Z</time></trkpt>
      <trkpt lat="43.671307" lon="-79.358751"><ele>82.6</ele><time>2026-05-31T10:39:47.000Z</time></trkpt>
      <trkpt lat="43.671225" lon="-79.358676"><ele>82.6</ele><time>2026-05-31T10:39:48.000Z</time></trkpt>
      <trkpt lat="43.671143" lon="-79.358598"><ele>82.4</ele><time>2026-05-31T10:39:49.000Z</time></trkpt>
      <trkpt lat="43.671059" lon="-79.35852"><ele>82.4</ele><time>2026-05-31T10:39:50.000Z</time></trkpt>
      <trkpt lat="43.670975" lon="-79.358443"><ele>82.2</ele><time>2026-05-31T10:39:51.000Z</time></trkpt>
      <trkpt lat="43.670889" lon="-79.358368"><ele>82.2</ele><time>2026-05-31T10:39:52.000Z</time></trkpt>
      <trkpt lat="43.6708" lon="-79.358291"><ele>81.8</ele><time>2026-05-31T10:39:53.000Z</time></trkpt>
      <trkpt lat="43.670707" lon="-79.358213"><ele>81.6</ele><time>2026-05-31T10:39:54.000Z</time></trkpt>
      <trkpt lat="43.670613" lon="-79.358135"><ele>81.2</ele><time>2026-05-31T10:39:55.000Z</time></trkpt>
      <trkpt lat="43.670519" lon="-79.358057"><ele>80.8</ele><time>2026-05-31T10:39:56.000Z</time></trkpt>
      <trkpt lat="43.670424" lon="-79.357981"><ele>80.4</ele><time>2026-05-31T10:39:57.000Z</time></trkpt>
      <trkpt lat="43.670329" lon="-79.357909"><ele>79.8</ele><time>2026-05-31T10:39:58.000Z</time></trkpt>
      <trkpt lat="43.670232" lon="-79.357839"><ele>79.6</ele><time>2026-05-31T10:39:59.000Z</time></trkpt>
      <trkpt lat="43.670134" lon="-79.357775"><ele>79.2</ele><time>2026-05-31T10:40:00.000Z</time></trkpt>
      <trkpt lat="43.670034" lon="-79.357713"><ele>78.6</ele><time>2026-05-31T10:40:01.000Z</time></trkpt>
      <trkpt lat="43.669935" lon="-79.357655"><ele>78.4</ele><time>2026-05-31T10:40:02.000Z</time></trkpt>
      <trkpt lat="43.669837" lon="-79.357599"><ele>78</ele><time>2026-05-31T10:40:03.000Z</time></trkpt>
      <trkpt lat="43.669739" lon="-79.357545"><ele>77.8</ele><time>2026-05-31T10:40:04.000Z</time></trkpt>
      <trkpt lat="43.669641" lon="-79.357492"><ele>77.6</ele><time>2026-05-31T10:40:05.000Z</time></trkpt>
      <trkpt lat="43.669542" lon="-79.357444"><ele>77.2</ele><time>2026-05-31T10:40:06.000Z</time></trkpt>
      <trkpt lat="43.669444" lon="-79.3574"><ele>77</ele><time>2026-05-31T10:40:07.000Z</time></trkpt>
      <trkpt lat="43.669343" lon="-79.357357"><ele>76.8</ele><time>2026-05-31T10:40:08.000Z</time></trkpt>
      <trkpt lat="43.669242" lon="-79.357315"><ele>76.6</ele><time>2026-05-31T10:40:09.000Z</time></trkpt>
      <trkpt lat="43.669138" lon="-79.357275"><ele>76.4</ele><time>2026-05-31T10:40:10.000Z</time></trkpt>
      <trkpt lat="43.669035" lon="-79.357237"><ele>76.4</ele><time>2026-05-31T10:40:11.000Z</time></trkpt>
      <trkpt lat="43.668933" lon="-79.357201"><ele>76.2</ele><time>2026-05-31T10:40:12.000Z</time></trkpt>
      <trkpt lat="43.668832" lon="-79.357172"><ele>76</ele><time>2026-05-31T10:40:13.000Z</time></trkpt>
      <trkpt lat="43.66873" lon="-79.357144"><ele>76</ele><time>2026-05-31T10:40:14.000Z</time></trkpt>
      <trkpt lat="43.668629" lon="-79.357117"><ele>76</ele><time>2026-05-31T10:40:15.000Z</time></trkpt>
      <trkpt lat="43.668531" lon="-79.357087"><ele>76</ele><time>2026-05-31T10:40:16.000Z</time></trkpt>
      <trkpt lat="43.668434" lon="-79.357056"><ele>76.2</ele><time>2026-05-31T10:40:17.000Z</time></trkpt>
      <trkpt lat="43.668338" lon="-79.35703"><ele>76.4</ele><time>2026-05-31T10:40:18.000Z</time></trkpt>
      <trkpt lat="43.668243" lon="-79.357007"><ele>76.6</ele><time>2026-05-31T10:40:19.000Z</time></trkpt>
      <trkpt lat="43.668149" lon="-79.356984"><ele>76.6</ele><time>2026-05-31T10:40:20.000Z</time></trkpt>
      <trkpt lat="43.668056" lon="-79.356961"><ele>76.8</ele><time>2026-05-31T10:40:21.000Z</time></trkpt>
      <trkpt lat="43.667964" lon="-79.356933"><ele>76.8</ele><time>2026-05-31T10:40:22.000Z</time></trkpt>
      <trkpt lat="43.667873" lon="-79.356905"><ele>77</ele><time>2026-05-31T10:40:23.000Z</time></trkpt>
      <trkpt lat="43.667784" lon="-79.356875"><ele>77</ele><time>2026-05-31T10:40:24.000Z</time></trkpt>
      <trkpt lat="43.667698" lon="-79.356847"><ele>77.2</ele><time>2026-05-31T10:40:25.000Z</time></trkpt>
      <trkpt lat="43.667606" lon="-79.356819"><ele>77.2</ele><time>2026-05-31T10:40:26.000Z</time></trkpt>
      <trkpt lat="43.667516" lon="-79.356793"><ele>77.4</ele><time>2026-05-31T10:40:27.000Z</time></trkpt>
      <trkpt lat="43.667427" lon="-79.356772"><ele>77.4</ele><time>2026-05-31T10:40:28.000Z</time></trkpt>
      <trkpt lat="43.667337" lon="-79.35675"><ele>77.6</ele><time>2026-05-31T10:40:29.000Z</time></trkpt>
      <trkpt lat="43.66725" lon="-79.356726"><ele>77.6</ele><time>2026-05-31T10:40:30.000Z</time></trkpt>
      <trkpt lat="43.667164" lon="-79.356701"><ele>77.6</ele><time>2026-05-31T10:40:31.000Z</time></trkpt>
      <trkpt lat="43.667079" lon="-79.356674"><ele>77.8</ele><time>2026-05-31T10:40:32.000Z</time></trkpt>
      <trkpt lat="43.666994" lon="-79.356649"><ele>77.8</ele><time>2026-05-31T10:40:33.000Z</time></trkpt>
      <trkpt lat="43.666909" lon="-79.356625"><ele>77.8</ele><time>2026-05-31T10:40:34.000Z</time></trkpt>
      <trkpt lat="43.666823" lon="-79.3566"><ele>77.8</ele><time>2026-05-31T10:40:35.000Z</time></trkpt>
      <trkpt lat="43.666737" lon="-79.356574"><ele>78</ele><time>2026-05-31T10:40:36.000Z</time></trkpt>
      <trkpt lat="43.666652" lon="-79.356549"><ele>78</ele><time>2026-05-31T10:40:37.000Z</time></trkpt>
      <trkpt lat="43.666566" lon="-79.356524"><ele>78.2</ele><time>2026-05-31T10:40:38.000Z</time></trkpt>
      <trkpt lat="43.666485" lon="-79.356499"><ele>78.2</ele><time>2026-05-31T10:40:39.000Z</time></trkpt>
      <trkpt lat="43.666402" lon="-79.356472"><ele>78.2</ele><time>2026-05-31T10:40:40.000Z</time></trkpt>
      <trkpt lat="43.666318" lon="-79.356445"><ele>78.4</ele><time>2026-05-31T10:40:41.000Z</time></trkpt>
      <trkpt lat="43.666235" lon="-79.356418"><ele>78.4</ele><time>2026-05-31T10:40:42.000Z</time></trkpt>
      <trkpt lat="43.666151" lon="-79.356393"><ele>78.4</ele><time>2026-05-31T10:40:43.000Z</time></trkpt>
      <trkpt lat="43.666068" lon="-79.356371"><ele>78.4</ele><time>2026-05-31T10:40:44.000Z</time></trkpt>
      <trkpt lat="43.665989" lon="-79.356348"><ele>78.4</ele><time>2026-05-31T10:40:45.000Z</time></trkpt>
      <trkpt lat="43.66591" lon="-79.356324"><ele>78.4</ele><time>2026-05-31T10:40:46.000Z</time></trkpt>
      <trkpt lat="43.665831" lon="-79.356301"><ele>78.2</ele><time>2026-05-31T10:40:47.000Z</time></trkpt>
      <trkpt lat="43.665752" lon="-79.35628"><ele>78.4</ele><time>2026-05-31T10:40:48.000Z</time></trkpt>
      <trkpt lat="43.665673" lon="-79.356263"><ele>78.4</ele><time>2026-05-31T10:40:49.000Z</time></trkpt>
      <trkpt lat="43.665596" lon="-79.356244"><ele>78.4</ele><time>2026-05-31T10:40:50.000Z</time></trkpt>
      <trkpt lat="43.665522" lon="-79.356221"><ele>78.2</ele><time>2026-05-31T10:40:51.000Z</time></trkpt>
      <trkpt lat="43.665448" lon="-79.356199"><ele>78.4</ele><time>2026-05-31T10:40:52.000Z</time></trkpt>
      <trkpt lat="43.665373" lon="-79.356176"><ele>78.2</ele><time>2026-05-31T10:40:53.000Z</time></trkpt>
      <trkpt lat="43.665297" lon="-79.35615"><ele>78.2</ele><time>2026-05-31T10:40:54.000Z</time></trkpt>
      <trkpt lat="43.665222" lon="-79.356127"><ele>78.2</ele><time>2026-05-31T10:40:55.000Z</time></trkpt>
      <trkpt lat="43.665148" lon="-79.356108"><ele>78.2</ele><time>2026-05-31T10:40:56.000Z</time></trkpt>
      <trkpt lat="43.665072" lon="-79.356092"><ele>78.2</ele><time>2026-05-31T10:40:57.000Z</time></trkpt>
      <trkpt lat="43.665001" lon="-79.35607"><ele>77.8</ele><time>2026-05-31T10:40:58.000Z</time></trkpt>
      <trkpt lat="43.664929" lon="-79.356045"><ele>76.8</ele><time>2026-05-31T10:40:59.000Z</time></trkpt>
      <trkpt lat="43.664858" lon="-79.356018"><ele>76</ele><time>2026-05-31T10:41:00.000Z</time></trkpt>
      <trkpt lat="43.664784" lon="-79.355997"><ele>75.6</ele><time>2026-05-31T10:41:01.000Z</time></trkpt>
      <trkpt lat="43.664711" lon="-79.355981"><ele>75.8</ele><time>2026-05-31T10:41:02.000Z</time></trkpt>
      <trkpt lat="43.664641" lon="-79.35596"><ele>76.2</ele><time>2026-05-31T10:41:03.000Z</time></trkpt>
      <trkpt lat="43.664585" lon="-79.355945"><ele>77.4</ele><time>2026-05-31T10:41:04.000Z</time></trkpt>
      <trkpt lat="43.664512" lon="-79.355926"><ele>78</ele><time>2026-05-31T10:41:05.000Z</time></trkpt>
      <trkpt lat="43.664425" lon="-79.355902"><ele>78.2</ele><time>2026-05-31T10:41:06.000Z</time></trkpt>
      <trkpt lat="43.664339" lon="-79.355882"><ele>78.2</ele><time>2026-05-31T10:41:07.000Z</time></trkpt>
      <trkpt lat="43.664249" lon="-79.35586"><ele>78.2</ele><time>2026-05-31T10:41:08.000Z</time></trkpt>
      <trkpt lat="43.66416" lon="-79.355836"><ele>77.6</ele><time>2026-05-31T10:41:09.000Z</time></trkpt>
      <trkpt lat="43.66407" lon="-79.355812"><ele>77.2</ele><time>2026-05-31T10:41:10.000Z</time></trkpt>
      <trkpt lat="43.663981" lon="-79.355785"><ele>77</ele><time>2026-05-31T10:41:11.000Z</time></trkpt>
      <trkpt lat="43.663895" lon="-79.355758"><ele>76.8</ele><time>2026-05-31T10:41:12.000Z</time></trkpt>
      <trkpt lat="43.663808" lon="-79.355728"><ele>76.6</ele><time>2026-05-31T10:41:13.000Z</time></trkpt>
      <trkpt lat="43.663721" lon="-79.355703"><ele>76.6</ele><time>2026-05-31T10:41:14.000Z</time></trkpt>
      <trkpt lat="43.663631" lon="-79.355675"><ele>76.4</ele><time>2026-05-31T10:41:15.000Z</time></trkpt>
      <trkpt lat="43.663542" lon="-79.35565"><ele>76.4</ele><time>2026-05-31T10:41:16.000Z</time></trkpt>
      <trkpt lat="43.663452" lon="-79.355625"><ele>76.2</ele><time>2026-05-31T10:41:17.000Z</time></trkpt>
      <trkpt lat="43.663359" lon="-79.3556"><ele>76.2</ele><time>2026-05-31T10:41:18.000Z</time></trkpt>
      <trkpt lat="43.663267" lon="-79.35557"><ele>76</ele><time>2026-05-31T10:41:19.000Z</time></trkpt>
      <trkpt lat="43.663177" lon="-79.355541"><ele>76</ele><time>2026-05-31T10:41:20.000Z</time></trkpt>
      <trkpt lat="43.663087" lon="-79.355512"><ele>75.8</ele><time>2026-05-31T10:41:21.000Z</time></trkpt>
      <trkpt lat="43.662997" lon="-79.355484"><ele>75.6</ele><time>2026-05-31T10:41:22.000Z</time></trkpt>
      <trkpt lat="43.662907" lon="-79.355456"><ele>75.6</ele><time>2026-05-31T10:41:23.000Z</time></trkpt>
      <trkpt lat="43.662815" lon="-79.355427"><ele>75.6</ele><time>2026-05-31T10:41:24.000Z</time></trkpt>
      <trkpt lat="43.662724" lon="-79.355399"><ele>75.6</ele><time>2026-05-31T10:41:25.000Z</time></trkpt>
      <trkpt lat="43.662635" lon="-79.355373"><ele>75.4</ele><time>2026-05-31T10:41:26.000Z</time></trkpt>
      <trkpt lat="43.662547" lon="-79.355349"><ele>75.4</ele><time>2026-05-31T10:41:27.000Z</time></trkpt>
      <trkpt lat="43.662459" lon="-79.355324"><ele>75.4</ele><time>2026-05-31T10:41:28.000Z</time></trkpt>
      <trkpt lat="43.662372" lon="-79.355297"><ele>75.4</ele><time>2026-05-31T10:41:29.000Z</time></trkpt>
      <trkpt lat="43.662287" lon="-79.355269"><ele>75.4</ele><time>2026-05-31T10:41:30.000Z</time></trkpt>
      <trkpt lat="43.662203" lon="-79.355245"><ele>75.4</ele><time>2026-05-31T10:41:31.000Z</time></trkpt>
      <trkpt lat="43.66212" lon="-79.355221"><ele>75.6</ele><time>2026-05-31T10:41:32.000Z</time></trkpt>
      <trkpt lat="43.662039" lon="-79.355195"><ele>75.8</ele><time>2026-05-31T10:41:33.000Z</time></trkpt>
      <trkpt lat="43.661959" lon="-79.355174"><ele>75.8</ele><time>2026-05-31T10:41:34.000Z</time></trkpt>
      <trkpt lat="43.661883" lon="-79.355154"><ele>75.8</ele><time>2026-05-31T10:41:35.000Z</time></trkpt>
      <trkpt lat="43.661809" lon="-79.355132"><ele>76</ele><time>2026-05-31T10:41:36.000Z</time></trkpt>
      <trkpt lat="43.661739" lon="-79.355113"><ele>76.2</ele><time>2026-05-31T10:41:37.000Z</time></trkpt>
      <trkpt lat="43.661686" lon="-79.355089"><ele>76.2</ele><time>2026-05-31T10:41:38.000Z</time></trkpt>
      <trkpt lat="43.661609" lon="-79.355064"><ele>76.2</ele><time>2026-05-31T10:41:39.000Z</time></trkpt>
      <trkpt lat="43.661533" lon="-79.355041"><ele>76.4</ele><time>2026-05-31T10:41:40.000Z</time></trkpt>
      <trkpt lat="43.661452" lon="-79.355015"><ele>76.6</ele><time>2026-05-31T10:41:41.000Z</time></trkpt>
      <trkpt lat="43.661374" lon="-79.35499"><ele>76.6</ele><time>2026-05-31T10:41:42.000Z</time></trkpt>
      <trkpt lat="43.661292" lon="-79.35496"><ele>76.6</ele><time>2026-05-31T10:41:43.000Z</time></trkpt>
      <trkpt lat="43.661208" lon="-79.354934"><ele>76.6</ele><time>2026-05-31T10:41:44.000Z</time></trkpt>
      <trkpt lat="43.661125" lon="-79.354912"><ele>76.6</ele><time>2026-05-31T10:41:45.000Z</time></trkpt>
      <trkpt lat="43.661041" lon="-79.354893"><ele>76.6</ele><time>2026-05-31T10:41:46.000Z</time></trkpt>
      <trkpt lat="43.66096" lon="-79.354876"><ele>76.8</ele><time>2026-05-31T10:41:47.000Z</time></trkpt>
      <trkpt lat="43.660883" lon="-79.354859"><ele>76.8</ele><time>2026-05-31T10:41:48.000Z</time></trkpt>
      <trkpt lat="43.660807" lon="-79.354837"><ele>76.8</ele><time>2026-05-31T10:41:49.000Z</time></trkpt>
      <trkpt lat="43.660729" lon="-79.354814"><ele>77</ele><time>2026-05-31T10:41:50.000Z</time></trkpt>
      <trkpt lat="43.660653" lon="-79.354791"><ele>77</ele><time>2026-05-31T10:41:51.000Z</time></trkpt>
      <trkpt lat="43.660576" lon="-79.354771"><ele>77</ele><time>2026-05-31T10:41:52.000Z</time></trkpt>
      <trkpt lat="43.660497" lon="-79.35475"><ele>77</ele><time>2026-05-31T10:41:53.000Z</time></trkpt>
      <trkpt lat="43.660419" lon="-79.35473"><ele>77</ele><time>2026-05-31T10:41:54.000Z</time></trkpt>
      <trkpt lat="43.660338" lon="-79.354709"><ele>77</ele><time>2026-05-31T10:41:55.000Z</time></trkpt>
      <trkpt lat="43.660262" lon="-79.354685"><ele>77</ele><time>2026-05-31T10:41:56.000Z</time></trkpt>
      <trkpt lat="43.660184" lon="-79.354666"><ele>77</ele><time>2026-05-31T10:41:57.000Z</time></trkpt>
      <trkpt lat="43.660104" lon="-79.354646"><ele>77</ele><time>2026-05-31T10:41:58.000Z</time></trkpt>
      <trkpt lat="43.660022" lon="-79.354627"><ele>77</ele><time>2026-05-31T10:41:59.000Z</time></trkpt>
      <trkpt lat="43.659943" lon="-79.354604"><ele>77</ele><time>2026-05-31T10:42:00.000Z</time></trkpt>
      <trkpt lat="43.659864" lon="-79.354578"><ele>77</ele><time>2026-05-31T10:42:01.000Z</time></trkpt>
      <trkpt lat="43.659786" lon="-79.354554"><ele>76.8</ele><time>2026-05-31T10:42:02.000Z</time></trkpt>
      <trkpt lat="43.659707" lon="-79.354533"><ele>76.8</ele><time>2026-05-31T10:42:03.000Z</time></trkpt>
      <trkpt lat="43.659627" lon="-79.354512"><ele>76.8</ele><time>2026-05-31T10:42:04.000Z</time></trkpt>
      <trkpt lat="43.65955" lon="-79.35449"><ele>76.6</ele><time>2026-05-31T10:42:05.000Z</time></trkpt>
      <trkpt lat="43.659471" lon="-79.354466"><ele>76.6</ele><time>2026-05-31T10:42:06.000Z</time></trkpt>
      <trkpt lat="43.659392" lon="-79.354439"><ele>76.6</ele><time>2026-05-31T10:42:07.000Z</time></trkpt>
      <trkpt lat="43.659318" lon="-79.354412"><ele>76.8</ele><time>2026-05-31T10:42:08.000Z</time></trkpt>
      <trkpt lat="43.659243" lon="-79.354388"><ele>76.8</ele><time>2026-05-31T10:42:09.000Z</time></trkpt>
      <trkpt lat="43.659166" lon="-79.354362"><ele>76.8</ele><time>2026-05-31T10:42:10.000Z</time></trkpt>
      <trkpt lat="43.659086" lon="-79.354335"><ele>77</ele><time>2026-05-31T10:42:11.000Z</time></trkpt>
      <trkpt lat="43.659006" lon="-79.354303"><ele>77</ele><time>2026-05-31T10:42:12.000Z</time></trkpt>
      <trkpt lat="43.658927" lon="-79.354272"><ele>77</ele><time>2026-05-31T10:42:13.000Z</time></trkpt>
      <trkpt lat="43.658848" lon="-79.35424"><ele>76.8</ele><time>2026-05-31T10:42:14.000Z</time></trkpt>
      <trkpt lat="43.658771" lon="-79.35421"><ele>76.8</ele><time>2026-05-31T10:42:15.000Z</time></trkpt>
      <trkpt lat="43.658693" lon="-79.354179"><ele>76.8</ele><time>2026-05-31T10:42:16.000Z</time></trkpt>
      <trkpt lat="43.658617" lon="-79.35414"><ele>76.8</ele><time>2026-05-31T10:42:17.000Z</time></trkpt>
      <trkpt lat="43.658541" lon="-79.354098"><ele>76.8</ele><time>2026-05-31T10:42:18.000Z</time></trkpt>
      <trkpt lat="43.658464" lon="-79.354055"><ele>76.8</ele><time>2026-05-31T10:42:19.000Z</time></trkpt>
      <trkpt lat="43.658386" lon="-79.35401"><ele>76.6</ele><time>2026-05-31T10:42:20.000Z</time></trkpt>
      <trkpt lat="43.658307" lon="-79.353964"><ele>76.6</ele><time>2026-05-31T10:42:21.000Z</time></trkpt>
      <trkpt lat="43.658226" lon="-79.353919"><ele>76.6</ele><time>2026-05-31T10:42:22.000Z</time></trkpt>
      <trkpt lat="43.658147" lon="-79.353871"><ele>76.6</ele><time>2026-05-31T10:42:23.000Z</time></trkpt>
      <trkpt lat="43.658072" lon="-79.353822"><ele>76.4</ele><time>2026-05-31T10:42:24.000Z</time></trkpt>
      <trkpt lat="43.657994" lon="-79.353772"><ele>76.4</ele><time>2026-05-31T10:42:25.000Z</time></trkpt>
      <trkpt lat="43.657939" lon="-79.353723"><ele>76.4</ele><time>2026-05-31T10:42:26.000Z</time></trkpt>
      <trkpt lat="43.657868" lon="-79.353666"><ele>76.2</ele><time>2026-05-31T10:42:27.000Z</time></trkpt>
      <trkpt lat="43.657788" lon="-79.353611"><ele>76.2</ele><time>2026-05-31T10:42:28.000Z</time></trkpt>
      <trkpt lat="43.65771" lon="-79.353553"><ele>76.2</ele><time>2026-05-31T10:42:29.000Z</time></trkpt>
      <trkpt lat="43.657632" lon="-79.353491"><ele>76.4</ele><time>2026-05-31T10:42:30.000Z</time></trkpt>
      <trkpt lat="43.657559" lon="-79.353425"><ele>76.4</ele><time>2026-05-31T10:42:31.000Z</time></trkpt>
      <trkpt lat="43.657488" lon="-79.353366"><ele>76.4</ele><time>2026-05-31T10:42:32.000Z</time></trkpt>
      <trkpt lat="43.657415" lon="-79.353307"><ele>76.4</ele><time>2026-05-31T10:42:33.000Z</time></trkpt>
      <trkpt lat="43.657341" lon="-79.353249"><ele>76.6</ele><time>2026-05-31T10:42:34.000Z</time></trkpt>
      <trkpt lat="43.657268" lon="-79.353185"><ele>76.6</ele><time>2026-05-31T10:42:35.000Z</time></trkpt>
      <trkpt lat="43.657199" lon="-79.353116"><ele>76.8</ele><time>2026-05-31T10:42:36.000Z</time></trkpt>
      <trkpt lat="43.657133" lon="-79.353048"><ele>76.8</ele><time>2026-05-31T10:42:37.000Z</time></trkpt>
      <trkpt lat="43.657063" lon="-79.352981"><ele>77</ele><time>2026-05-31T10:42:38.000Z</time></trkpt>
      <trkpt lat="43.656994" lon="-79.352916"><ele>77</ele><time>2026-05-31T10:42:39.000Z</time></trkpt>
      <trkpt lat="43.656925" lon="-79.352846"><ele>77.2</ele><time>2026-05-31T10:42:40.000Z</time></trkpt>
      <trkpt lat="43.656858" lon="-79.352771"><ele>77.2</ele><time>2026-05-31T10:42:41.000Z</time></trkpt>
      <trkpt lat="43.656793" lon="-79.352697"><ele>77.2</ele><time>2026-05-31T10:42:42.000Z</time></trkpt>
      <trkpt lat="43.65673" lon="-79.352631"><ele>77</ele><time>2026-05-31T10:42:43.000Z</time></trkpt>
      <trkpt lat="43.656671" lon="-79.352569"><ele>77</ele><time>2026-05-31T10:42:44.000Z</time></trkpt>
      <trkpt lat="43.656627" lon="-79.352503"><ele>77</ele><time>2026-05-31T10:42:45.000Z</time></trkpt>
      <trkpt lat="43.656571" lon="-79.352431"><ele>77</ele><time>2026-05-31T10:42:46.000Z</time></trkpt>
      <trkpt lat="43.656499" lon="-79.35235"><ele>77</ele><time>2026-05-31T10:42:47.000Z</time></trkpt>
      <trkpt lat="43.656425" lon="-79.352266"><ele>77</ele><time>2026-05-31T10:42:48.000Z</time></trkpt>
      <trkpt lat="43.656356" lon="-79.352189"><ele>77</ele><time>2026-05-31T10:42:49.000Z</time></trkpt>
      <trkpt lat="43.656287" lon="-79.352114"><ele>77</ele><time>2026-05-31T10:42:50.000Z</time></trkpt>
      <trkpt lat="43.656221" lon="-79.352037"><ele>77</ele><time>2026-05-31T10:42:51.000Z</time></trkpt>
      <trkpt lat="43.656156" lon="-79.351961"><ele>77</ele><time>2026-05-31T10:42:52.000Z</time></trkpt>
      <trkpt lat="43.656093" lon="-79.351883"><ele>77.2</ele><time>2026-05-31T10:42:53.000Z</time></trkpt>
      <trkpt lat="43.656029" lon="-79.351805"><ele>77.2</ele><time>2026-05-31T10:42:54.000Z</time></trkpt>
      <trkpt lat="43.655965" lon="-79.351732"><ele>77.2</ele><time>2026-05-31T10:42:55.000Z</time></trkpt>
      <trkpt lat="43.655898" lon="-79.35166"><ele>77.2</ele><time>2026-05-31T10:42:56.000Z</time></trkpt>
      <trkpt lat="43.655835" lon="-79.351587"><ele>77.2</ele><time>2026-05-31T10:42:57.000Z</time></trkpt>
      <trkpt lat="43.655772" lon="-79.351516"><ele>77.2</ele><time>2026-05-31T10:42:58.000Z</time></trkpt>
      <trkpt lat="43.655708" lon="-79.351441"><ele>77.2</ele><time>2026-05-31T10:42:59.000Z</time></trkpt>
      <trkpt lat="43.655645" lon="-79.351368"><ele>77.2</ele><time>2026-05-31T10:43:00.000Z</time></trkpt>
      <trkpt lat="43.655581" lon="-79.351294"><ele>77.2</ele><time>2026-05-31T10:43:01.000Z</time></trkpt>
      <trkpt lat="43.655511" lon="-79.35122"><ele>77.2</ele><time>2026-05-31T10:43:02.000Z</time></trkpt>
      <trkpt lat="43.655442" lon="-79.351143"><ele>77.2</ele><time>2026-05-31T10:43:03.000Z</time></trkpt>
      <trkpt lat="43.655377" lon="-79.351064"><ele>77</ele><time>2026-05-31T10:43:04.000Z</time></trkpt>
      <trkpt lat="43.655314" lon="-79.350985"><ele>77</ele><time>2026-05-31T10:43:05.000Z</time></trkpt>
      <trkpt lat="43.655248" lon="-79.350907"><ele>76.8</ele><time>2026-05-31T10:43:06.000Z</time></trkpt>
      <trkpt lat="43.655182" lon="-79.350833"><ele>76.8</ele><time>2026-05-31T10:43:07.000Z</time></trkpt>
      <trkpt lat="43.655116" lon="-79.350758"><ele>76.8</ele><time>2026-05-31T10:43:08.000Z</time></trkpt>
      <trkpt lat="43.655048" lon="-79.350685"><ele>76.8</ele><time>2026-05-31T10:43:09.000Z</time></trkpt>
      <trkpt lat="43.654981" lon="-79.350611"><ele>76.8</ele><time>2026-05-31T10:43:10.000Z</time></trkpt>
      <trkpt lat="43.654913" lon="-79.350535"><ele>76.8</ele><time>2026-05-31T10:43:11.000Z</time></trkpt>
      <trkpt lat="43.654847" lon="-79.350462"><ele>76.6</ele><time>2026-05-31T10:43:12.000Z</time></trkpt>
      <trkpt lat="43.654784" lon="-79.35039"><ele>76.4</ele><time>2026-05-31T10:43:13.000Z</time></trkpt>
      <trkpt lat="43.654723" lon="-79.350318"><ele>76.4</ele><time>2026-05-31T10:43:14.000Z</time></trkpt>
      <trkpt lat="43.654663" lon="-79.350248"><ele>76.2</ele><time>2026-05-31T10:43:15.000Z</time></trkpt>
      <trkpt lat="43.654599" lon="-79.35018"><ele>76</ele><time>2026-05-31T10:43:16.000Z</time></trkpt>
      <trkpt lat="43.654534" lon="-79.350113"><ele>75.8</ele><time>2026-05-31T10:43:17.000Z</time></trkpt>
      <trkpt lat="43.65447" lon="-79.350042"><ele>75.8</ele><time>2026-05-31T10:43:18.000Z</time></trkpt>
      <trkpt lat="43.654406" lon="-79.349977"><ele>75.6</ele><time>2026-05-31T10:43:19.000Z</time></trkpt>
      <trkpt lat="43.654341" lon="-79.349912"><ele>75.6</ele><time>2026-05-31T10:43:20.000Z</time></trkpt>
      <trkpt lat="43.654275" lon="-79.349848"><ele>75.6</ele><time>2026-05-31T10:43:21.000Z</time></trkpt>
      <trkpt lat="43.654208" lon="-79.349787"><ele>75.4</ele><time>2026-05-31T10:43:22.000Z</time></trkpt>
      <trkpt lat="43.654142" lon="-79.349724"><ele>75.4</ele><time>2026-05-31T10:43:23.000Z</time></trkpt>
      <trkpt lat="43.654076" lon="-79.349663"><ele>75.2</ele><time>2026-05-31T10:43:24.000Z</time></trkpt>
      <trkpt lat="43.654011" lon="-79.349609"><ele>75.2</ele><time>2026-05-31T10:43:25.000Z</time></trkpt>
      <trkpt lat="43.653953" lon="-79.349547"><ele>75.2</ele><time>2026-05-31T10:43:26.000Z</time></trkpt>
      <trkpt lat="43.653898" lon="-79.34951"><ele>75.2</ele><time>2026-05-31T10:43:27.000Z</time></trkpt>
      <trkpt lat="43.653839" lon="-79.349459"><ele>75.2</ele><time>2026-05-31T10:43:28.000Z</time></trkpt>
      <trkpt lat="43.653779" lon="-79.349417"><ele>75.4</ele><time>2026-05-31T10:43:29.000Z</time></trkpt>
      <trkpt lat="43.653729" lon="-79.349378"><ele>75.4</ele><time>2026-05-31T10:43:30.000Z</time></trkpt>
      <trkpt lat="43.65367" lon="-79.349331"><ele>75.4</ele><time>2026-05-31T10:43:31.000Z</time></trkpt>
      <trkpt lat="43.653599" lon="-79.349276"><ele>75.6</ele><time>2026-05-31T10:43:32.000Z</time></trkpt>
      <trkpt lat="43.653534" lon="-79.349222"><ele>75.6</ele><time>2026-05-31T10:43:33.000Z</time></trkpt>
      <trkpt lat="43.653473" lon="-79.349169"><ele>75.6</ele><time>2026-05-31T10:43:34.000Z</time></trkpt>
      <trkpt lat="43.653413" lon="-79.349117"><ele>75.8</ele><time>2026-05-31T10:43:35.000Z</time></trkpt>
      <trkpt lat="43.653353" lon="-79.349069"><ele>75.8</ele><time>2026-05-31T10:43:36.000Z</time></trkpt>
      <trkpt lat="43.653291" lon="-79.349029"><ele>76.2</ele><time>2026-05-31T10:43:37.000Z</time></trkpt>
      <trkpt lat="43.653232" lon="-79.348994"><ele>76.4</ele><time>2026-05-31T10:43:38.000Z</time></trkpt>
      <trkpt lat="43.653175" lon="-79.348957"><ele>76.6</ele><time>2026-05-31T10:43:39.000Z</time></trkpt>
      <trkpt lat="43.653116" lon="-79.348919"><ele>76.8</ele><time>2026-05-31T10:43:40.000Z</time></trkpt>
      <trkpt lat="43.653055" lon="-79.348881"><ele>77</ele><time>2026-05-31T10:43:41.000Z</time></trkpt>
      <trkpt lat="43.652995" lon="-79.348853"><ele>77.2</ele><time>2026-05-31T10:43:42.000Z</time></trkpt>
      <trkpt lat="43.652934" lon="-79.348828"><ele>77.4</ele><time>2026-05-31T10:43:43.000Z</time></trkpt>
      <trkpt lat="43.652875" lon="-79.348801"><ele>77.6</ele><time>2026-05-31T10:43:44.000Z</time></trkpt>
      <trkpt lat="43.652816" lon="-79.348772"><ele>78</ele><time>2026-05-31T10:43:45.000Z</time></trkpt>
      <trkpt lat="43.652756" lon="-79.348747"><ele>78.4</ele><time>2026-05-31T10:43:46.000Z</time></trkpt>
      <trkpt lat="43.652698" lon="-79.348725"><ele>78.8</ele><time>2026-05-31T10:43:47.000Z</time></trkpt>
      <trkpt lat="43.652643" lon="-79.348704"><ele>79</ele><time>2026-05-31T10:43:48.000Z</time></trkpt>
      <trkpt lat="43.652586" lon="-79.348691"><ele>79.4</ele><time>2026-05-31T10:43:49.000Z</time></trkpt>
      <trkpt lat="43.65253" lon="-79.348675"><ele>79.6</ele><time>2026-05-31T10:43:50.000Z</time></trkpt>
      <trkpt lat="43.652478" lon="-79.348662"><ele>79.8</ele><time>2026-05-31T10:43:51.000Z</time></trkpt>
      <trkpt lat="43.652426" lon="-79.348656"><ele>80.2</ele><time>2026-05-31T10:43:52.000Z</time></trkpt>
      <trkpt lat="43.652376" lon="-79.348648"><ele>80.4</ele><time>2026-05-31T10:43:53.000Z</time></trkpt>
      <trkpt lat="43.652328" lon="-79.34864"><ele>80.6</ele><time>2026-05-31T10:43:54.000Z</time></trkpt>
      <trkpt lat="43.65228" lon="-79.348631"><ele>81</ele><time>2026-05-31T10:43:55.000Z</time></trkpt>
      <trkpt lat="43.652231" lon="-79.348625"><ele>81.2</ele><time>2026-05-31T10:43:56.000Z</time></trkpt>
      <trkpt lat="43.652182" lon="-79.348619"><ele>81.4</ele><time>2026-05-31T10:43:57.000Z</time></trkpt>
      <trkpt lat="43.652133" lon="-79.348616"><ele>81.8</ele><time>2026-05-31T10:43:58.000Z</time></trkpt>
      <trkpt lat="43.652088" lon="-79.348615"><ele>82</ele><time>2026-05-31T10:43:59.000Z</time></trkpt>
      <trkpt lat="43.652043" lon="-79.348619"><ele>82.2</ele><time>2026-05-31T10:44:00.000Z</time></trkpt>
      <trkpt lat="43.651996" lon="-79.348625"><ele>82.4</ele><time>2026-05-31T10:44:01.000Z</time></trkpt>
      <trkpt lat="43.65195" lon="-79.348629"><ele>82.6</ele><time>2026-05-31T10:44:02.000Z</time></trkpt>
      <trkpt lat="43.651907" lon="-79.348634"><ele>82.8</ele><time>2026-05-31T10:44:03.000Z</time></trkpt>
      <trkpt lat="43.651862" lon="-79.348635"><ele>83</ele><time>2026-05-31T10:44:04.000Z</time></trkpt>
      <trkpt lat="43.651816" lon="-79.348638"><ele>83.2</ele><time>2026-05-31T10:44:05.000Z</time></trkpt>
      <trkpt lat="43.651774" lon="-79.348645"><ele>83.4</ele><time>2026-05-31T10:44:06.000Z</time></trkpt>
      <trkpt lat="43.651731" lon="-79.348653"><ele>83.4</ele><time>2026-05-31T10:44:07.000Z</time></trkpt>
      <trkpt lat="43.651688" lon="-79.348662"><ele>83.6</ele><time>2026-05-31T10:44:08.000Z</time></trkpt>
      <trkpt lat="43.651644" lon="-79.348671"><ele>83.8</ele><time>2026-05-31T10:44:09.000Z</time></trkpt>
      <trkpt lat="43.651598" lon="-79.348684"><ele>83.8</ele><time>2026-05-31T10:44:10.000Z</time></trkpt>
      <trkpt lat="43.651557" lon="-79.348701"><ele>84</ele><time>2026-05-31T10:44:11.000Z</time></trkpt>
      <trkpt lat="43.651513" lon="-79.348716"><ele>84</ele><time>2026-05-31T10:44:12.000Z</time></trkpt>
      <trkpt lat="43.651469" lon="-79.348731"><ele>84.2</ele><time>2026-05-31T10:44:13.000Z</time></trkpt>
      <trkpt lat="43.651426" lon="-79.348748"><ele>84.2</ele><time>2026-05-31T10:44:14.000Z</time></trkpt>
      <trkpt lat="43.651379" lon="-79.348768"><ele>84.4</ele><time>2026-05-31T10:44:15.000Z</time></trkpt>
      <trkpt lat="43.65133" lon="-79.348785"><ele>84.6</ele><time>2026-05-31T10:44:16.000Z</time></trkpt>
      <trkpt lat="43.651282" lon="-79.348806"><ele>84.6</ele><time>2026-05-31T10:44:17.000Z</time></trkpt>
      <trkpt lat="43.651237" lon="-79.34883"><ele>84.8</ele><time>2026-05-31T10:44:18.000Z</time></trkpt>
      <trkpt lat="43.651189" lon="-79.348854"><ele>85</ele><time>2026-05-31T10:44:19.000Z</time></trkpt>
      <trkpt lat="43.651142" lon="-79.348876"><ele>85</ele><time>2026-05-31T10:44:20.000Z</time></trkpt>
      <trkpt lat="43.651096" lon="-79.3489"><ele>85.2</ele><time>2026-05-31T10:44:21.000Z</time></trkpt>
      <trkpt lat="43.651048" lon="-79.348928"><ele>85.2</ele><time>2026-05-31T10:44:22.000Z</time></trkpt>
      <trkpt lat="43.651001" lon="-79.348955"><ele>85.2</ele><time>2026-05-31T10:44:23.000Z</time></trkpt>
      <trkpt lat="43.650952" lon="-79.348986"><ele>85.2</ele><time>2026-05-31T10:44:24.000Z</time></trkpt>
      <trkpt lat="43.650904" lon="-79.349019"><ele>85.4</ele><time>2026-05-31T10:44:25.000Z</time></trkpt>
      <trkpt lat="43.650855" lon="-79.349054"><ele>85.4</ele><time>2026-05-31T10:44:26.000Z</time></trkpt>
      <trkpt lat="43.650807" lon="-79.349091"><ele>85.4</ele><time>2026-05-31T10:44:27.000Z</time></trkpt>
      <trkpt lat="43.650761" lon="-79.349131"><ele>85.4</ele><time>2026-05-31T10:44:28.000Z</time></trkpt>
      <trkpt lat="43.650717" lon="-79.349174"><ele>85.4</ele><time>2026-05-31T10:44:29.000Z</time></trkpt>
      <trkpt lat="43.650667" lon="-79.349219"><ele>85.4</ele><time>2026-05-31T10:44:30.000Z</time></trkpt>
      <trkpt lat="43.65062" lon="-79.349262"><ele>85.4</ele><time>2026-05-31T10:44:31.000Z</time></trkpt>
      <trkpt lat="43.650574" lon="-79.349303"><ele>85.4</ele><time>2026-05-31T10:44:32.000Z</time></trkpt>
      <trkpt lat="43.650528" lon="-79.34935"><ele>85.4</ele><time>2026-05-31T10:44:33.000Z</time></trkpt>
      <trkpt lat="43.650483" lon="-79.349397"><ele>85.2</ele><time>2026-05-31T10:44:34.000Z</time></trkpt>
      <trkpt lat="43.650439" lon="-79.349444"><ele>85.2</ele><time>2026-05-31T10:44:35.000Z</time></trkpt>
      <trkpt lat="43.650393" lon="-79.349493"><ele>85</ele><time>2026-05-31T10:44:36.000Z</time></trkpt>
      <trkpt lat="43.650348" lon="-79.349539"><ele>85</ele><time>2026-05-31T10:44:37.000Z</time></trkpt>
      <trkpt lat="43.650304" lon="-79.349588"><ele>85</ele><time>2026-05-31T10:44:38.000Z</time></trkpt>
      <trkpt lat="43.650263" lon="-79.349642"><ele>85</ele><time>2026-05-31T10:44:39.000Z</time></trkpt>
      <trkpt lat="43.650222" lon="-79.349697"><ele>85</ele><time>2026-05-31T10:44:40.000Z</time></trkpt>
      <trkpt lat="43.650181" lon="-79.349754"><ele>85</ele><time>2026-05-31T10:44:41.000Z</time></trkpt>
      <trkpt lat="43.650138" lon="-79.349808"><ele>85.2</ele><time>2026-05-31T10:44:42.000Z</time></trkpt>
      <trkpt lat="43.650091" lon="-79.349866"><ele>85.2</ele><time>2026-05-31T10:44:43.000Z</time></trkpt>
      <trkpt lat="43.650054" lon="-79.349927"><ele>85.4</ele><time>2026-05-31T10:44:44.000Z</time></trkpt>
      <trkpt lat="43.650015" lon="-79.349989"><ele>85.4</ele><time>2026-05-31T10:44:45.000Z</time></trkpt>
      <trkpt lat="43.649979" lon="-79.350053"><ele>85.4</ele><time>2026-05-31T10:44:46.000Z</time></trkpt>
      <trkpt lat="43.649943" lon="-79.350116"><ele>85.4</ele><time>2026-05-31T10:44:47.000Z</time></trkpt>
      <trkpt lat="43.649908" lon="-79.350179"><ele>85.4</ele><time>2026-05-31T10:44:48.000Z</time></trkpt>
      <trkpt lat="43.649873" lon="-79.350242"><ele>85.4</ele><time>2026-05-31T10:44:49.000Z</time></trkpt>
      <trkpt lat="43.649842" lon="-79.350307"><ele>85.4</ele><time>2026-05-31T10:44:50.000Z</time></trkpt>
      <trkpt lat="43.64981" lon="-79.350371"><ele>85.6</ele><time>2026-05-31T10:44:51.000Z</time></trkpt>
      <trkpt lat="43.649779" lon="-79.350437"><ele>85.6</ele><time>2026-05-31T10:44:52.000Z</time></trkpt>
      <trkpt lat="43.649748" lon="-79.350503"><ele>85.8</ele><time>2026-05-31T10:44:53.000Z</time></trkpt>
      <trkpt lat="43.649718" lon="-79.350569"><ele>85.8</ele><time>2026-05-31T10:44:54.000Z</time></trkpt>
      <trkpt lat="43.649688" lon="-79.350632"><ele>86</ele><time>2026-05-31T10:44:55.000Z</time></trkpt>
      <trkpt lat="43.649659" lon="-79.350696"><ele>86</ele><time>2026-05-31T10:44:56.000Z</time></trkpt>
      <trkpt lat="43.64963" lon="-79.350756"><ele>86</ele><time>2026-05-31T10:44:57.000Z</time></trkpt>
      <trkpt lat="43.649601" lon="-79.350818"><ele>86</ele><time>2026-05-31T10:44:58.000Z</time></trkpt>
      <trkpt lat="43.649573" lon="-79.350879"><ele>86</ele><time>2026-05-31T10:44:59.000Z</time></trkpt>
      <trkpt lat="43.649544" lon="-79.35094"><ele>86</ele><time>2026-05-31T10:45:00.000Z</time></trkpt>
      <trkpt lat="43.649518" lon="-79.351006"><ele>85.8</ele><time>2026-05-31T10:45:01.000Z</time></trkpt>
      <trkpt lat="43.649493" lon="-79.351074"><ele>85.8</ele><time>2026-05-31T10:45:02.000Z</time></trkpt>
      <trkpt lat="43.649468" lon="-79.351141"><ele>85.8</ele><time>2026-05-31T10:45:03.000Z</time></trkpt>
      <trkpt lat="43.649441" lon="-79.35121"><ele>85.8</ele><time>2026-05-31T10:45:04.000Z</time></trkpt>
      <trkpt lat="43.649417" lon="-79.351279"><ele>86</ele><time>2026-05-31T10:45:05.000Z</time></trkpt>
      <trkpt lat="43.649392" lon="-79.351352"><ele>86</ele><time>2026-05-31T10:45:06.000Z</time></trkpt>
      <trkpt lat="43.649368" lon="-79.351423"><ele>86</ele><time>2026-05-31T10:45:07.000Z</time></trkpt>
      <trkpt lat="43.649343" lon="-79.351492"><ele>86</ele><time>2026-05-31T10:45:08.000Z</time></trkpt>
      <trkpt lat="43.649318" lon="-79.351562"><ele>86</ele><time>2026-05-31T10:45:09.000Z</time></trkpt>
      <trkpt lat="43.649293" lon="-79.351638"><ele>86</ele><time>2026-05-31T10:45:10.000Z</time></trkpt>
      <trkpt lat="43.649268" lon="-79.351713"><ele>85.8</ele><time>2026-05-31T10:45:11.000Z</time></trkpt>
      <trkpt lat="43.649247" lon="-79.351787"><ele>85.8</ele><time>2026-05-31T10:45:12.000Z</time></trkpt>
      <trkpt lat="43.649227" lon="-79.351864"><ele>85.8</ele><time>2026-05-31T10:45:13.000Z</time></trkpt>
      <trkpt lat="43.649209" lon="-79.351941"><ele>85.8</ele><time>2026-05-31T10:45:14.000Z</time></trkpt>
      <trkpt lat="43.649191" lon="-79.352018"><ele>85.6</ele><time>2026-05-31T10:45:15.000Z</time></trkpt>
      <trkpt lat="43.649173" lon="-79.352093"><ele>85.8</ele><time>2026-05-31T10:45:16.000Z</time></trkpt>
      <trkpt lat="43.649157" lon="-79.352173"><ele>85.8</ele><time>2026-05-31T10:45:17.000Z</time></trkpt>
      <trkpt lat="43.649141" lon="-79.352251"><ele>85.8</ele><time>2026-05-31T10:45:18.000Z</time></trkpt>
      <trkpt lat="43.649125" lon="-79.352329"><ele>86</ele><time>2026-05-31T10:45:19.000Z</time></trkpt>
      <trkpt lat="43.649112" lon="-79.352403"><ele>86</ele><time>2026-05-31T10:45:20.000Z</time></trkpt>
      <trkpt lat="43.649099" lon="-79.352478"><ele>86.2</ele><time>2026-05-31T10:45:21.000Z</time></trkpt>
      <trkpt lat="43.649087" lon="-79.352555"><ele>86.2</ele><time>2026-05-31T10:45:22.000Z</time></trkpt>
      <trkpt lat="43.649077" lon="-79.352633"><ele>86.4</ele><time>2026-05-31T10:45:23.000Z</time></trkpt>
      <trkpt lat="43.649068" lon="-79.352713"><ele>86.4</ele><time>2026-05-31T10:45:24.000Z</time></trkpt>
      <trkpt lat="43.649062" lon="-79.352791"><ele>86.4</ele><time>2026-05-31T10:45:25.000Z</time></trkpt>
      <trkpt lat="43.649055" lon="-79.352872"><ele>86.4</ele><time>2026-05-31T10:45:26.000Z</time></trkpt>
      <trkpt lat="43.649049" lon="-79.352949"><ele>86.6</ele><time>2026-05-31T10:45:27.000Z</time></trkpt>
      <trkpt lat="43.649045" lon="-79.35303"><ele>86.6</ele><time>2026-05-31T10:45:28.000Z</time></trkpt>
      <trkpt lat="43.649039" lon="-79.353109"><ele>86.6</ele><time>2026-05-31T10:45:29.000Z</time></trkpt>
      <trkpt lat="43.649036" lon="-79.353187"><ele>86.4</ele><time>2026-05-31T10:45:30.000Z</time></trkpt>
      <trkpt lat="43.649035" lon="-79.353266"><ele>86.4</ele><time>2026-05-31T10:45:31.000Z</time></trkpt>
      <trkpt lat="43.649036" lon="-79.353344"><ele>86.4</ele><time>2026-05-31T10:45:32.000Z</time></trkpt>
      <trkpt lat="43.649038" lon="-79.353418"><ele>86.4</ele><time>2026-05-31T10:45:33.000Z</time></trkpt>
      <trkpt lat="43.649042" lon="-79.353494"><ele>86.4</ele><time>2026-05-31T10:45:34.000Z</time></trkpt>
      <trkpt lat="43.649044" lon="-79.353569"><ele>86.4</ele><time>2026-05-31T10:45:35.000Z</time></trkpt>
      <trkpt lat="43.649045" lon="-79.353646"><ele>86.6</ele><time>2026-05-31T10:45:36.000Z</time></trkpt>
      <trkpt lat="43.649048" lon="-79.353721"><ele>86.6</ele><time>2026-05-31T10:45:37.000Z</time></trkpt>
      <trkpt lat="43.649054" lon="-79.353796"><ele>86.8</ele><time>2026-05-31T10:45:38.000Z</time></trkpt>
      <trkpt lat="43.649056" lon="-79.353873"><ele>86.8</ele><time>2026-05-31T10:45:39.000Z</time></trkpt>
      <trkpt lat="43.649063" lon="-79.353945"><ele>86.8</ele><time>2026-05-31T10:45:40.000Z</time></trkpt>
      <trkpt lat="43.649068" lon="-79.354019"><ele>87</ele><time>2026-05-31T10:45:41.000Z</time></trkpt>
      <trkpt lat="43.649073" lon="-79.354092"><ele>87</ele><time>2026-05-31T10:45:42.000Z</time></trkpt>
      <trkpt lat="43.649079" lon="-79.354164"><ele>87</ele><time>2026-05-31T10:45:43.000Z</time></trkpt>
      <trkpt lat="43.649084" lon="-79.354233"><ele>87.2</ele><time>2026-05-31T10:45:44.000Z</time></trkpt>
      <trkpt lat="43.649088" lon="-79.354304"><ele>87.2</ele><time>2026-05-31T10:45:45.000Z</time></trkpt>
      <trkpt lat="43.649093" lon="-79.354378"><ele>87.2</ele><time>2026-05-31T10:45:46.000Z</time></trkpt>
      <trkpt lat="43.649098" lon="-79.354448"><ele>87.4</ele><time>2026-05-31T10:45:47.000Z</time></trkpt>
      <trkpt lat="43.649104" lon="-79.354518"><ele>87.4</ele><time>2026-05-31T10:45:48.000Z</time></trkpt>
      <trkpt lat="43.649109" lon="-79.354589"><ele>87.6</ele><time>2026-05-31T10:45:49.000Z</time></trkpt>
      <trkpt lat="43.649118" lon="-79.354662"><ele>87.6</ele><time>2026-05-31T10:45:50.000Z</time></trkpt>
      <trkpt lat="43.649125" lon="-79.354734"><ele>87.6</ele><time>2026-05-31T10:45:51.000Z</time></trkpt>
      <trkpt lat="43.649129" lon="-79.354807"><ele>87.6</ele><time>2026-05-31T10:45:52.000Z</time></trkpt>
      <trkpt lat="43.649135" lon="-79.354877"><ele>87.6</ele><time>2026-05-31T10:45:53.000Z</time></trkpt>
      <trkpt lat="43.649138" lon="-79.354948"><ele>87.4</ele><time>2026-05-31T10:45:54.000Z</time></trkpt>
      <trkpt lat="43.649144" lon="-79.355019"><ele>87.6</ele><time>2026-05-31T10:45:55.000Z</time></trkpt>
      <trkpt lat="43.649148" lon="-79.35509"><ele>87.6</ele><time>2026-05-31T10:45:56.000Z</time></trkpt>
      <trkpt lat="43.649151" lon="-79.355162"><ele>87.6</ele><time>2026-05-31T10:45:57.000Z</time></trkpt>
      <trkpt lat="43.649157" lon="-79.355236"><ele>87.8</ele><time>2026-05-31T10:45:58.000Z</time></trkpt>
      <trkpt lat="43.649164" lon="-79.35531"><ele>88</ele><time>2026-05-31T10:45:59.000Z</time></trkpt>
      <trkpt lat="43.649168" lon="-79.355386"><ele>88.2</ele><time>2026-05-31T10:46:00.000Z</time></trkpt>
      <trkpt lat="43.649174" lon="-79.35546"><ele>88.4</ele><time>2026-05-31T10:46:01.000Z</time></trkpt>
      <trkpt lat="43.649178" lon="-79.355533"><ele>88.6</ele><time>2026-05-31T10:46:02.000Z</time></trkpt>
      <trkpt lat="43.649183" lon="-79.355604"><ele>88.6</ele><time>2026-05-31T10:46:03.000Z</time></trkpt>
      <trkpt lat="43.649189" lon="-79.355672"><ele>88.4</ele><time>2026-05-31T10:46:04.000Z</time></trkpt>
      <trkpt lat="43.649194" lon="-79.355741"><ele>88.2</ele><time>2026-05-31T10:46:05.000Z</time></trkpt>
      <trkpt lat="43.649199" lon="-79.355809"><ele>88</ele><time>2026-05-31T10:46:06.000Z</time></trkpt>
      <trkpt lat="43.649202" lon="-79.355874"><ele>88</ele><time>2026-05-31T10:46:07.000Z</time></trkpt>
      <trkpt lat="43.649206" lon="-79.355941"><ele>87.8</ele><time>2026-05-31T10:46:08.000Z</time></trkpt>
      <trkpt lat="43.649212" lon="-79.356008"><ele>87.8</ele><time>2026-05-31T10:46:09.000Z</time></trkpt>
      <trkpt lat="43.649212" lon="-79.356076"><ele>88</ele><time>2026-05-31T10:46:10.000Z</time></trkpt>
      <trkpt lat="43.649214" lon="-79.356144"><ele>88.2</ele><time>2026-05-31T10:46:11.000Z</time></trkpt>
      <trkpt lat="43.649218" lon="-79.356212"><ele>88.4</ele><time>2026-05-31T10:46:12.000Z</time></trkpt>
      <trkpt lat="43.649221" lon="-79.356283"><ele>88.6</ele><time>2026-05-31T10:46:13.000Z</time></trkpt>
      <trkpt lat="43.649221" lon="-79.356352"><ele>88.8</ele><time>2026-05-31T10:46:14.000Z</time></trkpt>
      <trkpt lat="43.649219" lon="-79.356422"><ele>89</ele><time>2026-05-31T10:46:15.000Z</time></trkpt>
      <trkpt lat="43.649216" lon="-79.356491"><ele>89</ele><time>2026-05-31T10:46:16.000Z</time></trkpt>
      <trkpt lat="43.649215" lon="-79.356561"><ele>89</ele><time>2026-05-31T10:46:17.000Z</time></trkpt>
      <trkpt lat="43.649212" lon="-79.35663"><ele>89</ele><time>2026-05-31T10:46:18.000Z</time></trkpt>
      <trkpt lat="43.649208" lon="-79.356699"><ele>88.8</ele><time>2026-05-31T10:46:19.000Z</time></trkpt>
      <trkpt lat="43.649202" lon="-79.356766"><ele>88.8</ele><time>2026-05-31T10:46:20.000Z</time></trkpt>
      <trkpt lat="43.649199" lon="-79.356835"><ele>88.8</ele><time>2026-05-31T10:46:21.000Z</time></trkpt>
      <trkpt lat="43.649197" lon="-79.356902"><ele>88.8</ele><time>2026-05-31T10:46:22.000Z</time></trkpt>
      <trkpt lat="43.649191" lon="-79.356968"><ele>88.8</ele><time>2026-05-31T10:46:23.000Z</time></trkpt>
      <trkpt lat="43.649184" lon="-79.357035"><ele>89</ele><time>2026-05-31T10:46:24.000Z</time></trkpt>
      <trkpt lat="43.649178" lon="-79.357102"><ele>89</ele><time>2026-05-31T10:46:25.000Z</time></trkpt>
      <trkpt lat="43.649168" lon="-79.357166"><ele>88.6</ele><time>2026-05-31T10:46:26.000Z</time></trkpt>
      <trkpt lat="43.649159" lon="-79.357231"><ele>88.4</ele><time>2026-05-31T10:46:27.000Z</time></trkpt>
      <trkpt lat="43.649149" lon="-79.357297"><ele>88.2</ele><time>2026-05-31T10:46:28.000Z</time></trkpt>
      <trkpt lat="43.649141" lon="-79.357357"><ele>88.2</ele><time>2026-05-31T10:46:29.000Z</time></trkpt>
      <trkpt lat="43.649132" lon="-79.357415"><ele>88.2</ele><time>2026-05-31T10:46:30.000Z</time></trkpt>
      <trkpt lat="43.649123" lon="-79.357472"><ele>88.4</ele><time>2026-05-31T10:46:31.000Z</time></trkpt>
      <trkpt lat="43.649115" lon="-79.35753"><ele>88.8</ele><time>2026-05-31T10:46:32.000Z</time></trkpt>
      <trkpt lat="43.649059" lon="-79.357892"><ele>89.2</ele><time>2026-05-31T10:48:38.000Z</time></trkpt>
      <trkpt lat="43.64906" lon="-79.357894"><ele>89.2</ele><time>2026-05-31T10:48:39.000Z</time></trkpt>
      <trkpt lat="43.649052" lon="-79.357922"><ele>89</ele><time>2026-05-31T10:48:40.000Z</time></trkpt>
      <trkpt lat="43.649045" lon="-79.357943"><ele>89</ele><time>2026-05-31T10:48:41.000Z</time></trkpt>
      <trkpt lat="43.649035" lon="-79.357966"><ele>89</ele><time>2026-05-31T10:48:42.000Z</time></trkpt>
      <trkpt lat="43.649022" lon="-79.357996"><ele>89</ele><time>2026-05-31T10:48:43.000Z</time></trkpt>
      <trkpt lat="43.649004" lon="-79.358035"><ele>89.2</ele><time>2026-05-31T10:48:44.000Z</time></trkpt>
      <trkpt lat="43.648988" lon="-79.358086"><ele>89.4</ele><time>2026-05-31T10:48:45.000Z</time></trkpt>
      <trkpt lat="43.648971" lon="-79.358144"><ele>89.4</ele><time>2026-05-31T10:48:46.000Z</time></trkpt>
      <trkpt lat="43.648951" lon="-79.358207"><ele>89.4</ele><time>2026-05-31T10:48:47.000Z</time></trkpt>
      <trkpt lat="43.648927" lon="-79.358272"><ele>89.2</ele><time>2026-05-31T10:48:48.000Z</time></trkpt>
      <trkpt lat="43.648902" lon="-79.358342"><ele>89</ele><time>2026-05-31T10:48:49.000Z</time></trkpt>
      <trkpt lat="43.648875" lon="-79.358412"><ele>88.6</ele><time>2026-05-31T10:48:50.000Z</time></trkpt>
      <trkpt lat="43.648848" lon="-79.358484"><ele>88.2</ele><time>2026-05-31T10:48:51.000Z</time></trkpt>
      <trkpt lat="43.648821" lon="-79.358559"><ele>88</ele><time>2026-05-31T10:48:52.000Z</time></trkpt>
      <trkpt lat="43.648798" lon="-79.358635"><ele>87.8</ele><time>2026-05-31T10:48:53.000Z</time></trkpt>
      <trkpt lat="43.648773" lon="-79.35871"><ele>87.6</ele><time>2026-05-31T10:48:54.000Z</time></trkpt>
      <trkpt lat="43.648749" lon="-79.358792"><ele>87.4</ele><time>2026-05-31T10:48:55.000Z</time></trkpt>
      <trkpt lat="43.648724" lon="-79.358871"><ele>87.2</ele><time>2026-05-31T10:48:56.000Z</time></trkpt>
      <trkpt lat="43.648693" lon="-79.358949"><ele>87</ele><time>2026-05-31T10:48:57.000Z</time></trkpt>
      <trkpt lat="43.648657" lon="-79.359024"><ele>86.8</ele><time>2026-05-31T10:48:58.000Z</time></trkpt>
      <trkpt lat="43.648622" lon="-79.359102"><ele>86.6</ele><time>2026-05-31T10:48:59.000Z</time></trkpt>
      <trkpt lat="43.648591" lon="-79.359179"><ele>86.4</ele><time>2026-05-31T10:49:00.000Z</time></trkpt>
      <trkpt lat="43.64856" lon="-79.359262"><ele>86.2</ele><time>2026-05-31T10:49:01.000Z</time></trkpt>
      <trkpt lat="43.64853" lon="-79.359344"><ele>86</ele><time>2026-05-31T10:49:02.000Z</time></trkpt>
      <trkpt lat="43.648501" lon="-79.359425"><ele>85.8</ele><time>2026-05-31T10:49:03.000Z</time></trkpt>
      <trkpt lat="43.648478" lon="-79.35951"><ele>85.6</ele><time>2026-05-31T10:49:04.000Z</time></trkpt>
      <trkpt lat="43.648459" lon="-79.359592"><ele>85.4</ele><time>2026-05-31T10:49:05.000Z</time></trkpt>
      <trkpt lat="43.648433" lon="-79.35968"><ele>85.2</ele><time>2026-05-31T10:49:06.000Z</time></trkpt>
      <trkpt lat="43.648404" lon="-79.359764"><ele>85</ele><time>2026-05-31T10:49:07.000Z</time></trkpt>
      <trkpt lat="43.648371" lon="-79.359845"><ele>85</ele><time>2026-05-31T10:49:08.000Z</time></trkpt>
      <trkpt lat="43.648342" lon="-79.359931"><ele>85</ele><time>2026-05-31T10:49:09.000Z</time></trkpt>
      <trkpt lat="43.648314" lon="-79.360014"><ele>85</ele><time>2026-05-31T10:49:10.000Z</time></trkpt>
      <trkpt lat="43.648286" lon="-79.360098"><ele>85</ele><time>2026-05-31T10:49:11.000Z</time></trkpt>
      <trkpt lat="43.648257" lon="-79.360182"><ele>85</ele><time>2026-05-31T10:49:12.000Z</time></trkpt>
      <trkpt lat="43.648228" lon="-79.360266"><ele>84.8</ele><time>2026-05-31T10:49:13.000Z</time></trkpt>
      <trkpt lat="43.648202" lon="-79.360353"><ele>84.6</ele><time>2026-05-31T10:49:14.000Z</time></trkpt>
      <trkpt lat="43.648174" lon="-79.360442"><ele>84.4</ele><time>2026-05-31T10:49:15.000Z</time></trkpt>
      <trkpt lat="43.648146" lon="-79.360534"><ele>84.2</ele><time>2026-05-31T10:49:16.000Z</time></trkpt>
      <trkpt lat="43.648118" lon="-79.360624"><ele>84.2</ele><time>2026-05-31T10:49:17.000Z</time></trkpt>
      <trkpt lat="43.648087" lon="-79.360712"><ele>84</ele><time>2026-05-31T10:49:18.000Z</time></trkpt>
      <trkpt lat="43.648058" lon="-79.360802"><ele>83.8</ele><time>2026-05-31T10:49:19.000Z</time></trkpt>
      <trkpt lat="43.648026" lon="-79.360889"><ele>83.8</ele><time>2026-05-31T10:49:20.000Z</time></trkpt>
      <trkpt lat="43.647992" lon="-79.360974"><ele>83.6</ele><time>2026-05-31T10:49:21.000Z</time></trkpt>
      <trkpt lat="43.647961" lon="-79.36106"><ele>83.6</ele><time>2026-05-31T10:49:22.000Z</time></trkpt>
      <trkpt lat="43.647932" lon="-79.361143"><ele>83.6</ele><time>2026-05-31T10:49:23.000Z</time></trkpt>
      <trkpt lat="43.647903" lon="-79.361229"><ele>83.4</ele><time>2026-05-31T10:49:24.000Z</time></trkpt>
      <trkpt lat="43.647876" lon="-79.361317"><ele>83.4</ele><time>2026-05-31T10:49:25.000Z</time></trkpt>
      <trkpt lat="43.647852" lon="-79.361406"><ele>83.2</ele><time>2026-05-31T10:49:26.000Z</time></trkpt>
      <trkpt lat="43.647829" lon="-79.361495"><ele>83.2</ele><time>2026-05-31T10:49:27.000Z</time></trkpt>
      <trkpt lat="43.647807" lon="-79.361582"><ele>83.2</ele><time>2026-05-31T10:49:28.000Z</time></trkpt>
      <trkpt lat="43.647783" lon="-79.361667"><ele>83.2</ele><time>2026-05-31T10:49:29.000Z</time></trkpt>
      <trkpt lat="43.647756" lon="-79.361756"><ele>83.2</ele><time>2026-05-31T10:49:30.000Z</time></trkpt>
      <trkpt lat="43.647726" lon="-79.361843"><ele>83.2</ele><time>2026-05-31T10:49:31.000Z</time></trkpt>
      <trkpt lat="43.647695" lon="-79.361929"><ele>83.2</ele><time>2026-05-31T10:49:32.000Z</time></trkpt>
      <trkpt lat="43.647668" lon="-79.362015"><ele>83.2</ele><time>2026-05-31T10:49:33.000Z</time></trkpt>
      <trkpt lat="43.647642" lon="-79.362104"><ele>83.2</ele><time>2026-05-31T10:49:34.000Z</time></trkpt>
      <trkpt lat="43.647617" lon="-79.362196"><ele>83.2</ele><time>2026-05-31T10:49:35.000Z</time></trkpt>
      <trkpt lat="43.64759" lon="-79.362288"><ele>83</ele><time>2026-05-31T10:49:36.000Z</time></trkpt>
      <trkpt lat="43.647562" lon="-79.362377"><ele>83</ele><time>2026-05-31T10:49:37.000Z</time></trkpt>
      <trkpt lat="43.647535" lon="-79.362466"><ele>83</ele><time>2026-05-31T10:49:38.000Z</time></trkpt>
      <trkpt lat="43.647516" lon="-79.362555"><ele>83</ele><time>2026-05-31T10:49:39.000Z</time></trkpt>
      <trkpt lat="43.647493" lon="-79.362644"><ele>83</ele><time>2026-05-31T10:49:40.000Z</time></trkpt>
      <trkpt lat="43.647468" lon="-79.362732"><ele>83</ele><time>2026-05-31T10:49:41.000Z</time></trkpt>
      <trkpt lat="43.647443" lon="-79.362817"><ele>83</ele><time>2026-05-31T10:49:42.000Z</time></trkpt>
      <trkpt lat="43.647416" lon="-79.362899"><ele>82.8</ele><time>2026-05-31T10:49:43.000Z</time></trkpt>
      <trkpt lat="43.647392" lon="-79.362979"><ele>82.8</ele><time>2026-05-31T10:49:44.000Z</time></trkpt>
      <trkpt lat="43.64737" lon="-79.363062"><ele>82.8</ele><time>2026-05-31T10:49:45.000Z</time></trkpt>
      <trkpt lat="43.647351" lon="-79.363146"><ele>82.8</ele><time>2026-05-31T10:49:46.000Z</time></trkpt>
      <trkpt lat="43.647334" lon="-79.36323"><ele>82.6</ele><time>2026-05-31T10:49:47.000Z</time></trkpt>
      <trkpt lat="43.647315" lon="-79.363318"><ele>82.4</ele><time>2026-05-31T10:49:48.000Z</time></trkpt>
      <trkpt lat="43.647295" lon="-79.363405"><ele>82.2</ele><time>2026-05-31T10:49:49.000Z</time></trkpt>
      <trkpt lat="43.647275" lon="-79.36349"><ele>82.2</ele><time>2026-05-31T10:49:50.000Z</time></trkpt>
      <trkpt lat="43.647256" lon="-79.363575"><ele>82.2</ele><time>2026-05-31T10:49:51.000Z</time></trkpt>
      <trkpt lat="43.647239" lon="-79.363665"><ele>82.2</ele><time>2026-05-31T10:49:52.000Z</time></trkpt>
      <trkpt lat="43.64722" lon="-79.363752"><ele>82.2</ele><time>2026-05-31T10:49:53.000Z</time></trkpt>
      <trkpt lat="43.6472" lon="-79.36384"><ele>82.6</ele><time>2026-05-31T10:49:54.000Z</time></trkpt>
      <trkpt lat="43.647181" lon="-79.363925"><ele>82.6</ele><time>2026-05-31T10:49:55.000Z</time></trkpt>
      <trkpt lat="43.64716" lon="-79.364012"><ele>82.8</ele><time>2026-05-31T10:49:56.000Z</time></trkpt>
      <trkpt lat="43.64714" lon="-79.364093"><ele>83</ele><time>2026-05-31T10:49:57.000Z</time></trkpt>
      <trkpt lat="43.64712" lon="-79.364177"><ele>83</ele><time>2026-05-31T10:49:58.000Z</time></trkpt>
      <trkpt lat="43.647101" lon="-79.364262"><ele>83.2</ele><time>2026-05-31T10:49:59.000Z</time></trkpt>
      <trkpt lat="43.647082" lon="-79.364348"><ele>83.2</ele><time>2026-05-31T10:50:00.000Z</time></trkpt>
      <trkpt lat="43.647064" lon="-79.364433"><ele>83.4</ele><time>2026-05-31T10:50:01.000Z</time></trkpt>
      <trkpt lat="43.647044" lon="-79.364517"><ele>83.4</ele><time>2026-05-31T10:50:02.000Z</time></trkpt>
      <trkpt lat="43.647027" lon="-79.364597"><ele>83.6</ele><time>2026-05-31T10:50:03.000Z</time></trkpt>
      <trkpt lat="43.647011" lon="-79.364676"><ele>83.6</ele><time>2026-05-31T10:50:04.000Z</time></trkpt>
      <trkpt lat="43.646996" lon="-79.364758"><ele>83.6</ele><time>2026-05-31T10:50:05.000Z</time></trkpt>
      <trkpt lat="43.64698" lon="-79.36484"><ele>83.8</ele><time>2026-05-31T10:50:06.000Z</time></trkpt>
      <trkpt lat="43.646964" lon="-79.364922"><ele>83.8</ele><time>2026-05-31T10:50:07.000Z</time></trkpt>
      <trkpt lat="43.646945" lon="-79.365004"><ele>83.8</ele><time>2026-05-31T10:50:08.000Z</time></trkpt>
      <trkpt lat="43.646927" lon="-79.365086"><ele>83.8</ele><time>2026-05-31T10:50:09.000Z</time></trkpt>
      <trkpt lat="43.646909" lon="-79.365166"><ele>83.8</ele><time>2026-05-31T10:50:10.000Z</time></trkpt>
      <trkpt lat="43.646891" lon="-79.365244"><ele>83.8</ele><time>2026-05-31T10:50:11.000Z</time></trkpt>
      <trkpt lat="43.646872" lon="-79.36532"><ele>83.6</ele><time>2026-05-31T10:50:12.000Z</time></trkpt>
      <trkpt lat="43.646854" lon="-79.365395"><ele>83.6</ele><time>2026-05-31T10:50:13.000Z</time></trkpt>
      <trkpt lat="43.646838" lon="-79.365469"><ele>83.4</ele><time>2026-05-31T10:50:14.000Z</time></trkpt>
      <trkpt lat="43.646821" lon="-79.365543"><ele>83.4</ele><time>2026-05-31T10:50:15.000Z</time></trkpt>
      <trkpt lat="43.646804" lon="-79.365618"><ele>83.4</ele><time>2026-05-31T10:50:16.000Z</time></trkpt>
      <trkpt lat="43.646788" lon="-79.365694"><ele>83.6</ele><time>2026-05-31T10:50:17.000Z</time></trkpt>
      <trkpt lat="43.64677" lon="-79.365769"><ele>83.6</ele><time>2026-05-31T10:50:18.000Z</time></trkpt>
      <trkpt lat="43.64675" lon="-79.36585"><ele>83.6</ele><time>2026-05-31T10:50:19.000Z</time></trkpt>
      <trkpt lat="43.646732" lon="-79.365931"><ele>83.8</ele><time>2026-05-31T10:50:20.000Z</time></trkpt>
      <trkpt lat="43.646714" lon="-79.366013"><ele>84</ele><time>2026-05-31T10:50:21.000Z</time></trkpt>
      <trkpt lat="43.646696" lon="-79.366095"><ele>84</ele><time>2026-05-31T10:50:22.000Z</time></trkpt>
      <trkpt lat="43.646679" lon="-79.366179"><ele>84</ele><time>2026-05-31T10:50:23.000Z</time></trkpt>
      <trkpt lat="43.64666" lon="-79.366264"><ele>84</ele><time>2026-05-31T10:50:24.000Z</time></trkpt>
      <trkpt lat="43.646639" lon="-79.36635"><ele>84</ele><time>2026-05-31T10:50:25.000Z</time></trkpt>
      <trkpt lat="43.64662" lon="-79.366432"><ele>84.2</ele><time>2026-05-31T10:50:26.000Z</time></trkpt>
      <trkpt lat="43.646599" lon="-79.366518"><ele>84.2</ele><time>2026-05-31T10:50:27.000Z</time></trkpt>
      <trkpt lat="43.646581" lon="-79.366605"><ele>84.2</ele><time>2026-05-31T10:50:28.000Z</time></trkpt>
      <trkpt lat="43.646566" lon="-79.366692"><ele>84.2</ele><time>2026-05-31T10:50:29.000Z</time></trkpt>
      <trkpt lat="43.646549" lon="-79.366777"><ele>84</ele><time>2026-05-31T10:50:30.000Z</time></trkpt>
      <trkpt lat="43.646528" lon="-79.366861"><ele>84</ele><time>2026-05-31T10:50:31.000Z</time></trkpt>
      <trkpt lat="43.64651" lon="-79.366944"><ele>84</ele><time>2026-05-31T10:50:32.000Z</time></trkpt>
      <trkpt lat="43.646494" lon="-79.367028"><ele>83.8</ele><time>2026-05-31T10:50:33.000Z</time></trkpt>
      <trkpt lat="43.646477" lon="-79.367111"><ele>83.8</ele><time>2026-05-31T10:50:34.000Z</time></trkpt>
      <trkpt lat="43.646463" lon="-79.367196"><ele>83.8</ele><time>2026-05-31T10:50:35.000Z</time></trkpt>
      <trkpt lat="43.646447" lon="-79.367284"><ele>83.8</ele><time>2026-05-31T10:50:36.000Z</time></trkpt>
      <trkpt lat="43.646433" lon="-79.367372"><ele>83.8</ele><time>2026-05-31T10:50:37.000Z</time></trkpt>
      <trkpt lat="43.646415" lon="-79.367459"><ele>83.8</ele><time>2026-05-31T10:50:38.000Z</time></trkpt>
      <trkpt lat="43.646398" lon="-79.367545"><ele>83.6</ele><time>2026-05-31T10:50:39.000Z</time></trkpt>
      <trkpt lat="43.646382" lon="-79.367629"><ele>83.4</ele><time>2026-05-31T10:50:40.000Z</time></trkpt>
      <trkpt lat="43.646365" lon="-79.367715"><ele>83.2</ele><time>2026-05-31T10:50:41.000Z</time></trkpt>
      <trkpt lat="43.646344" lon="-79.367799"><ele>83.2</ele><time>2026-05-31T10:50:42.000Z</time></trkpt>
      <trkpt lat="43.646325" lon="-79.367883"><ele>83.2</ele><time>2026-05-31T10:50:43.000Z</time></trkpt>
      <trkpt lat="43.646308" lon="-79.367974"><ele>83</ele><time>2026-05-31T10:50:44.000Z</time></trkpt>
      <trkpt lat="43.646292" lon="-79.368064"><ele>83</ele><time>2026-05-31T10:50:45.000Z</time></trkpt>
      <trkpt lat="43.646279" lon="-79.368156"><ele>82.8</ele><time>2026-05-31T10:50:46.000Z</time></trkpt>
      <trkpt lat="43.646264" lon="-79.368244"><ele>82.8</ele><time>2026-05-31T10:50:47.000Z</time></trkpt>
      <trkpt lat="43.646248" lon="-79.368333"><ele>82.8</ele><time>2026-05-31T10:50:48.000Z</time></trkpt>
      <trkpt lat="43.646227" lon="-79.368425"><ele>82.8</ele><time>2026-05-31T10:50:49.000Z</time></trkpt>
      <trkpt lat="43.646205" lon="-79.368512"><ele>82.8</ele><time>2026-05-31T10:50:50.000Z</time></trkpt>
      <trkpt lat="43.64618" lon="-79.368596"><ele>82.8</ele><time>2026-05-31T10:50:51.000Z</time></trkpt>
      <trkpt lat="43.646155" lon="-79.368679"><ele>83</ele><time>2026-05-31T10:50:52.000Z</time></trkpt>
      <trkpt lat="43.646132" lon="-79.368758"><ele>83</ele><time>2026-05-31T10:50:53.000Z</time></trkpt>
      <trkpt lat="43.646114" lon="-79.368845"><ele>83</ele><time>2026-05-31T10:50:54.000Z</time></trkpt>
      <trkpt lat="43.646099" lon="-79.36893"><ele>83</ele><time>2026-05-31T10:50:55.000Z</time></trkpt>
      <trkpt lat="43.646084" lon="-79.369016"><ele>83</ele><time>2026-05-31T10:50:56.000Z</time></trkpt>
      <trkpt lat="43.646066" lon="-79.3691"><ele>83</ele><time>2026-05-31T10:50:57.000Z</time></trkpt>
      <trkpt lat="43.646048" lon="-79.369185"><ele>83</ele><time>2026-05-31T10:50:58.000Z</time></trkpt>
      <trkpt lat="43.646032" lon="-79.369266"><ele>83</ele><time>2026-05-31T10:50:59.000Z</time></trkpt>
      <trkpt lat="43.646016" lon="-79.36935"><ele>83</ele><time>2026-05-31T10:51:00.000Z</time></trkpt>
      <trkpt lat="43.646" lon="-79.369431"><ele>83</ele><time>2026-05-31T10:51:01.000Z</time></trkpt>
      <trkpt lat="43.645982" lon="-79.369514"><ele>83</ele><time>2026-05-31T10:51:02.000Z</time></trkpt>
      <trkpt lat="43.645963" lon="-79.369598"><ele>83.2</ele><time>2026-05-31T10:51:03.000Z</time></trkpt>
      <trkpt lat="43.645946" lon="-79.36968"><ele>83.2</ele><time>2026-05-31T10:51:04.000Z</time></trkpt>
      <trkpt lat="43.645928" lon="-79.369759"><ele>83.4</ele><time>2026-05-31T10:51:05.000Z</time></trkpt>
      <trkpt lat="43.645907" lon="-79.369838"><ele>83.6</ele><time>2026-05-31T10:51:06.000Z</time></trkpt>
      <trkpt lat="43.64589" lon="-79.369916"><ele>83.6</ele><time>2026-05-31T10:51:07.000Z</time></trkpt>
      <trkpt lat="43.645872" lon="-79.369997"><ele>83.8</ele><time>2026-05-31T10:51:08.000Z</time></trkpt>
      <trkpt lat="43.645857" lon="-79.370077"><ele>83.8</ele><time>2026-05-31T10:51:09.000Z</time></trkpt>
      <trkpt lat="43.645841" lon="-79.37016"><ele>83.8</ele><time>2026-05-31T10:51:10.000Z</time></trkpt>
      <trkpt lat="43.645823" lon="-79.37024"><ele>84</ele><time>2026-05-31T10:51:11.000Z</time></trkpt>
      <trkpt lat="43.64581" lon="-79.370318"><ele>84</ele><time>2026-05-31T10:51:12.000Z</time></trkpt>
      <trkpt lat="43.645797" lon="-79.370396"><ele>84</ele><time>2026-05-31T10:51:13.000Z</time></trkpt>
      <trkpt lat="43.645779" lon="-79.370469"><ele>84.2</ele><time>2026-05-31T10:51:14.000Z</time></trkpt>
      <trkpt lat="43.645762" lon="-79.37054"><ele>84.2</ele><time>2026-05-31T10:51:15.000Z</time></trkpt>
      <trkpt lat="43.645743" lon="-79.370617"><ele>84.2</ele><time>2026-05-31T10:51:16.000Z</time></trkpt>
      <trkpt lat="43.645723" lon="-79.370691"><ele>84.2</ele><time>2026-05-31T10:51:17.000Z</time></trkpt>
      <trkpt lat="43.645701" lon="-79.370764"><ele>84.2</ele><time>2026-05-31T10:51:18.000Z</time></trkpt>
      <trkpt lat="43.645679" lon="-79.370841"><ele>84.2</ele><time>2026-05-31T10:51:19.000Z</time></trkpt>
      <trkpt lat="43.645659" lon="-79.370918"><ele>84</ele><time>2026-05-31T10:51:20.000Z</time></trkpt>
      <trkpt lat="43.645641" lon="-79.370996"><ele>84</ele><time>2026-05-31T10:51:21.000Z</time></trkpt>
      <trkpt lat="43.645622" lon="-79.371078"><ele>83.8</ele><time>2026-05-31T10:51:22.000Z</time></trkpt>
      <trkpt lat="43.645602" lon="-79.371158"><ele>83.8</ele><time>2026-05-31T10:51:23.000Z</time></trkpt>
      <trkpt lat="43.645585" lon="-79.371243"><ele>83.8</ele><time>2026-05-31T10:51:24.000Z</time></trkpt>
      <trkpt lat="43.645569" lon="-79.37133"><ele>83.6</ele><time>2026-05-31T10:51:25.000Z</time></trkpt>
      <trkpt lat="43.645554" lon="-79.371418"><ele>83.6</ele><time>2026-05-31T10:51:26.000Z</time></trkpt>
      <trkpt lat="43.645536" lon="-79.371499"><ele>83.8</ele><time>2026-05-31T10:51:27.000Z</time></trkpt>
      <trkpt lat="43.645517" lon="-79.371585"><ele>83.6</ele><time>2026-05-31T10:51:28.000Z</time></trkpt>
      <trkpt lat="43.645499" lon="-79.371672"><ele>83.6</ele><time>2026-05-31T10:51:29.000Z</time></trkpt>
      <trkpt lat="43.645484" lon="-79.371756"><ele>83.6</ele><time>2026-05-31T10:51:30.000Z</time></trkpt>
      <trkpt lat="43.645468" lon="-79.371839"><ele>83.4</ele><time>2026-05-31T10:51:31.000Z</time></trkpt>
      <trkpt lat="43.64545" lon="-79.371921"><ele>83.4</ele><time>2026-05-31T10:51:32.000Z</time></trkpt>
      <trkpt lat="43.645432" lon="-79.372005"><ele>83.2</ele><time>2026-05-31T10:51:33.000Z</time></trkpt>
      <trkpt lat="43.645413" lon="-79.372089"><ele>83.2</ele><time>2026-05-31T10:51:34.000Z</time></trkpt>
      <trkpt lat="43.645392" lon="-79.372174"><ele>83.2</ele><time>2026-05-31T10:51:35.000Z</time></trkpt>
      <trkpt lat="43.645371" lon="-79.37226"><ele>83.4</ele><time>2026-05-31T10:51:36.000Z</time></trkpt>
      <trkpt lat="43.645353" lon="-79.372344"><ele>83.2</ele><time>2026-05-31T10:51:37.000Z</time></trkpt>
      <trkpt lat="43.645337" lon="-79.372424"><ele>83</ele><time>2026-05-31T10:51:38.000Z</time></trkpt>
      <trkpt lat="43.645322" lon="-79.372503"><ele>83</ele><time>2026-05-31T10:51:39.000Z</time></trkpt>
      <trkpt lat="43.645309" lon="-79.372581"><ele>83</ele><time>2026-05-31T10:51:40.000Z</time></trkpt>
      <trkpt lat="43.645293" lon="-79.372658"><ele>83</ele><time>2026-05-31T10:51:41.000Z</time></trkpt>
      <trkpt lat="43.645275" lon="-79.372738"><ele>83.2</ele><time>2026-05-31T10:51:42.000Z</time></trkpt>
      <trkpt lat="43.645259" lon="-79.372818"><ele>83.4</ele><time>2026-05-31T10:51:43.000Z</time></trkpt>
      <trkpt lat="43.645243" lon="-79.372897"><ele>83.4</ele><time>2026-05-31T10:51:44.000Z</time></trkpt>
      <trkpt lat="43.645225" lon="-79.372978"><ele>83.4</ele><time>2026-05-31T10:51:45.000Z</time></trkpt>
      <trkpt lat="43.645206" lon="-79.373059"><ele>83.4</ele><time>2026-05-31T10:51:46.000Z</time></trkpt>
      <trkpt lat="43.645186" lon="-79.373139"><ele>83.4</ele><time>2026-05-31T10:51:47.000Z</time></trkpt>
      <trkpt lat="43.64517" lon="-79.373223"><ele>83.4</ele><time>2026-05-31T10:51:48.000Z</time></trkpt>
      <trkpt lat="43.645153" lon="-79.373303"><ele>83.4</ele><time>2026-05-31T10:51:49.000Z</time></trkpt>
      <trkpt lat="43.645136" lon="-79.373382"><ele>83.6</ele><time>2026-05-31T10:51:50.000Z</time></trkpt>
      <trkpt lat="43.64512" lon="-79.37346"><ele>83.8</ele><time>2026-05-31T10:51:51.000Z</time></trkpt>
      <trkpt lat="43.645103" lon="-79.373531"><ele>83.8</ele><time>2026-05-31T10:51:52.000Z</time></trkpt>
      <trkpt lat="43.645085" lon="-79.373598"><ele>83.8</ele><time>2026-05-31T10:51:53.000Z</time></trkpt>
      <trkpt lat="43.645065" lon="-79.373667"><ele>84</ele><time>2026-05-31T10:51:54.000Z</time></trkpt>
      <trkpt lat="43.645045" lon="-79.37374"><ele>84.2</ele><time>2026-05-31T10:51:55.000Z</time></trkpt>
      <trkpt lat="43.645024" lon="-79.373818"><ele>84.2</ele><time>2026-05-31T10:51:56.000Z</time></trkpt>
      <trkpt lat="43.645007" lon="-79.373892"><ele>84.2</ele><time>2026-05-31T10:51:57.000Z</time></trkpt>
      <trkpt lat="43.644991" lon="-79.373967"><ele>84.2</ele><time>2026-05-31T10:51:58.000Z</time></trkpt>
      <trkpt lat="43.644973" lon="-79.374046"><ele>84.2</ele><time>2026-05-31T10:51:59.000Z</time></trkpt>
      <trkpt lat="43.644952" lon="-79.374118"><ele>84.2</ele><time>2026-05-31T10:52:00.000Z</time></trkpt>
      <trkpt lat="43.644933" lon="-79.374191"><ele>84.2</ele><time>2026-05-31T10:52:01.000Z</time></trkpt>
      <trkpt lat="43.644919" lon="-79.374262"><ele>84.2</ele><time>2026-05-31T10:52:02.000Z</time></trkpt>
      <trkpt lat="43.644904" lon="-79.374335"><ele>84.4</ele><time>2026-05-31T10:52:03.000Z</time></trkpt>
      <trkpt lat="43.644884" lon="-79.374403"><ele>84.6</ele><time>2026-05-31T10:52:04.000Z</time></trkpt>
      <trkpt lat="43.644861" lon="-79.374471"><ele>84.6</ele><time>2026-05-31T10:52:05.000Z</time></trkpt>
      <trkpt lat="43.644841" lon="-79.374541"><ele>84.6</ele><time>2026-05-31T10:52:06.000Z</time></trkpt>
      <trkpt lat="43.644819" lon="-79.374614"><ele>84.6</ele><time>2026-05-31T10:52:07.000Z</time></trkpt>
      <trkpt lat="43.644799" lon="-79.374687"><ele>84.8</ele><time>2026-05-31T10:52:08.000Z</time></trkpt>
      <trkpt lat="43.644775" lon="-79.374759"><ele>84.8</ele><time>2026-05-31T10:52:09.000Z</time></trkpt>
      <trkpt lat="43.644748" lon="-79.374828"><ele>84.8</ele><time>2026-05-31T10:52:10.000Z</time></trkpt>
      <trkpt lat="43.644723" lon="-79.374898"><ele>84.8</ele><time>2026-05-31T10:52:11.000Z</time></trkpt>
      <trkpt lat="43.644701" lon="-79.374966"><ele>84.8</ele><time>2026-05-31T10:52:12.000Z</time></trkpt>
      <trkpt lat="43.644678" lon="-79.375033"><ele>84.8</ele><time>2026-05-31T10:52:13.000Z</time></trkpt>
      <trkpt lat="43.644654" lon="-79.375098"><ele>85</ele><time>2026-05-31T10:52:14.000Z</time></trkpt>
      <trkpt lat="43.64463" lon="-79.37516"><ele>85</ele><time>2026-05-31T10:52:15.000Z</time></trkpt>
      <trkpt lat="43.644605" lon="-79.37522"><ele>85.2</ele><time>2026-05-31T10:52:16.000Z</time></trkpt>
      <trkpt lat="43.644581" lon="-79.375282"><ele>85.2</ele><time>2026-05-31T10:52:17.000Z</time></trkpt>
      <trkpt lat="43.644559" lon="-79.375346"><ele>85.2</ele><time>2026-05-31T10:52:18.000Z</time></trkpt>
      <trkpt lat="43.644534" lon="-79.375416"><ele>85.2</ele><time>2026-05-31T10:52:19.000Z</time></trkpt>
      <trkpt lat="43.644507" lon="-79.375483"><ele>85.2</ele><time>2026-05-31T10:52:20.000Z</time></trkpt>
      <trkpt lat="43.644481" lon="-79.375549"><ele>85.2</ele><time>2026-05-31T10:52:21.000Z</time></trkpt>
      <trkpt lat="43.644454" lon="-79.375617"><ele>85.2</ele><time>2026-05-31T10:52:22.000Z</time></trkpt>
      <trkpt lat="43.644424" lon="-79.375681"><ele>85.2</ele><time>2026-05-31T10:52:23.000Z</time></trkpt>
      <trkpt lat="43.644391" lon="-79.375747"><ele>85.2</ele><time>2026-05-31T10:52:24.000Z</time></trkpt>
      <trkpt lat="43.644361" lon="-79.375812"><ele>85.2</ele><time>2026-05-31T10:52:25.000Z</time></trkpt>
      <trkpt lat="43.644331" lon="-79.375877"><ele>85.2</ele><time>2026-05-31T10:52:26.000Z</time></trkpt>
      <trkpt lat="43.644301" lon="-79.375944"><ele>85.2</ele><time>2026-05-31T10:52:27.000Z</time></trkpt>
      <trkpt lat="43.644267" lon="-79.376008"><ele>85.2</ele><time>2026-05-31T10:52:28.000Z</time></trkpt>
      <trkpt lat="43.644231" lon="-79.376076"><ele>85</ele><time>2026-05-31T10:52:29.000Z</time></trkpt>
      <trkpt lat="43.644201" lon="-79.376145"><ele>85</ele><time>2026-05-31T10:52:30.000Z</time></trkpt>
      <trkpt lat="43.644175" lon="-79.376215"><ele>85</ele><time>2026-05-31T10:52:31.000Z</time></trkpt>
      <trkpt lat="43.644147" lon="-79.376281"><ele>84.8</ele><time>2026-05-31T10:52:32.000Z</time></trkpt>
      <trkpt lat="43.644119" lon="-79.376354"><ele>84.8</ele><time>2026-05-31T10:52:33.000Z</time></trkpt>
      <trkpt lat="43.644092" lon="-79.376423"><ele>84.8</ele><time>2026-05-31T10:52:34.000Z</time></trkpt>
      <trkpt lat="43.644062" lon="-79.376492"><ele>84.6</ele><time>2026-05-31T10:52:35.000Z</time></trkpt>
      <trkpt lat="43.644028" lon="-79.376559"><ele>84.6</ele><time>2026-05-31T10:52:36.000Z</time></trkpt>
      <trkpt lat="43.64399" lon="-79.376627"><ele>84.6</ele><time>2026-05-31T10:52:37.000Z</time></trkpt>
      <trkpt lat="43.643952" lon="-79.376688"><ele>84.6</ele><time>2026-05-31T10:52:38.000Z</time></trkpt>
      <trkpt lat="43.643914" lon="-79.37675"><ele>84.6</ele><time>2026-05-31T10:52:39.000Z</time></trkpt>
      <trkpt lat="43.643879" lon="-79.376817"><ele>84.4</ele><time>2026-05-31T10:52:40.000Z</time></trkpt>
      <trkpt lat="43.643846" lon="-79.376888"><ele>84.6</ele><time>2026-05-31T10:52:41.000Z</time></trkpt>
      <trkpt lat="43.643813" lon="-79.376955"><ele>84.6</ele><time>2026-05-31T10:52:42.000Z</time></trkpt>
      <trkpt lat="43.643774" lon="-79.377023"><ele>84.6</ele><time>2026-05-31T10:52:43.000Z</time></trkpt>
      <trkpt lat="43.643741" lon="-79.377086"><ele>84.4</ele><time>2026-05-31T10:52:44.000Z</time></trkpt>
      <trkpt lat="43.64371" lon="-79.377154"><ele>84.4</ele><time>2026-05-31T10:52:45.000Z</time></trkpt>
      <trkpt lat="43.643679" lon="-79.37722"><ele>84.4</ele><time>2026-05-31T10:52:46.000Z</time></trkpt>
      <trkpt lat="43.643644" lon="-79.377285"><ele>84.2</ele><time>2026-05-31T10:52:47.000Z</time></trkpt>
      <trkpt lat="43.643617" lon="-79.377352"><ele>84</ele><time>2026-05-31T10:52:48.000Z</time></trkpt>
      <trkpt lat="43.643588" lon="-79.377418"><ele>84</ele><time>2026-05-31T10:52:49.000Z</time></trkpt>
      <trkpt lat="43.643558" lon="-79.377484"><ele>84</ele><time>2026-05-31T10:52:50.000Z</time></trkpt>
      <trkpt lat="43.643525" lon="-79.377556"><ele>84</ele><time>2026-05-31T10:52:51.000Z</time></trkpt>
      <trkpt lat="43.643494" lon="-79.377617"><ele>84.2</ele><time>2026-05-31T10:52:52.000Z</time></trkpt>
      <trkpt lat="43.643453" lon="-79.377677"><ele>84.2</ele><time>2026-05-31T10:52:53.000Z</time></trkpt>
      <trkpt lat="43.643407" lon="-79.377739"><ele>84.4</ele><time>2026-05-31T10:52:54.000Z</time></trkpt>
      <trkpt lat="43.643364" lon="-79.377802"><ele>84.4</ele><time>2026-05-31T10:52:55.000Z</time></trkpt>
      <trkpt lat="43.643321" lon="-79.377867"><ele>84.4</ele><time>2026-05-31T10:52:56.000Z</time></trkpt>
      <trkpt lat="43.643282" lon="-79.377935"><ele>84.4</ele><time>2026-05-31T10:52:57.000Z</time></trkpt>
      <trkpt lat="43.643241" lon="-79.378"><ele>84.4</ele><time>2026-05-31T10:52:58.000Z</time></trkpt>
      <trkpt lat="43.643204" lon="-79.378067"><ele>84.4</ele><time>2026-05-31T10:52:59.000Z</time></trkpt>
      <trkpt lat="43.643167" lon="-79.378132"><ele>84.4</ele><time>2026-05-31T10:53:00.000Z</time></trkpt>
      <trkpt lat="43.643131" lon="-79.378197"><ele>84.4</ele><time>2026-05-31T10:53:01.000Z</time></trkpt>
      <trkpt lat="43.643098" lon="-79.378266"><ele>84.4</ele><time>2026-05-31T10:53:02.000Z</time></trkpt>
      <trkpt lat="43.643058" lon="-79.378337"><ele>84.4</ele><time>2026-05-31T10:53:03.000Z</time></trkpt>
      <trkpt lat="43.64302" lon="-79.378409"><ele>84.4</ele><time>2026-05-31T10:53:04.000Z</time></trkpt>
      <trkpt lat="43.642979" lon="-79.378478"><ele>84.2</ele><time>2026-05-31T10:53:05.000Z</time></trkpt>
      <trkpt lat="43.642943" lon="-79.378551"><ele>84.2</ele><time>2026-05-31T10:53:06.000Z</time></trkpt>
      <trkpt lat="43.642906" lon="-79.378626"><ele>84.2</ele><time>2026-05-31T10:53:07.000Z</time></trkpt>
      <trkpt lat="43.642868" lon="-79.3787"><ele>84.2</ele><time>2026-05-31T10:53:08.000Z</time></trkpt>
      <trkpt lat="43.642828" lon="-79.378773"><ele>84</ele><time>2026-05-31T10:53:09.000Z</time></trkpt>
      <trkpt lat="43.642794" lon="-79.378845"><ele>84</ele><time>2026-05-31T10:53:10.000Z</time></trkpt>
      <trkpt lat="43.642758" lon="-79.378912"><ele>83.8</ele><time>2026-05-31T10:53:11.000Z</time></trkpt>
      <trkpt lat="43.642723" lon="-79.378975"><ele>83.8</ele><time>2026-05-31T10:53:12.000Z</time></trkpt>
      <trkpt lat="43.642688" lon="-79.379044"><ele>83.6</ele><time>2026-05-31T10:53:13.000Z</time></trkpt>
      <trkpt lat="43.642652" lon="-79.379111"><ele>83.6</ele><time>2026-05-31T10:53:14.000Z</time></trkpt>
      <trkpt lat="43.642615" lon="-79.379176"><ele>83.6</ele><time>2026-05-31T10:53:15.000Z</time></trkpt>
      <trkpt lat="43.642583" lon="-79.379248"><ele>83.6</ele><time>2026-05-31T10:53:16.000Z</time></trkpt>
      <trkpt lat="43.642546" lon="-79.379323"><ele>83.6</ele><time>2026-05-31T10:53:17.000Z</time></trkpt>
      <trkpt lat="43.642507" lon="-79.379395"><ele>83.6</ele><time>2026-05-31T10:53:18.000Z</time></trkpt>
      <trkpt lat="43.642467" lon="-79.379465"><ele>83.6</ele><time>2026-05-31T10:53:19.000Z</time></trkpt>
      <trkpt lat="43.642432" lon="-79.379536"><ele>83.6</ele><time>2026-05-31T10:53:20.000Z</time></trkpt>
      <trkpt lat="43.642395" lon="-79.379606"><ele>83.6</ele><time>2026-05-31T10:53:21.000Z</time></trkpt>
      <trkpt lat="43.642355" lon="-79.379677"><ele>83.6</ele><time>2026-05-31T10:53:22.000Z</time></trkpt>
      <trkpt lat="43.642314" lon="-79.37975"><ele>83.6</ele><time>2026-05-31T10:53:23.000Z</time></trkpt>
      <trkpt lat="43.642275" lon="-79.379825"><ele>83.6</ele><time>2026-05-31T10:53:24.000Z</time></trkpt>
      <trkpt lat="43.642238" lon="-79.379895"><ele>83.4</ele><time>2026-05-31T10:53:25.000Z</time></trkpt>
      <trkpt lat="43.642198" lon="-79.379961"><ele>83.4</ele><time>2026-05-31T10:53:26.000Z</time></trkpt>
      <trkpt lat="43.642157" lon="-79.380019"><ele>83.4</ele><time>2026-05-31T10:53:27.000Z</time></trkpt>
      <trkpt lat="43.642122" lon="-79.380083"><ele>83.6</ele><time>2026-05-31T10:53:28.000Z</time></trkpt>
      <trkpt lat="43.642079" lon="-79.380142"><ele>83.6</ele><time>2026-05-31T10:53:29.000Z</time></trkpt>
      <trkpt lat="43.642052" lon="-79.380192"><ele>83.6</ele><time>2026-05-31T10:53:30.000Z</time></trkpt>
      <trkpt lat="43.642032" lon="-79.380269"><ele>83.8</ele><time>2026-05-31T10:53:31.000Z</time></trkpt>
      <trkpt lat="43.642005" lon="-79.380348"><ele>83.8</ele><time>2026-05-31T10:53:32.000Z</time></trkpt>
      <trkpt lat="43.641979" lon="-79.380427"><ele>83.8</ele><time>2026-05-31T10:53:33.000Z</time></trkpt>
      <trkpt lat="43.641945" lon="-79.380535"><ele>83.8</ele><time>2026-05-31T10:53:34.000Z</time></trkpt>
      <trkpt lat="43.641933" lon="-79.380619"><ele>83.4</ele><time>2026-05-31T10:53:35.000Z</time></trkpt>
      <trkpt lat="43.641889" lon="-79.380701"><ele>83</ele><time>2026-05-31T10:53:36.000Z</time></trkpt>
      <trkpt lat="43.641837" lon="-79.380762"><ele>82.8</ele><time>2026-05-31T10:53:37.000Z</time></trkpt>
      <trkpt lat="43.641792" lon="-79.380824"><ele>82.8</ele><time>2026-05-31T10:53:38.000Z</time></trkpt>
      <trkpt lat="43.641752" lon="-79.380892"><ele>83</ele><time>2026-05-31T10:53:39.000Z</time></trkpt>
      <trkpt lat="43.64172" lon="-79.380962"><ele>83.4</ele><time>2026-05-31T10:53:40.000Z</time></trkpt>
      <trkpt lat="43.641683" lon="-79.381035"><ele>83.6</ele><time>2026-05-31T10:53:41.000Z</time></trkpt>
      <trkpt lat="43.641651" lon="-79.381112"><ele>83.6</ele><time>2026-05-31T10:53:42.000Z</time></trkpt>
      <trkpt lat="43.641617" lon="-79.381178"><ele>83.8</ele><time>2026-05-31T10:53:43.000Z</time></trkpt>
      <trkpt lat="43.641579" lon="-79.38123"><ele>83.8</ele><time>2026-05-31T10:53:44.000Z</time></trkpt>
      <trkpt lat="43.641539" lon="-79.381278"><ele>83.8</ele><time>2026-05-31T10:53:45.000Z</time></trkpt>
      <trkpt lat="43.641497" lon="-79.381329"><ele>83.8</ele><time>2026-05-31T10:53:46.000Z</time></trkpt>
      <trkpt lat="43.641465" lon="-79.381382"><ele>83.8</ele><time>2026-05-31T10:53:47.000Z</time></trkpt>
      <trkpt lat="43.64143" lon="-79.381452"><ele>83.6</ele><time>2026-05-31T10:53:48.000Z</time></trkpt>
      <trkpt lat="43.641396" lon="-79.381522"><ele>83.6</ele><time>2026-05-31T10:53:49.000Z</time></trkpt>
      <trkpt lat="43.641358" lon="-79.381594"><ele>83.6</ele><time>2026-05-31T10:53:50.000Z</time></trkpt>
      <trkpt lat="43.641318" lon="-79.381661"><ele>83.4</ele><time>2026-05-31T10:53:51.000Z</time></trkpt>
      <trkpt lat="43.641278" lon="-79.381725"><ele>83.4</ele><time>2026-05-31T10:53:52.000Z</time></trkpt>
      <trkpt lat="43.641237" lon="-79.381792"><ele>83.4</ele><time>2026-05-31T10:53:53.000Z</time></trkpt>
      <trkpt lat="43.641197" lon="-79.381862"><ele>83.2</ele><time>2026-05-31T10:53:54.000Z</time></trkpt>
      <trkpt lat="43.641161" lon="-79.381942"><ele>83.2</ele><time>2026-05-31T10:53:55.000Z</time></trkpt>
      <trkpt lat="43.641128" lon="-79.382024"><ele>83.2</ele><time>2026-05-31T10:53:56.000Z</time></trkpt>
      <trkpt lat="43.641094" lon="-79.382111"><ele>83</ele><time>2026-05-31T10:53:57.000Z</time></trkpt>
      <trkpt lat="43.641062" lon="-79.382198"><ele>83</ele><time>2026-05-31T10:53:58.000Z</time></trkpt>
      <trkpt lat="43.641033" lon="-79.38229"><ele>82.8</ele><time>2026-05-31T10:53:59.000Z</time></trkpt>
      <trkpt lat="43.640998" lon="-79.382379"><ele>83.2</ele><time>2026-05-31T10:54:00.000Z</time></trkpt>
      <trkpt lat="43.640967" lon="-79.382459"><ele>83.2</ele><time>2026-05-31T10:54:01.000Z</time></trkpt>
      <trkpt lat="43.640935" lon="-79.382545"><ele>83.2</ele><time>2026-05-31T10:54:02.000Z</time></trkpt>
      <trkpt lat="43.640903" lon="-79.382629"><ele>82.8</ele><time>2026-05-31T10:54:03.000Z</time></trkpt>
      <trkpt lat="43.640871" lon="-79.382711"><ele>82.6</ele><time>2026-05-31T10:54:04.000Z</time></trkpt>
      <trkpt lat="43.64084" lon="-79.38279"><ele>82</ele><time>2026-05-31T10:54:05.000Z</time></trkpt>
      <trkpt lat="43.640806" lon="-79.382878"><ele>81.8</ele><time>2026-05-31T10:54:06.000Z</time></trkpt>
      <trkpt lat="43.640775" lon="-79.382963"><ele>81.6</ele><time>2026-05-31T10:54:07.000Z</time></trkpt>
      <trkpt lat="43.640746" lon="-79.383049"><ele>81.4</ele><time>2026-05-31T10:54:08.000Z</time></trkpt>
      <trkpt lat="43.640714" lon="-79.383133"><ele>81.4</ele><time>2026-05-31T10:54:09.000Z</time></trkpt>
      <trkpt lat="43.640683" lon="-79.383212"><ele>81.2</ele><time>2026-05-31T10:54:10.000Z</time></trkpt>
      <trkpt lat="43.640654" lon="-79.383293"><ele>81.2</ele><time>2026-05-31T10:54:11.000Z</time></trkpt>
      <trkpt lat="43.640624" lon="-79.383373"><ele>81</ele><time>2026-05-31T10:54:12.000Z</time></trkpt>
      <trkpt lat="43.640598" lon="-79.383451"><ele>81</ele><time>2026-05-31T10:54:13.000Z</time></trkpt>
      <trkpt lat="43.640572" lon="-79.38353"><ele>81</ele><time>2026-05-31T10:54:14.000Z</time></trkpt>
      <trkpt lat="43.640548" lon="-79.383605"><ele>80.8</ele><time>2026-05-31T10:54:15.000Z</time></trkpt>
      <trkpt lat="43.640526" lon="-79.383683"><ele>80.8</ele><time>2026-05-31T10:54:16.000Z</time></trkpt>
      <trkpt lat="43.640506" lon="-79.383757"><ele>80.8</ele><time>2026-05-31T10:54:17.000Z</time></trkpt>
      <trkpt lat="43.640485" lon="-79.383831"><ele>80.6</ele><time>2026-05-31T10:54:18.000Z</time></trkpt>
      <trkpt lat="43.640463" lon="-79.383904"><ele>80.6</ele><time>2026-05-31T10:54:19.000Z</time></trkpt>
      <trkpt lat="43.640443" lon="-79.38398"><ele>80.6</ele><time>2026-05-31T10:54:20.000Z</time></trkpt>
      <trkpt lat="43.640422" lon="-79.384055"><ele>80.6</ele><time>2026-05-31T10:54:21.000Z</time></trkpt>
      <trkpt lat="43.6404" lon="-79.384127"><ele>80.6</ele><time>2026-05-31T10:54:22.000Z</time></trkpt>
      <trkpt lat="43.640378" lon="-79.384201"><ele>80.6</ele><time>2026-05-31T10:54:23.000Z</time></trkpt>
      <trkpt lat="43.640358" lon="-79.384276"><ele>80.8</ele><time>2026-05-31T10:54:24.000Z</time></trkpt>
      <trkpt lat="43.640336" lon="-79.38435"><ele>80.8</ele><time>2026-05-31T10:54:25.000Z</time></trkpt>
      <trkpt lat="43.640315" lon="-79.384425"><ele>80.8</ele><time>2026-05-31T10:54:26.000Z</time></trkpt>
      <trkpt lat="43.640294" lon="-79.384502"><ele>80.8</ele><time>2026-05-31T10:54:27.000Z</time></trkpt>
      <trkpt lat="43.640273" lon="-79.38458"><ele>81</ele><time>2026-05-31T10:54:28.000Z</time></trkpt>
      <trkpt lat="43.640251" lon="-79.384658"><ele>81</ele><time>2026-05-31T10:54:29.000Z</time></trkpt>
      <trkpt lat="43.640229" lon="-79.384735"><ele>81.2</ele><time>2026-05-31T10:54:30.000Z</time></trkpt>
      <trkpt lat="43.640207" lon="-79.384814"><ele>81.4</ele><time>2026-05-31T10:54:31.000Z</time></trkpt>
      <trkpt lat="43.640185" lon="-79.38489"><ele>81.8</ele><time>2026-05-31T10:54:32.000Z</time></trkpt>
      <trkpt lat="43.640168" lon="-79.384961"><ele>81.8</ele><time>2026-05-31T10:54:33.000Z</time></trkpt>
      <trkpt lat="43.640152" lon="-79.385034"><ele>82</ele><time>2026-05-31T10:54:34.000Z</time></trkpt>
      <trkpt lat="43.640138" lon="-79.385101"><ele>82.2</ele><time>2026-05-31T10:54:35.000Z</time></trkpt>
      <trkpt lat="43.640121" lon="-79.385174"><ele>82.4</ele><time>2026-05-31T10:54:36.000Z</time></trkpt>
      <trkpt lat="43.640104" lon="-79.385246"><ele>82.4</ele><time>2026-05-31T10:54:37.000Z</time></trkpt>
      <trkpt lat="43.640088" lon="-79.385327"><ele>82.4</ele><time>2026-05-31T10:54:38.000Z</time></trkpt>
      <trkpt lat="43.640067" lon="-79.385407"><ele>82.4</ele><time>2026-05-31T10:54:39.000Z</time></trkpt>
      <trkpt lat="43.640047" lon="-79.385483"><ele>82.4</ele><time>2026-05-31T10:54:40.000Z</time></trkpt>
      <trkpt lat="43.640027" lon="-79.385556"><ele>82.4</ele><time>2026-05-31T10:54:41.000Z</time></trkpt>
      <trkpt lat="43.640007" lon="-79.38563"><ele>82.6</ele><time>2026-05-31T10:54:42.000Z</time></trkpt>
      <trkpt lat="43.639995" lon="-79.385703"><ele>82.6</ele><time>2026-05-31T10:54:43.000Z</time></trkpt>
      <trkpt lat="43.639985" lon="-79.385774"><ele>82.6</ele><time>2026-05-31T10:54:44.000Z</time></trkpt>
      <trkpt lat="43.639974" lon="-79.385848"><ele>82.6</ele><time>2026-05-31T10:54:45.000Z</time></trkpt>
      <trkpt lat="43.639957" lon="-79.385915"><ele>82.6</ele><time>2026-05-31T10:54:46.000Z</time></trkpt>
      <trkpt lat="43.639939" lon="-79.38598"><ele>82.6</ele><time>2026-05-31T10:54:47.000Z</time></trkpt>
      <trkpt lat="43.639922" lon="-79.386045"><ele>82.6</ele><time>2026-05-31T10:54:48.000Z</time></trkpt>
      <trkpt lat="43.639906" lon="-79.386112"><ele>82.8</ele><time>2026-05-31T10:54:49.000Z</time></trkpt>
      <trkpt lat="43.639901" lon="-79.386188"><ele>82.8</ele><time>2026-05-31T10:54:50.000Z</time></trkpt>
      <trkpt lat="43.639895" lon="-79.38626"><ele>82.8</ele><time>2026-05-31T10:54:51.000Z</time></trkpt>
      <trkpt lat="43.639886" lon="-79.386329"><ele>82.8</ele><time>2026-05-31T10:54:52.000Z</time></trkpt>
      <trkpt lat="43.639877" lon="-79.386396"><ele>82.8</ele><time>2026-05-31T10:54:53.000Z</time></trkpt>
      <trkpt lat="43.639865" lon="-79.386458"><ele>83</ele><time>2026-05-31T10:54:54.000Z</time></trkpt>
      <trkpt lat="43.639852" lon="-79.386516"><ele>83</ele><time>2026-05-31T10:54:55.000Z</time></trkpt>
      <trkpt lat="43.63984" lon="-79.386575"><ele>83</ele><time>2026-05-31T10:54:56.000Z</time></trkpt>
      <trkpt lat="43.639828" lon="-79.386634"><ele>82.8</ele><time>2026-05-31T10:54:57.000Z</time></trkpt>
      <trkpt lat="43.639814" lon="-79.386693"><ele>83</ele><time>2026-05-31T10:54:58.000Z</time></trkpt>
      <trkpt lat="43.639801" lon="-79.386752"><ele>82.8</ele><time>2026-05-31T10:54:59.000Z</time></trkpt>
      <trkpt lat="43.639783" lon="-79.386814"><ele>82.8</ele><time>2026-05-31T10:55:00.000Z</time></trkpt>
      <trkpt lat="43.639763" lon="-79.386883"><ele>83</ele><time>2026-05-31T10:55:01.000Z</time></trkpt>
      <trkpt lat="43.639742" lon="-79.386957"><ele>83</ele><time>2026-05-31T10:55:02.000Z</time></trkpt>
      <trkpt lat="43.639721" lon="-79.387033"><ele>83</ele><time>2026-05-31T10:55:03.000Z</time></trkpt>
      <trkpt lat="43.639702" lon="-79.38711"><ele>83</ele><time>2026-05-31T10:55:04.000Z</time></trkpt>
      <trkpt lat="43.639684" lon="-79.387189"><ele>83</ele><time>2026-05-31T10:55:05.000Z</time></trkpt>
      <trkpt lat="43.639666" lon="-79.387268"><ele>82.8</ele><time>2026-05-31T10:55:06.000Z</time></trkpt>
      <trkpt lat="43.639646" lon="-79.387356"><ele>82.8</ele><time>2026-05-31T10:55:07.000Z</time></trkpt>
      <trkpt lat="43.639627" lon="-79.387445"><ele>82.8</ele><time>2026-05-31T10:55:08.000Z</time></trkpt>
      <trkpt lat="43.639605" lon="-79.387537"><ele>82.8</ele><time>2026-05-31T10:55:09.000Z</time></trkpt>
      <trkpt lat="43.639584" lon="-79.387628"><ele>82.8</ele><time>2026-05-31T10:55:10.000Z</time></trkpt>
      <trkpt lat="43.639565" lon="-79.387723"><ele>82.8</ele><time>2026-05-31T10:55:11.000Z</time></trkpt>
      <trkpt lat="43.639549" lon="-79.387818"><ele>82.6</ele><time>2026-05-31T10:55:12.000Z</time></trkpt>
      <trkpt lat="43.639533" lon="-79.387913"><ele>82.6</ele><time>2026-05-31T10:55:13.000Z</time></trkpt>
      <trkpt lat="43.639518" lon="-79.388007"><ele>82.4</ele><time>2026-05-31T10:55:14.000Z</time></trkpt>
      <trkpt lat="43.639501" lon="-79.388097"><ele>82.4</ele><time>2026-05-31T10:55:15.000Z</time></trkpt>
      <trkpt lat="43.639486" lon="-79.388193"><ele>82.4</ele><time>2026-05-31T10:55:16.000Z</time></trkpt>
      <trkpt lat="43.63947" lon="-79.388286"><ele>82.2</ele><time>2026-05-31T10:55:17.000Z</time></trkpt>
      <trkpt lat="43.639452" lon="-79.388381"><ele>82.2</ele><time>2026-05-31T10:55:18.000Z</time></trkpt>
      <trkpt lat="43.639436" lon="-79.388477"><ele>82.2</ele><time>2026-05-31T10:55:19.000Z</time></trkpt>
      <trkpt lat="43.639422" lon="-79.388573"><ele>82</ele><time>2026-05-31T10:55:20.000Z</time></trkpt>
      <trkpt lat="43.639402" lon="-79.388666"><ele>81.8</ele><time>2026-05-31T10:55:21.000Z</time></trkpt>
      <trkpt lat="43.639384" lon="-79.388759"><ele>81.8</ele><time>2026-05-31T10:55:22.000Z</time></trkpt>
      <trkpt lat="43.639367" lon="-79.388852"><ele>81.6</ele><time>2026-05-31T10:55:23.000Z</time></trkpt>
      <trkpt lat="43.639348" lon="-79.388939"><ele>81.6</ele><time>2026-05-31T10:55:24.000Z</time></trkpt>
      <trkpt lat="43.639331" lon="-79.389027"><ele>81.6</ele><time>2026-05-31T10:55:25.000Z</time></trkpt>
      <trkpt lat="43.639317" lon="-79.389119"><ele>81.6</ele><time>2026-05-31T10:55:26.000Z</time></trkpt>
      <trkpt lat="43.639302" lon="-79.389211"><ele>81.8</ele><time>2026-05-31T10:55:27.000Z</time></trkpt>
      <trkpt lat="43.639289" lon="-79.389303"><ele>81.8</ele><time>2026-05-31T10:55:28.000Z</time></trkpt>
      <trkpt lat="43.639278" lon="-79.389396"><ele>82</ele><time>2026-05-31T10:55:29.000Z</time></trkpt>
      <trkpt lat="43.63926" lon="-79.389483"><ele>82</ele><time>2026-05-31T10:55:30.000Z</time></trkpt>
      <trkpt lat="43.639243" lon="-79.38957"><ele>82</ele><time>2026-05-31T10:55:31.000Z</time></trkpt>
      <trkpt lat="43.639226" lon="-79.389657"><ele>82.2</ele><time>2026-05-31T10:55:32.000Z</time></trkpt>
      <trkpt lat="43.639212" lon="-79.389746"><ele>82.2</ele><time>2026-05-31T10:55:33.000Z</time></trkpt>
      <trkpt lat="43.639197" lon="-79.389835"><ele>82.2</ele><time>2026-05-31T10:55:34.000Z</time></trkpt>
      <trkpt lat="43.63918" lon="-79.389929"><ele>82.4</ele><time>2026-05-31T10:55:35.000Z</time></trkpt>
      <trkpt lat="43.639162" lon="-79.390019"><ele>82.4</ele><time>2026-05-31T10:55:36.000Z</time></trkpt>
      <trkpt lat="43.639149" lon="-79.390107"><ele>82.4</ele><time>2026-05-31T10:55:37.000Z</time></trkpt>
      <trkpt lat="43.639133" lon="-79.390197"><ele>82.4</ele><time>2026-05-31T10:55:38.000Z</time></trkpt>
      <trkpt lat="43.639119" lon="-79.390288"><ele>82.6</ele><time>2026-05-31T10:55:39.000Z</time></trkpt>
      <trkpt lat="43.639102" lon="-79.390377"><ele>82.6</ele><time>2026-05-31T10:55:40.000Z</time></trkpt>
      <trkpt lat="43.639088" lon="-79.390464"><ele>82.8</ele><time>2026-05-31T10:55:41.000Z</time></trkpt>
      <trkpt lat="43.639073" lon="-79.390554"><ele>82.8</ele><time>2026-05-31T10:55:42.000Z</time></trkpt>
      <trkpt lat="43.639058" lon="-79.390642"><ele>83</ele><time>2026-05-31T10:55:43.000Z</time></trkpt>
      <trkpt lat="43.639043" lon="-79.390735"><ele>83</ele><time>2026-05-31T10:55:44.000Z</time></trkpt>
      <trkpt lat="43.639028" lon="-79.390826"><ele>83.2</ele><time>2026-05-31T10:55:45.000Z</time></trkpt>
      <trkpt lat="43.639013" lon="-79.390918"><ele>83.2</ele><time>2026-05-31T10:55:46.000Z</time></trkpt>
      <trkpt lat="43.638998" lon="-79.391013"><ele>83.2</ele><time>2026-05-31T10:55:47.000Z</time></trkpt>
      <trkpt lat="43.638985" lon="-79.391109"><ele>83.2</ele><time>2026-05-31T10:55:48.000Z</time></trkpt>
      <trkpt lat="43.638969" lon="-79.391202"><ele>83.2</ele><time>2026-05-31T10:55:49.000Z</time></trkpt>
      <trkpt lat="43.638953" lon="-79.391291"><ele>83.4</ele><time>2026-05-31T10:55:50.000Z</time></trkpt>
      <trkpt lat="43.638936" lon="-79.391378"><ele>83.4</ele><time>2026-05-31T10:55:51.000Z</time></trkpt>
      <trkpt lat="43.63892" lon="-79.391468"><ele>83.4</ele><time>2026-05-31T10:55:52.000Z</time></trkpt>
      <trkpt lat="43.638906" lon="-79.391558"><ele>83.6</ele><time>2026-05-31T10:55:53.000Z</time></trkpt>
      <trkpt lat="43.638889" lon="-79.391646"><ele>83.4</ele><time>2026-05-31T10:55:54.000Z</time></trkpt>
      <trkpt lat="43.638872" lon="-79.391732"><ele>83.4</ele><time>2026-05-31T10:55:55.000Z</time></trkpt>
      <trkpt lat="43.638858" lon="-79.391822"><ele>83.4</ele><time>2026-05-31T10:55:56.000Z</time></trkpt>
      <trkpt lat="43.638843" lon="-79.39191"><ele>83.4</ele><time>2026-05-31T10:55:57.000Z</time></trkpt>
      <trkpt lat="43.638829" lon="-79.392001"><ele>83.4</ele><time>2026-05-31T10:55:58.000Z</time></trkpt>
      <trkpt lat="43.638815" lon="-79.392092"><ele>83.4</ele><time>2026-05-31T10:55:59.000Z</time></trkpt>
      <trkpt lat="43.6388" lon="-79.392181"><ele>83.4</ele><time>2026-05-31T10:56:00.000Z</time></trkpt>
      <trkpt lat="43.638788" lon="-79.39227"><ele>83.6</ele><time>2026-05-31T10:56:01.000Z</time></trkpt>
      <trkpt lat="43.638774" lon="-79.392361"><ele>83.4</ele><time>2026-05-31T10:56:02.000Z</time></trkpt>
      <trkpt lat="43.638758" lon="-79.392449"><ele>83.4</ele><time>2026-05-31T10:56:03.000Z</time></trkpt>
      <trkpt lat="43.638742" lon="-79.392536"><ele>83.4</ele><time>2026-05-31T10:56:04.000Z</time></trkpt>
      <trkpt lat="43.638727" lon="-79.392624"><ele>83.4</ele><time>2026-05-31T10:56:05.000Z</time></trkpt>
      <trkpt lat="43.638712" lon="-79.392711"><ele>83.4</ele><time>2026-05-31T10:56:06.000Z</time></trkpt>
      <trkpt lat="43.638697" lon="-79.392798"><ele>83.4</ele><time>2026-05-31T10:56:07.000Z</time></trkpt>
      <trkpt lat="43.638685" lon="-79.392885"><ele>83.4</ele><time>2026-05-31T10:56:08.000Z</time></trkpt>
      <trkpt lat="43.638671" lon="-79.39297"><ele>83.4</ele><time>2026-05-31T10:56:09.000Z</time></trkpt>
      <trkpt lat="43.638656" lon="-79.393058"><ele>83.4</ele><time>2026-05-31T10:56:10.000Z</time></trkpt>
      <trkpt lat="43.63864" lon="-79.393146"><ele>83.4</ele><time>2026-05-31T10:56:11.000Z</time></trkpt>
      <trkpt lat="43.638625" lon="-79.393234"><ele>83.4</ele><time>2026-05-31T10:56:12.000Z</time></trkpt>
      <trkpt lat="43.638611" lon="-79.393322"><ele>83.4</ele><time>2026-05-31T10:56:13.000Z</time></trkpt>
      <trkpt lat="43.638595" lon="-79.393411"><ele>83.4</ele><time>2026-05-31T10:56:14.000Z</time></trkpt>
      <trkpt lat="43.63858" lon="-79.393504"><ele>83.4</ele><time>2026-05-31T10:56:15.000Z</time></trkpt>
      <trkpt lat="43.638565" lon="-79.39359"><ele>83.6</ele><time>2026-05-31T10:56:16.000Z</time></trkpt>
      <trkpt lat="43.63855" lon="-79.393676"><ele>83.6</ele><time>2026-05-31T10:56:17.000Z</time></trkpt>
      <trkpt lat="43.638534" lon="-79.393764"><ele>83.6</ele><time>2026-05-31T10:56:18.000Z</time></trkpt>
      <trkpt lat="43.638521" lon="-79.393852"><ele>83.6</ele><time>2026-05-31T10:56:19.000Z</time></trkpt>
      <trkpt lat="43.638507" lon="-79.393938"><ele>83.8</ele><time>2026-05-31T10:56:20.000Z</time></trkpt>
      <trkpt lat="43.638492" lon="-79.394025"><ele>83.8</ele><time>2026-05-31T10:56:21.000Z</time></trkpt>
      <trkpt lat="43.638479" lon="-79.394113"><ele>83.8</ele><time>2026-05-31T10:56:22.000Z</time></trkpt>
      <trkpt lat="43.638466" lon="-79.394199"><ele>83.8</ele><time>2026-05-31T10:56:23.000Z</time></trkpt>
      <trkpt lat="43.638453" lon="-79.394286"><ele>83.8</ele><time>2026-05-31T10:56:24.000Z</time></trkpt>
      <trkpt lat="43.638441" lon="-79.394376"><ele>83.8</ele><time>2026-05-31T10:56:25.000Z</time></trkpt>
      <trkpt lat="43.638425" lon="-79.394461"><ele>84</ele><time>2026-05-31T10:56:26.000Z</time></trkpt>
      <trkpt lat="43.638409" lon="-79.394547"><ele>84</ele><time>2026-05-31T10:56:27.000Z</time></trkpt>
      <trkpt lat="43.638393" lon="-79.394633"><ele>84</ele><time>2026-05-31T10:56:28.000Z</time></trkpt>
      <trkpt lat="43.638378" lon="-79.394719"><ele>84</ele><time>2026-05-31T10:56:29.000Z</time></trkpt>
      <trkpt lat="43.638364" lon="-79.394805"><ele>84</ele><time>2026-05-31T10:56:30.000Z</time></trkpt>
      <trkpt lat="43.63835" lon="-79.394891"><ele>84</ele><time>2026-05-31T10:56:31.000Z</time></trkpt>
      <trkpt lat="43.638339" lon="-79.394979"><ele>84</ele><time>2026-05-31T10:56:32.000Z</time></trkpt>
      <trkpt lat="43.638328" lon="-79.395063"><ele>84</ele><time>2026-05-31T10:56:33.000Z</time></trkpt>
      <trkpt lat="43.638314" lon="-79.395144"><ele>84</ele><time>2026-05-31T10:56:34.000Z</time></trkpt>
      <trkpt lat="43.6383" lon="-79.395228"><ele>84</ele><time>2026-05-31T10:56:35.000Z</time></trkpt>
      <trkpt lat="43.638286" lon="-79.395315"><ele>84.2</ele><time>2026-05-31T10:56:36.000Z</time></trkpt>
      <trkpt lat="43.638274" lon="-79.3954"><ele>84.2</ele><time>2026-05-31T10:56:37.000Z</time></trkpt>
      <trkpt lat="43.638257" lon="-79.395483"><ele>84.2</ele><time>2026-05-31T10:56:38.000Z</time></trkpt>
      <trkpt lat="43.638243" lon="-79.395569"><ele>84.2</ele><time>2026-05-31T10:56:39.000Z</time></trkpt>
      <trkpt lat="43.638232" lon="-79.395655"><ele>84.2</ele><time>2026-05-31T10:56:40.000Z</time></trkpt>
      <trkpt lat="43.638215" lon="-79.395739"><ele>84.2</ele><time>2026-05-31T10:56:41.000Z</time></trkpt>
      <trkpt lat="43.638197" lon="-79.395825"><ele>84.2</ele><time>2026-05-31T10:56:42.000Z</time></trkpt>
      <trkpt lat="43.638181" lon="-79.39591"><ele>84.2</ele><time>2026-05-31T10:56:43.000Z</time></trkpt>
      <trkpt lat="43.638167" lon="-79.395994"><ele>84.2</ele><time>2026-05-31T10:56:44.000Z</time></trkpt>
      <trkpt lat="43.638154" lon="-79.396078"><ele>84.2</ele><time>2026-05-31T10:56:45.000Z</time></trkpt>
      <trkpt lat="43.638144" lon="-79.39616"><ele>84.2</ele><time>2026-05-31T10:56:46.000Z</time></trkpt>
      <trkpt lat="43.638132" lon="-79.396242"><ele>84.2</ele><time>2026-05-31T10:56:47.000Z</time></trkpt>
      <trkpt lat="43.638121" lon="-79.396329"><ele>84.4</ele><time>2026-05-31T10:56:48.000Z</time></trkpt>
      <trkpt lat="43.638107" lon="-79.396409"><ele>84.4</ele><time>2026-05-31T10:56:49.000Z</time></trkpt>
      <trkpt lat="43.638093" lon="-79.396487"><ele>84.4</ele><time>2026-05-31T10:56:50.000Z</time></trkpt>
      <trkpt lat="43.638082" lon="-79.396569"><ele>84.6</ele><time>2026-05-31T10:56:51.000Z</time></trkpt>
      <trkpt lat="43.638075" lon="-79.396651"><ele>84.6</ele><time>2026-05-31T10:56:52.000Z</time></trkpt>
      <trkpt lat="43.638066" lon="-79.396731"><ele>84.6</ele><time>2026-05-31T10:56:53.000Z</time></trkpt>
      <trkpt lat="43.638059" lon="-79.396811"><ele>84.6</ele><time>2026-05-31T10:56:54.000Z</time></trkpt>
      <trkpt lat="43.638052" lon="-79.396893"><ele>84.8</ele><time>2026-05-31T10:56:55.000Z</time></trkpt>
      <trkpt lat="43.638043" lon="-79.396975"><ele>84.8</ele><time>2026-05-31T10:56:56.000Z</time></trkpt>
      <trkpt lat="43.638034" lon="-79.397054"><ele>84.8</ele><time>2026-05-31T10:56:57.000Z</time></trkpt>
      <trkpt lat="43.638027" lon="-79.397134"><ele>85</ele><time>2026-05-31T10:56:58.000Z</time></trkpt>
      <trkpt lat="43.638023" lon="-79.397216"><ele>85</ele><time>2026-05-31T10:56:59.000Z</time></trkpt>
      <trkpt lat="43.638019" lon="-79.397299"><ele>85</ele><time>2026-05-31T10:57:00.000Z</time></trkpt>
      <trkpt lat="43.638011" lon="-79.397377"><ele>85</ele><time>2026-05-31T10:57:01.000Z</time></trkpt>
      <trkpt lat="43.638006" lon="-79.397455"><ele>85</ele><time>2026-05-31T10:57:02.000Z</time></trkpt>
      <trkpt lat="43.638001" lon="-79.397533"><ele>85</ele><time>2026-05-31T10:57:03.000Z</time></trkpt>
      <trkpt lat="43.637995" lon="-79.397619"><ele>85.2</ele><time>2026-05-31T10:57:04.000Z</time></trkpt>
      <trkpt lat="43.63799" lon="-79.397702"><ele>85.2</ele><time>2026-05-31T10:57:05.000Z</time></trkpt>
      <trkpt lat="43.637989" lon="-79.397789"><ele>85.2</ele><time>2026-05-31T10:57:06.000Z</time></trkpt>
      <trkpt lat="43.63799" lon="-79.397875"><ele>85.2</ele><time>2026-05-31T10:57:07.000Z</time></trkpt>
      <trkpt lat="43.637989" lon="-79.397959"><ele>85.2</ele><time>2026-05-31T10:57:08.000Z</time></trkpt>
      <trkpt lat="43.637987" lon="-79.398038"><ele>85.2</ele><time>2026-05-31T10:57:09.000Z</time></trkpt>
      <trkpt lat="43.637989" lon="-79.398117"><ele>85.2</ele><time>2026-05-31T10:57:10.000Z</time></trkpt>
      <trkpt lat="43.63799" lon="-79.398195"><ele>85.4</ele><time>2026-05-31T10:57:11.000Z</time></trkpt>
      <trkpt lat="43.637988" lon="-79.398272"><ele>85.4</ele><time>2026-05-31T10:57:12.000Z</time></trkpt>
      <trkpt lat="43.637989" lon="-79.398341"><ele>85.6</ele><time>2026-05-31T10:57:13.000Z</time></trkpt>
      <trkpt lat="43.637996" lon="-79.398419"><ele>85.8</ele><time>2026-05-31T10:57:14.000Z</time></trkpt>
      <trkpt lat="43.638001" lon="-79.398496"><ele>86</ele><time>2026-05-31T10:57:15.000Z</time></trkpt>
      <trkpt lat="43.638005" lon="-79.39857"><ele>86</ele><time>2026-05-31T10:57:16.000Z</time></trkpt>
      <trkpt lat="43.638005" lon="-79.398648"><ele>86</ele><time>2026-05-31T10:57:17.000Z</time></trkpt>
      <trkpt lat="43.63801" lon="-79.398727"><ele>86</ele><time>2026-05-31T10:57:18.000Z</time></trkpt>
      <trkpt lat="43.638009" lon="-79.398805"><ele>86</ele><time>2026-05-31T10:57:19.000Z</time></trkpt>
      <trkpt lat="43.638005" lon="-79.398877"><ele>86</ele><time>2026-05-31T10:57:20.000Z</time></trkpt>
      <trkpt lat="43.638006" lon="-79.398944"><ele>86.2</ele><time>2026-05-31T10:57:21.000Z</time></trkpt>
      <trkpt lat="43.638006" lon="-79.399019"><ele>86.2</ele><time>2026-05-31T10:57:22.000Z</time></trkpt>
      <trkpt lat="43.638008" lon="-79.399095"><ele>86.2</ele><time>2026-05-31T10:57:23.000Z</time></trkpt>
      <trkpt lat="43.638007" lon="-79.399164"><ele>86.2</ele><time>2026-05-31T10:57:24.000Z</time></trkpt>
      <trkpt lat="43.638004" lon="-79.399227"><ele>86.4</ele><time>2026-05-31T10:57:25.000Z</time></trkpt>
      <trkpt lat="43.638003" lon="-79.399288"><ele>86.4</ele><time>2026-05-31T10:57:26.000Z</time></trkpt>
      <trkpt lat="43.638005" lon="-79.399353"><ele>86.6</ele><time>2026-05-31T10:57:27.000Z</time></trkpt>
      <trkpt lat="43.63801" lon="-79.399422"><ele>86.8</ele><time>2026-05-31T10:57:28.000Z</time></trkpt>
      <trkpt lat="43.638014" lon="-79.399489"><ele>86.8</ele><time>2026-05-31T10:57:29.000Z</time></trkpt>
      <trkpt lat="43.638016" lon="-79.399558"><ele>87</ele><time>2026-05-31T10:57:30.000Z</time></trkpt>
      <trkpt lat="43.638026" lon="-79.399629"><ele>87</ele><time>2026-05-31T10:57:31.000Z</time></trkpt>
      <trkpt lat="43.638037" lon="-79.399698"><ele>87</ele><time>2026-05-31T10:57:32.000Z</time></trkpt>
      <trkpt lat="43.638043" lon="-79.399769"><ele>87.2</ele><time>2026-05-31T10:57:33.000Z</time></trkpt>
      <trkpt lat="43.638046" lon="-79.399833"><ele>87.2</ele><time>2026-05-31T10:57:34.000Z</time></trkpt>
      <trkpt lat="43.638049" lon="-79.399904"><ele>87.2</ele><time>2026-05-31T10:57:35.000Z</time></trkpt>
      <trkpt lat="43.638055" lon="-79.399971"><ele>87.4</ele><time>2026-05-31T10:57:36.000Z</time></trkpt>
      <trkpt lat="43.638057" lon="-79.400041"><ele>87.4</ele><time>2026-05-31T10:57:37.000Z</time></trkpt>
      <trkpt lat="43.63806" lon="-79.40011"><ele>87.4</ele><time>2026-05-31T10:57:38.000Z</time></trkpt>
      <trkpt lat="43.638065" lon="-79.400178"><ele>87.6</ele><time>2026-05-31T10:57:39.000Z</time></trkpt>
      <trkpt lat="43.638066" lon="-79.400244"><ele>87.8</ele><time>2026-05-31T10:57:40.000Z</time></trkpt>
      <trkpt lat="43.638067" lon="-79.400313"><ele>88</ele><time>2026-05-31T10:57:41.000Z</time></trkpt>
      <trkpt lat="43.638072" lon="-79.400378"><ele>88.2</ele><time>2026-05-31T10:57:42.000Z</time></trkpt>
      <trkpt lat="43.638085" lon="-79.400443"><ele>88.2</ele><time>2026-05-31T10:57:43.000Z</time></trkpt>
      <trkpt lat="43.638093" lon="-79.40051"><ele>88.2</ele><time>2026-05-31T10:57:44.000Z</time></trkpt>
      <trkpt lat="43.638104" lon="-79.400576"><ele>88.4</ele><time>2026-05-31T10:57:45.000Z</time></trkpt>
      <trkpt lat="43.638107" lon="-79.400647"><ele>88.4</ele><time>2026-05-31T10:57:46.000Z</time></trkpt>
      <trkpt lat="43.638109" lon="-79.400718"><ele>88.4</ele><time>2026-05-31T10:57:47.000Z</time></trkpt>
      <trkpt lat="43.638111" lon="-79.400785"><ele>88.4</ele><time>2026-05-31T10:57:48.000Z</time></trkpt>
      <trkpt lat="43.638113" lon="-79.400855"><ele>88.4</ele><time>2026-05-31T10:57:49.000Z</time></trkpt>
      <trkpt lat="43.638117" lon="-79.400925"><ele>88.4</ele><time>2026-05-31T10:57:50.000Z</time></trkpt>
      <trkpt lat="43.638121" lon="-79.400997"><ele>88.2</ele><time>2026-05-31T10:57:51.000Z</time></trkpt>
      <trkpt lat="43.638122" lon="-79.401062"><ele>88.2</ele><time>2026-05-31T10:57:52.000Z</time></trkpt>
      <trkpt lat="43.638121" lon="-79.401125"><ele>88.4</ele><time>2026-05-31T10:57:53.000Z</time></trkpt>
      <trkpt lat="43.63812" lon="-79.401194"><ele>88.4</ele><time>2026-05-31T10:57:54.000Z</time></trkpt>
      <trkpt lat="43.638121" lon="-79.401264"><ele>88.4</ele><time>2026-05-31T10:57:55.000Z</time></trkpt>
      <trkpt lat="43.638122" lon="-79.401334"><ele>88.4</ele><time>2026-05-31T10:57:56.000Z</time></trkpt>
      <trkpt lat="43.638125" lon="-79.401401"><ele>88.4</ele><time>2026-05-31T10:57:57.000Z</time></trkpt>
      <trkpt lat="43.638122" lon="-79.401469"><ele>88.6</ele><time>2026-05-31T10:57:58.000Z</time></trkpt>
      <trkpt lat="43.63812" lon="-79.401537"><ele>88.8</ele><time>2026-05-31T10:57:59.000Z</time></trkpt>
      <trkpt lat="43.638119" lon="-79.401599"><ele>88.8</ele><time>2026-05-31T10:58:00.000Z</time></trkpt>
      <trkpt lat="43.63812" lon="-79.401662"><ele>89</ele><time>2026-05-31T10:58:01.000Z</time></trkpt>
      <trkpt lat="43.638121" lon="-79.40173"><ele>89.2</ele><time>2026-05-31T10:58:02.000Z</time></trkpt>
      <trkpt lat="43.638119" lon="-79.401798"><ele>89.2</ele><time>2026-05-31T10:58:03.000Z</time></trkpt>
      <trkpt lat="43.638116" lon="-79.401862"><ele>89.2</ele><time>2026-05-31T10:58:04.000Z</time></trkpt>
      <trkpt lat="43.638111" lon="-79.401926"><ele>89.2</ele><time>2026-05-31T10:58:05.000Z</time></trkpt>
      <trkpt lat="43.63811" lon="-79.40199"><ele>89.2</ele><time>2026-05-31T10:58:06.000Z</time></trkpt>
      <trkpt lat="43.638112" lon="-79.402057"><ele>89.2</ele><time>2026-05-31T10:58:07.000Z</time></trkpt>
      <trkpt lat="43.638114" lon="-79.40212"><ele>89.2</ele><time>2026-05-31T10:58:08.000Z</time></trkpt>
      <trkpt lat="43.638112" lon="-79.402176"><ele>89</ele><time>2026-05-31T10:58:09.000Z</time></trkpt>
      <trkpt lat="43.638113" lon="-79.402228"><ele>89.2</ele><time>2026-05-31T10:58:10.000Z</time></trkpt>
      <trkpt lat="43.638115" lon="-79.402279"><ele>89.2</ele><time>2026-05-31T10:58:11.000Z</time></trkpt>
      <trkpt lat="43.638118" lon="-79.402332"><ele>89.2</ele><time>2026-05-31T10:58:12.000Z</time></trkpt>
      <trkpt lat="43.638114" lon="-79.402385"><ele>89.4</ele><time>2026-05-31T10:58:13.000Z</time></trkpt>
      <trkpt lat="43.638111" lon="-79.402441"><ele>89.6</ele><time>2026-05-31T10:58:14.000Z</time></trkpt>
      <trkpt lat="43.638108" lon="-79.402497"><ele>89.6</ele><time>2026-05-31T10:58:15.000Z</time></trkpt>
      <trkpt lat="43.638106" lon="-79.402552"><ele>89.8</ele><time>2026-05-31T10:58:16.000Z</time></trkpt>
      <trkpt lat="43.638104" lon="-79.402608"><ele>90</ele><time>2026-05-31T10:58:17.000Z</time></trkpt>
      <trkpt lat="43.6381" lon="-79.40267"><ele>90</ele><time>2026-05-31T10:58:18.000Z</time></trkpt>
      <trkpt lat="43.638098" lon="-79.40273"><ele>90</ele><time>2026-05-31T10:58:19.000Z</time></trkpt>
      <trkpt lat="43.638093" lon="-79.40279"><ele>90.2</ele><time>2026-05-31T10:58:20.000Z</time></trkpt>
      <trkpt lat="43.638089" lon="-79.402848"><ele>90.2</ele><time>2026-05-31T10:58:21.000Z</time></trkpt>
      <trkpt lat="43.638089" lon="-79.402908"><ele>90.2</ele><time>2026-05-31T10:58:22.000Z</time></trkpt>
      <trkpt lat="43.638086" lon="-79.402966"><ele>90.2</ele><time>2026-05-31T10:58:23.000Z</time></trkpt>
      <trkpt lat="43.638077" lon="-79.403027"><ele>90.2</ele><time>2026-05-31T10:58:24.000Z</time></trkpt>
      <trkpt lat="43.638068" lon="-79.403086"><ele>90</ele><time>2026-05-31T10:58:25.000Z</time></trkpt>
      <trkpt lat="43.638062" lon="-79.403146"><ele>90</ele><time>2026-05-31T10:58:26.000Z</time></trkpt>
      <trkpt lat="43.638059" lon="-79.403206"><ele>90</ele><time>2026-05-31T10:58:27.000Z</time></trkpt>
      <trkpt lat="43.638054" lon="-79.403264"><ele>90</ele><time>2026-05-31T10:58:28.000Z</time></trkpt>
      <trkpt lat="43.638051" lon="-79.403319"><ele>90</ele><time>2026-05-31T10:58:29.000Z</time></trkpt>
      <trkpt lat="43.638047" lon="-79.403369"><ele>90.2</ele><time>2026-05-31T10:58:30.000Z</time></trkpt>
      <trkpt lat="43.638044" lon="-79.403417"><ele>90.4</ele><time>2026-05-31T10:58:31.000Z</time></trkpt>
      <trkpt lat="43.638043" lon="-79.40346"><ele>90.4</ele><time>2026-05-31T10:58:32.000Z</time></trkpt>
      <trkpt lat="43.638041" lon="-79.403512"><ele>90.4</ele><time>2026-05-31T10:58:33.000Z</time></trkpt>
      <trkpt lat="43.638039" lon="-79.40357"><ele>90.2</ele><time>2026-05-31T10:58:34.000Z</time></trkpt>
      <trkpt lat="43.638034" lon="-79.403633"><ele>90</ele><time>2026-05-31T10:58:35.000Z</time></trkpt>
      <trkpt lat="43.63803" lon="-79.40369"><ele>90</ele><time>2026-05-31T10:58:36.000Z</time></trkpt>
      <trkpt lat="43.638024" lon="-79.403747"><ele>90</ele><time>2026-05-31T10:58:37.000Z</time></trkpt>
      <trkpt lat="43.63802" lon="-79.403806"><ele>90</ele><time>2026-05-31T10:58:38.000Z</time></trkpt>
      <trkpt lat="43.638013" lon="-79.403863"><ele>90</ele><time>2026-05-31T10:58:39.000Z</time></trkpt>
      <trkpt lat="43.638009" lon="-79.403918"><ele>90</ele><time>2026-05-31T10:58:40.000Z</time></trkpt>
      <trkpt lat="43.638002" lon="-79.403978"><ele>90</ele><time>2026-05-31T10:58:41.000Z</time></trkpt>
      <trkpt lat="43.637998" lon="-79.404037"><ele>90</ele><time>2026-05-31T10:58:42.000Z</time></trkpt>
      <trkpt lat="43.637993" lon="-79.404097"><ele>90</ele><time>2026-05-31T10:58:43.000Z</time></trkpt>
      <trkpt lat="43.637987" lon="-79.404158"><ele>90</ele><time>2026-05-31T10:58:44.000Z</time></trkpt>
      <trkpt lat="43.637981" lon="-79.40422"><ele>90</ele><time>2026-05-31T10:58:45.000Z</time></trkpt>
      <trkpt lat="43.637974" lon="-79.404281"><ele>90</ele><time>2026-05-31T10:58:46.000Z</time></trkpt>
      <trkpt lat="43.637967" lon="-79.40434"><ele>89.8</ele><time>2026-05-31T10:58:47.000Z</time></trkpt>
      <trkpt lat="43.637961" lon="-79.404398"><ele>89.8</ele><time>2026-05-31T10:58:48.000Z</time></trkpt>
      <trkpt lat="43.637953" lon="-79.404459"><ele>89.8</ele><time>2026-05-31T10:58:49.000Z</time></trkpt>
      <trkpt lat="43.637944" lon="-79.40452"><ele>89.8</ele><time>2026-05-31T10:58:50.000Z</time></trkpt>
      <trkpt lat="43.637935" lon="-79.404583"><ele>90</ele><time>2026-05-31T10:58:51.000Z</time></trkpt>
      <trkpt lat="43.63793" lon="-79.404645"><ele>90.2</ele><time>2026-05-31T10:58:52.000Z</time></trkpt>
      <trkpt lat="43.637924" lon="-79.404706"><ele>90.4</ele><time>2026-05-31T10:58:53.000Z</time></trkpt>
      <trkpt lat="43.637917" lon="-79.404766"><ele>90.4</ele><time>2026-05-31T10:58:54.000Z</time></trkpt>
      <trkpt lat="43.637909" lon="-79.404829"><ele>90.6</ele><time>2026-05-31T10:58:55.000Z</time></trkpt>
      <trkpt lat="43.637905" lon="-79.404895"><ele>90.6</ele><time>2026-05-31T10:58:56.000Z</time></trkpt>
      <trkpt lat="43.637899" lon="-79.404962"><ele>90.6</ele><time>2026-05-31T10:58:57.000Z</time></trkpt>
      <trkpt lat="43.637894" lon="-79.405026"><ele>90.6</ele><time>2026-05-31T10:58:58.000Z</time></trkpt>
      <trkpt lat="43.637887" lon="-79.40509"><ele>90.6</ele><time>2026-05-31T10:58:59.000Z</time></trkpt>
      <trkpt lat="43.637882" lon="-79.405152"><ele>90.4</ele><time>2026-05-31T10:59:00.000Z</time></trkpt>
      <trkpt lat="43.637874" lon="-79.405213"><ele>90.4</ele><time>2026-05-31T10:59:01.000Z</time></trkpt>
      <trkpt lat="43.637865" lon="-79.405277"><ele>90.4</ele><time>2026-05-31T10:59:02.000Z</time></trkpt>
      <trkpt lat="43.63786" lon="-79.40534"><ele>90.6</ele><time>2026-05-31T10:59:03.000Z</time></trkpt>
      <trkpt lat="43.637858" lon="-79.405405"><ele>90.6</ele><time>2026-05-31T10:59:04.000Z</time></trkpt>
      <trkpt lat="43.637855" lon="-79.405472"><ele>90.6</ele><time>2026-05-31T10:59:05.000Z</time></trkpt>
      <trkpt lat="43.63785" lon="-79.405537"><ele>90.6</ele><time>2026-05-31T10:59:06.000Z</time></trkpt>
      <trkpt lat="43.637844" lon="-79.405605"><ele>90.6</ele><time>2026-05-31T10:59:07.000Z</time></trkpt>
      <trkpt lat="43.637839" lon="-79.40567"><ele>90.6</ele><time>2026-05-31T10:59:08.000Z</time></trkpt>
      <trkpt lat="43.637834" lon="-79.405736"><ele>90.6</ele><time>2026-05-31T10:59:09.000Z</time></trkpt>
      <trkpt lat="43.637826" lon="-79.405799"><ele>90.8</ele><time>2026-05-31T10:59:10.000Z</time></trkpt>
      <trkpt lat="43.637818" lon="-79.405861"><ele>91</ele><time>2026-05-31T10:59:11.000Z</time></trkpt>
      <trkpt lat="43.637811" lon="-79.405928"><ele>91.4</ele><time>2026-05-31T10:59:12.000Z</time></trkpt>
      <trkpt lat="43.637802" lon="-79.405998"><ele>91.6</ele><time>2026-05-31T10:59:13.000Z</time></trkpt>
      <trkpt lat="43.637793" lon="-79.406069"><ele>91.8</ele><time>2026-05-31T10:59:14.000Z</time></trkpt>
      <trkpt lat="43.637789" lon="-79.40614"><ele>91.8</ele><time>2026-05-31T10:59:15.000Z</time></trkpt>
      <trkpt lat="43.637783" lon="-79.406212"><ele>91.8</ele><time>2026-05-31T10:59:16.000Z</time></trkpt>
      <trkpt lat="43.637777" lon="-79.40628"><ele>91.8</ele><time>2026-05-31T10:59:17.000Z</time></trkpt>
      <trkpt lat="43.637772" lon="-79.406347"><ele>91.8</ele><time>2026-05-31T10:59:18.000Z</time></trkpt>
      <trkpt lat="43.637766" lon="-79.406412"><ele>91.8</ele><time>2026-05-31T10:59:19.000Z</time></trkpt>
      <trkpt lat="43.637757" lon="-79.406481"><ele>91.6</ele><time>2026-05-31T10:59:20.000Z</time></trkpt>
      <trkpt lat="43.637746" lon="-79.406551"><ele>91.6</ele><time>2026-05-31T10:59:21.000Z</time></trkpt>
      <trkpt lat="43.637737" lon="-79.406623"><ele>91.8</ele><time>2026-05-31T10:59:22.000Z</time></trkpt>
      <trkpt lat="43.637728" lon="-79.406694"><ele>91.8</ele><time>2026-05-31T10:59:23.000Z</time></trkpt>
      <trkpt lat="43.637722" lon="-79.40677"><ele>91.8</ele><time>2026-05-31T10:59:24.000Z</time></trkpt>
      <trkpt lat="43.637717" lon="-79.406844"><ele>92</ele><time>2026-05-31T10:59:25.000Z</time></trkpt>
      <trkpt lat="43.63771" lon="-79.406921"><ele>92</ele><time>2026-05-31T10:59:26.000Z</time></trkpt>
      <trkpt lat="43.637704" lon="-79.406997"><ele>92</ele><time>2026-05-31T10:59:27.000Z</time></trkpt>
      <trkpt lat="43.637698" lon="-79.407074"><ele>91.8</ele><time>2026-05-31T10:59:28.000Z</time></trkpt>
      <trkpt lat="43.637692" lon="-79.407153"><ele>91.8</ele><time>2026-05-31T10:59:29.000Z</time></trkpt>
      <trkpt lat="43.637686" lon="-79.407231"><ele>91.6</ele><time>2026-05-31T10:59:30.000Z</time></trkpt>
      <trkpt lat="43.637682" lon="-79.407312"><ele>91.4</ele><time>2026-05-31T10:59:31.000Z</time></trkpt>
      <trkpt lat="43.637677" lon="-79.407399"><ele>91.2</ele><time>2026-05-31T10:59:32.000Z</time></trkpt>
      <trkpt lat="43.637671" lon="-79.407487"><ele>91</ele><time>2026-05-31T10:59:33.000Z</time></trkpt>
      <trkpt lat="43.637666" lon="-79.407574"><ele>91</ele><time>2026-05-31T10:59:34.000Z</time></trkpt>
      <trkpt lat="43.637662" lon="-79.407662"><ele>90.8</ele><time>2026-05-31T10:59:35.000Z</time></trkpt>
      <trkpt lat="43.637658" lon="-79.40775"><ele>90.8</ele><time>2026-05-31T10:59:36.000Z</time></trkpt>
      <trkpt lat="43.637652" lon="-79.40784"><ele>90.6</ele><time>2026-05-31T10:59:37.000Z</time></trkpt>
      <trkpt lat="43.637647" lon="-79.40793"><ele>90.6</ele><time>2026-05-31T10:59:38.000Z</time></trkpt>
      <trkpt lat="43.637643" lon="-79.408019"><ele>90.6</ele><time>2026-05-31T10:59:39.000Z</time></trkpt>
      <trkpt lat="43.637639" lon="-79.408106"><ele>90.4</ele><time>2026-05-31T10:59:40.000Z</time></trkpt>
      <trkpt lat="43.637637" lon="-79.408197"><ele>90.4</ele><time>2026-05-31T10:59:41.000Z</time></trkpt>
      <trkpt lat="43.637635" lon="-79.408288"><ele>90.4</ele><time>2026-05-31T10:59:42.000Z</time></trkpt>
      <trkpt lat="43.637632" lon="-79.408378"><ele>90.4</ele><time>2026-05-31T10:59:43.000Z</time></trkpt>
      <trkpt lat="43.637631" lon="-79.408469"><ele>90.4</ele><time>2026-05-31T10:59:44.000Z</time></trkpt>
      <trkpt lat="43.63763" lon="-79.408562"><ele>90.4</ele><time>2026-05-31T10:59:45.000Z</time></trkpt>
      <trkpt lat="43.637627" lon="-79.408654"><ele>90.4</ele><time>2026-05-31T10:59:46.000Z</time></trkpt>
      <trkpt lat="43.637621" lon="-79.408745"><ele>90.4</ele><time>2026-05-31T10:59:47.000Z</time></trkpt>
      <trkpt lat="43.637618" lon="-79.408836"><ele>90.2</ele><time>2026-05-31T10:59:48.000Z</time></trkpt>
      <trkpt lat="43.637617" lon="-79.408924"><ele>90</ele><time>2026-05-31T10:59:49.000Z</time></trkpt>
      <trkpt lat="43.637617" lon="-79.409017"><ele>90</ele><time>2026-05-31T10:59:50.000Z</time></trkpt>
      <trkpt lat="43.637617" lon="-79.409108"><ele>89.8</ele><time>2026-05-31T10:59:51.000Z</time></trkpt>
      <trkpt lat="43.637616" lon="-79.4092"><ele>89.8</ele><time>2026-05-31T10:59:52.000Z</time></trkpt>
      <trkpt lat="43.637616" lon="-79.409295"><ele>89.6</ele><time>2026-05-31T10:59:53.000Z</time></trkpt>
      <trkpt lat="43.637615" lon="-79.409392"><ele>89.6</ele><time>2026-05-31T10:59:54.000Z</time></trkpt>
      <trkpt lat="43.637615" lon="-79.409486"><ele>89.6</ele><time>2026-05-31T10:59:55.000Z</time></trkpt>
      <trkpt lat="43.637614" lon="-79.409578"><ele>89.4</ele><time>2026-05-31T10:59:56.000Z</time></trkpt>
      <trkpt lat="43.637612" lon="-79.409671"><ele>89.2</ele><time>2026-05-31T10:59:57.000Z</time></trkpt>
      <trkpt lat="43.637609" lon="-79.409764"><ele>89.2</ele><time>2026-05-31T10:59:58.000Z</time></trkpt>
      <trkpt lat="43.637608" lon="-79.409859"><ele>89.4</ele><time>2026-05-31T10:59:59.000Z</time></trkpt>
      <trkpt lat="43.637609" lon="-79.409954"><ele>89.2</ele><time>2026-05-31T11:00:00.000Z</time></trkpt>
      <trkpt lat="43.637607" lon="-79.41005"><ele>89.4</ele><time>2026-05-31T11:00:01.000Z</time></trkpt>
      <trkpt lat="43.637602" lon="-79.410148"><ele>89.4</ele><time>2026-05-31T11:00:02.000Z</time></trkpt>
      <trkpt lat="43.637599" lon="-79.410244"><ele>89.4</ele><time>2026-05-31T11:00:03.000Z</time></trkpt>
      <trkpt lat="43.637595" lon="-79.410339"><ele>89.2</ele><time>2026-05-31T11:00:04.000Z</time></trkpt>
      <trkpt lat="43.637596" lon="-79.410434"><ele>89</ele><time>2026-05-31T11:00:05.000Z</time></trkpt>
      <trkpt lat="43.637596" lon="-79.410531"><ele>89</ele><time>2026-05-31T11:00:06.000Z</time></trkpt>
      <trkpt lat="43.637597" lon="-79.410628"><ele>88.8</ele><time>2026-05-31T11:00:07.000Z</time></trkpt>
      <trkpt lat="43.637595" lon="-79.41072"><ele>88.6</ele><time>2026-05-31T11:00:08.000Z</time></trkpt>
      <trkpt lat="43.637595" lon="-79.410815"><ele>88.6</ele><time>2026-05-31T11:00:09.000Z</time></trkpt>
      <trkpt lat="43.637594" lon="-79.410911"><ele>88.4</ele><time>2026-05-31T11:00:10.000Z</time></trkpt>
      <trkpt lat="43.637591" lon="-79.411009"><ele>88.2</ele><time>2026-05-31T11:00:11.000Z</time></trkpt>
      <trkpt lat="43.637588" lon="-79.411104"><ele>88.2</ele><time>2026-05-31T11:00:12.000Z</time></trkpt>
      <trkpt lat="43.637585" lon="-79.411197"><ele>88</ele><time>2026-05-31T11:00:13.000Z</time></trkpt>
      <trkpt lat="43.637581" lon="-79.411288"><ele>88.2</ele><time>2026-05-31T11:00:14.000Z</time></trkpt>
      <trkpt lat="43.637575" lon="-79.411377"><ele>88.2</ele><time>2026-05-31T11:00:15.000Z</time></trkpt>
      <trkpt lat="43.63757" lon="-79.411465"><ele>88.2</ele><time>2026-05-31T11:00:16.000Z</time></trkpt>
      <trkpt lat="43.637562" lon="-79.411551"><ele>88.2</ele><time>2026-05-31T11:00:17.000Z</time></trkpt>
      <trkpt lat="43.637555" lon="-79.411639"><ele>88.4</ele><time>2026-05-31T11:00:18.000Z</time></trkpt>
      <trkpt lat="43.637548" lon="-79.411725"><ele>88.4</ele><time>2026-05-31T11:00:19.000Z</time></trkpt>
      <trkpt lat="43.637535" lon="-79.41181"><ele>88.4</ele><time>2026-05-31T11:00:20.000Z</time></trkpt>
      <trkpt lat="43.637521" lon="-79.411895"><ele>88.4</ele><time>2026-05-31T11:00:21.000Z</time></trkpt>
      <trkpt lat="43.637508" lon="-79.411983"><ele>88.4</ele><time>2026-05-31T11:00:22.000Z</time></trkpt>
      <trkpt lat="43.637498" lon="-79.412073"><ele>88.4</ele><time>2026-05-31T11:00:23.000Z</time></trkpt>
      <trkpt lat="43.637488" lon="-79.412165"><ele>88.2</ele><time>2026-05-31T11:00:24.000Z</time></trkpt>
      <trkpt lat="43.637479" lon="-79.412256"><ele>88</ele><time>2026-05-31T11:00:25.000Z</time></trkpt>
      <trkpt lat="43.637468" lon="-79.412349"><ele>88</ele><time>2026-05-31T11:00:26.000Z</time></trkpt>
      <trkpt lat="43.637454" lon="-79.412441"><ele>87.8</ele><time>2026-05-31T11:00:27.000Z</time></trkpt>
      <trkpt lat="43.637437" lon="-79.412534"><ele>87.8</ele><time>2026-05-31T11:00:28.000Z</time></trkpt>
      <trkpt lat="43.637421" lon="-79.412627"><ele>87.8</ele><time>2026-05-31T11:00:29.000Z</time></trkpt>
      <trkpt lat="43.637406" lon="-79.412723"><ele>87.6</ele><time>2026-05-31T11:00:30.000Z</time></trkpt>
      <trkpt lat="43.637388" lon="-79.412822"><ele>87.6</ele><time>2026-05-31T11:00:31.000Z</time></trkpt>
      <trkpt lat="43.637365" lon="-79.412923"><ele>87.6</ele><time>2026-05-31T11:00:32.000Z</time></trkpt>
      <trkpt lat="43.637342" lon="-79.413021"><ele>87.4</ele><time>2026-05-31T11:00:33.000Z</time></trkpt>
      <trkpt lat="43.637318" lon="-79.413118"><ele>87.2</ele><time>2026-05-31T11:00:34.000Z</time></trkpt>
      <trkpt lat="43.637292" lon="-79.413213"><ele>87</ele><time>2026-05-31T11:00:35.000Z</time></trkpt>
      <trkpt lat="43.637264" lon="-79.41331"><ele>86.8</ele><time>2026-05-31T11:00:36.000Z</time></trkpt>
      <trkpt lat="43.637241" lon="-79.413405"><ele>86.6</ele><time>2026-05-31T11:00:37.000Z</time></trkpt>
      <trkpt lat="43.637219" lon="-79.413502"><ele>86.4</ele><time>2026-05-31T11:00:38.000Z</time></trkpt>
      <trkpt lat="43.637196" lon="-79.413603"><ele>86.4</ele><time>2026-05-31T11:00:39.000Z</time></trkpt>
      <trkpt lat="43.63717" lon="-79.4137"><ele>86.2</ele><time>2026-05-31T11:00:40.000Z</time></trkpt>
      <trkpt lat="43.637146" lon="-79.413798"><ele>86</ele><time>2026-05-31T11:00:41.000Z</time></trkpt>
      <trkpt lat="43.637122" lon="-79.413893"><ele>85.8</ele><time>2026-05-31T11:00:42.000Z</time></trkpt>
      <trkpt lat="43.637095" lon="-79.413989"><ele>85.8</ele><time>2026-05-31T11:00:43.000Z</time></trkpt>
      <trkpt lat="43.637066" lon="-79.414083"><ele>85.8</ele><time>2026-05-31T11:00:44.000Z</time></trkpt>
      <trkpt lat="43.637038" lon="-79.414178"><ele>85.8</ele><time>2026-05-31T11:00:45.000Z</time></trkpt>
      <trkpt lat="43.637011" lon="-79.414274"><ele>85.8</ele><time>2026-05-31T11:00:46.000Z</time></trkpt>
      <trkpt lat="43.636983" lon="-79.414373"><ele>86</ele><time>2026-05-31T11:00:47.000Z</time></trkpt>
      <trkpt lat="43.636953" lon="-79.414473"><ele>86</ele><time>2026-05-31T11:00:48.000Z</time></trkpt>
      <trkpt lat="43.636923" lon="-79.414574"><ele>86</ele><time>2026-05-31T11:00:49.000Z</time></trkpt>
      <trkpt lat="43.636892" lon="-79.414674"><ele>86</ele><time>2026-05-31T11:00:50.000Z</time></trkpt>
      <trkpt lat="43.636863" lon="-79.414774"><ele>86</ele><time>2026-05-31T11:00:51.000Z</time></trkpt>
      <trkpt lat="43.636834" lon="-79.414874"><ele>86</ele><time>2026-05-31T11:00:52.000Z</time></trkpt>
      <trkpt lat="43.636806" lon="-79.414974"><ele>86.2</ele><time>2026-05-31T11:00:53.000Z</time></trkpt>
      <trkpt lat="43.636777" lon="-79.415074"><ele>86</ele><time>2026-05-31T11:00:54.000Z</time></trkpt>
      <trkpt lat="43.636748" lon="-79.415176"><ele>85.8</ele><time>2026-05-31T11:00:55.000Z</time></trkpt>
      <trkpt lat="43.63672" lon="-79.415275"><ele>85.8</ele><time>2026-05-31T11:00:56.000Z</time></trkpt>
      <trkpt lat="43.636693" lon="-79.415377"><ele>85.6</ele><time>2026-05-31T11:00:57.000Z</time></trkpt>
      <trkpt lat="43.636666" lon="-79.415478"><ele>85.6</ele><time>2026-05-31T11:00:58.000Z</time></trkpt>
      <trkpt lat="43.636638" lon="-79.415578"><ele>85.4</ele><time>2026-05-31T11:00:59.000Z</time></trkpt>
      <trkpt lat="43.63661" lon="-79.415674"><ele>85.4</ele><time>2026-05-31T11:01:00.000Z</time></trkpt>
      <trkpt lat="43.63658" lon="-79.415773"><ele>85.2</ele><time>2026-05-31T11:01:01.000Z</time></trkpt>
      <trkpt lat="43.636551" lon="-79.415876"><ele>85.2</ele><time>2026-05-31T11:01:02.000Z</time></trkpt>
      <trkpt lat="43.636524" lon="-79.415977"><ele>85.2</ele><time>2026-05-31T11:01:03.000Z</time></trkpt>
      <trkpt lat="43.636496" lon="-79.416077"><ele>85</ele><time>2026-05-31T11:01:04.000Z</time></trkpt>
      <trkpt lat="43.636469" lon="-79.416179"><ele>85</ele><time>2026-05-31T11:01:05.000Z</time></trkpt>
      <trkpt lat="43.636443" lon="-79.416281"><ele>85</ele><time>2026-05-31T11:01:06.000Z</time></trkpt>
      <trkpt lat="43.636415" lon="-79.416385"><ele>84.8</ele><time>2026-05-31T11:01:07.000Z</time></trkpt>
      <trkpt lat="43.636387" lon="-79.416488"><ele>84.6</ele><time>2026-05-31T11:01:08.000Z</time></trkpt>
      <trkpt lat="43.636358" lon="-79.416592"><ele>84.4</ele><time>2026-05-31T11:01:09.000Z</time></trkpt>
      <trkpt lat="43.63633" lon="-79.416694"><ele>84.4</ele><time>2026-05-31T11:01:10.000Z</time></trkpt>
      <trkpt lat="43.636301" lon="-79.416796"><ele>84.2</ele><time>2026-05-31T11:01:11.000Z</time></trkpt>
      <trkpt lat="43.636274" lon="-79.416896"><ele>84.2</ele><time>2026-05-31T11:01:12.000Z</time></trkpt>
      <trkpt lat="43.636249" lon="-79.416999"><ele>84</ele><time>2026-05-31T11:01:13.000Z</time></trkpt>
      <trkpt lat="43.636222" lon="-79.417097"><ele>84</ele><time>2026-05-31T11:01:14.000Z</time></trkpt>
      <trkpt lat="43.636195" lon="-79.417196"><ele>84</ele><time>2026-05-31T11:01:15.000Z</time></trkpt>
      <trkpt lat="43.63617" lon="-79.417294"><ele>84</ele><time>2026-05-31T11:01:16.000Z</time></trkpt>
      <trkpt lat="43.636143" lon="-79.417391"><ele>84.2</ele><time>2026-05-31T11:01:17.000Z</time></trkpt>
      <trkpt lat="43.636117" lon="-79.417484"><ele>84.2</ele><time>2026-05-31T11:01:18.000Z</time></trkpt>
      <trkpt lat="43.636091" lon="-79.417578"><ele>84.2</ele><time>2026-05-31T11:01:19.000Z</time></trkpt>
      <trkpt lat="43.636065" lon="-79.417671"><ele>84.2</ele><time>2026-05-31T11:01:20.000Z</time></trkpt>
      <trkpt lat="43.636038" lon="-79.417761"><ele>84.4</ele><time>2026-05-31T11:01:21.000Z</time></trkpt>
      <trkpt lat="43.636013" lon="-79.417851"><ele>84.2</ele><time>2026-05-31T11:01:22.000Z</time></trkpt>
      <trkpt lat="43.635991" lon="-79.41794"><ele>84.2</ele><time>2026-05-31T11:01:23.000Z</time></trkpt>
      <trkpt lat="43.635966" lon="-79.418032"><ele>84.2</ele><time>2026-05-31T11:01:24.000Z</time></trkpt>
      <trkpt lat="43.635939" lon="-79.418121"><ele>84.2</ele><time>2026-05-31T11:01:25.000Z</time></trkpt>
      <trkpt lat="43.635914" lon="-79.418209"><ele>84.2</ele><time>2026-05-31T11:01:26.000Z</time></trkpt>
      <trkpt lat="43.635886" lon="-79.418295"><ele>84.4</ele><time>2026-05-31T11:01:27.000Z</time></trkpt>
      <trkpt lat="43.635859" lon="-79.418382"><ele>84.4</ele><time>2026-05-31T11:01:28.000Z</time></trkpt>
      <trkpt lat="43.635836" lon="-79.418469"><ele>84.6</ele><time>2026-05-31T11:01:29.000Z</time></trkpt>
      <trkpt lat="43.635812" lon="-79.418559"><ele>84.6</ele><time>2026-05-31T11:01:30.000Z</time></trkpt>
      <trkpt lat="43.63579" lon="-79.418653"><ele>84.8</ele><time>2026-05-31T11:01:31.000Z</time></trkpt>
      <trkpt lat="43.635763" lon="-79.418745"><ele>85</ele><time>2026-05-31T11:01:32.000Z</time></trkpt>
      <trkpt lat="43.635736" lon="-79.418838"><ele>85</ele><time>2026-05-31T11:01:33.000Z</time></trkpt>
      <trkpt lat="43.635709" lon="-79.418928"><ele>85</ele><time>2026-05-31T11:01:34.000Z</time></trkpt>
      <trkpt lat="43.635682" lon="-79.419017"><ele>85</ele><time>2026-05-31T11:01:35.000Z</time></trkpt>
      <trkpt lat="43.635657" lon="-79.41911"><ele>85.2</ele><time>2026-05-31T11:01:36.000Z</time></trkpt>
      <trkpt lat="43.635631" lon="-79.419206"><ele>85.2</ele><time>2026-05-31T11:01:37.000Z</time></trkpt>
      <trkpt lat="43.635605" lon="-79.419301"><ele>85.2</ele><time>2026-05-31T11:01:38.000Z</time></trkpt>
      <trkpt lat="43.635582" lon="-79.419397"><ele>85.2</ele><time>2026-05-31T11:01:39.000Z</time></trkpt>
      <trkpt lat="43.635555" lon="-79.419493"><ele>85.2</ele><time>2026-05-31T11:01:40.000Z</time></trkpt>
      <trkpt lat="43.635526" lon="-79.419581"><ele>85.4</ele><time>2026-05-31T11:01:41.000Z</time></trkpt>
      <trkpt lat="43.635499" lon="-79.41967"><ele>85.4</ele><time>2026-05-31T11:01:42.000Z</time></trkpt>
      <trkpt lat="43.635475" lon="-79.419762"><ele>85.4</ele><time>2026-05-31T11:01:43.000Z</time></trkpt>
      <trkpt lat="43.635448" lon="-79.419852"><ele>85.6</ele><time>2026-05-31T11:01:44.000Z</time></trkpt>
      <trkpt lat="43.635421" lon="-79.41994"><ele>85.6</ele><time>2026-05-31T11:01:45.000Z</time></trkpt>
      <trkpt lat="43.635396" lon="-79.420029"><ele>85.6</ele><time>2026-05-31T11:01:46.000Z</time></trkpt>
      <trkpt lat="43.63537" lon="-79.420118"><ele>85.8</ele><time>2026-05-31T11:01:47.000Z</time></trkpt>
      <trkpt lat="43.635343" lon="-79.420207"><ele>85.8</ele><time>2026-05-31T11:01:48.000Z</time></trkpt>
      <trkpt lat="43.635318" lon="-79.420297"><ele>85.8</ele><time>2026-05-31T11:01:49.000Z</time></trkpt>
      <trkpt lat="43.635292" lon="-79.420385"><ele>85.6</ele><time>2026-05-31T11:01:50.000Z</time></trkpt>
      <trkpt lat="43.635267" lon="-79.420471"><ele>85.6</ele><time>2026-05-31T11:01:51.000Z</time></trkpt>
      <trkpt lat="43.635244" lon="-79.420561"><ele>85.6</ele><time>2026-05-31T11:01:52.000Z</time></trkpt>
      <trkpt lat="43.635218" lon="-79.420652"><ele>85.6</ele><time>2026-05-31T11:01:53.000Z</time></trkpt>
      <trkpt lat="43.635193" lon="-79.420741"><ele>85.6</ele><time>2026-05-31T11:01:54.000Z</time></trkpt>
      <trkpt lat="43.635169" lon="-79.420833"><ele>85.6</ele><time>2026-05-31T11:01:55.000Z</time></trkpt>
      <trkpt lat="43.635145" lon="-79.420928"><ele>85.6</ele><time>2026-05-31T11:01:56.000Z</time></trkpt>
      <trkpt lat="43.635119" lon="-79.421023"><ele>85.6</ele><time>2026-05-31T11:01:57.000Z</time></trkpt>
      <trkpt lat="43.635092" lon="-79.421119"><ele>85.4</ele><time>2026-05-31T11:01:58.000Z</time></trkpt>
      <trkpt lat="43.635065" lon="-79.421214"><ele>85.4</ele><time>2026-05-31T11:01:59.000Z</time></trkpt>
      <trkpt lat="43.635036" lon="-79.421312"><ele>85.2</ele><time>2026-05-31T11:02:00.000Z</time></trkpt>
      <trkpt lat="43.635008" lon="-79.421411"><ele>85</ele><time>2026-05-31T11:02:01.000Z</time></trkpt>
      <trkpt lat="43.634984" lon="-79.42151"><ele>85</ele><time>2026-05-31T11:02:02.000Z</time></trkpt>
      <trkpt lat="43.634958" lon="-79.421613"><ele>84.8</ele><time>2026-05-31T11:02:03.000Z</time></trkpt>
      <trkpt lat="43.63493" lon="-79.421718"><ele>84.4</ele><time>2026-05-31T11:02:04.000Z</time></trkpt>
      <trkpt lat="43.634897" lon="-79.421822"><ele>84</ele><time>2026-05-31T11:02:05.000Z</time></trkpt>
      <trkpt lat="43.634864" lon="-79.421927"><ele>83.8</ele><time>2026-05-31T11:02:06.000Z</time></trkpt>
      <trkpt lat="43.634834" lon="-79.422028"><ele>83.4</ele><time>2026-05-31T11:02:07.000Z</time></trkpt>
      <trkpt lat="43.634807" lon="-79.422134"><ele>83.4</ele><time>2026-05-31T11:02:08.000Z</time></trkpt>
      <trkpt lat="43.634782" lon="-79.422244"><ele>83.2</ele><time>2026-05-31T11:02:09.000Z</time></trkpt>
      <trkpt lat="43.634754" lon="-79.422351"><ele>83</ele><time>2026-05-31T11:02:10.000Z</time></trkpt>
      <trkpt lat="43.634724" lon="-79.422456"><ele>83</ele><time>2026-05-31T11:02:11.000Z</time></trkpt>
      <trkpt lat="43.634697" lon="-79.422564"><ele>82.8</ele><time>2026-05-31T11:02:12.000Z</time></trkpt>
      <trkpt lat="43.63467" lon="-79.422675"><ele>82.6</ele><time>2026-05-31T11:02:13.000Z</time></trkpt>
      <trkpt lat="43.634641" lon="-79.422787"><ele>82.2</ele><time>2026-05-31T11:02:14.000Z</time></trkpt>
      <trkpt lat="43.63461" lon="-79.422901"><ele>82</ele><time>2026-05-31T11:02:15.000Z</time></trkpt>
      <trkpt lat="43.634579" lon="-79.423013"><ele>81.8</ele><time>2026-05-31T11:02:16.000Z</time></trkpt>
      <trkpt lat="43.634546" lon="-79.423128"><ele>81.6</ele><time>2026-05-31T11:02:17.000Z</time></trkpt>
      <trkpt lat="43.634513" lon="-79.423241"><ele>81.2</ele><time>2026-05-31T11:02:18.000Z</time></trkpt>
      <trkpt lat="43.634479" lon="-79.423355"><ele>80.8</ele><time>2026-05-31T11:02:19.000Z</time></trkpt>
      <trkpt lat="43.634444" lon="-79.42347"><ele>80.4</ele><time>2026-05-31T11:02:20.000Z</time></trkpt>
      <trkpt lat="43.634409" lon="-79.423585"><ele>79.6</ele><time>2026-05-31T11:02:21.000Z</time></trkpt>
      <trkpt lat="43.634374" lon="-79.423705"><ele>79.2</ele><time>2026-05-31T11:02:22.000Z</time></trkpt>
      <trkpt lat="43.63434" lon="-79.423819"><ele>78.6</ele><time>2026-05-31T11:02:23.000Z</time></trkpt>
      <trkpt lat="43.63431" lon="-79.423939"><ele>78.2</ele><time>2026-05-31T11:02:24.000Z</time></trkpt>
      <trkpt lat="43.63428" lon="-79.424056"><ele>77.8</ele><time>2026-05-31T11:02:25.000Z</time></trkpt>
      <trkpt lat="43.63425" lon="-79.424174"><ele>77.4</ele><time>2026-05-31T11:02:26.000Z</time></trkpt>
      <trkpt lat="43.634219" lon="-79.424292"><ele>77.2</ele><time>2026-05-31T11:02:27.000Z</time></trkpt>
      <trkpt lat="43.634185" lon="-79.424411"><ele>77</ele><time>2026-05-31T11:02:28.000Z</time></trkpt>
      <trkpt lat="43.634154" lon="-79.424531"><ele>77</ele><time>2026-05-31T11:02:29.000Z</time></trkpt>
      <trkpt lat="43.634122" lon="-79.424654"><ele>76.8</ele><time>2026-05-31T11:02:30.000Z</time></trkpt>
      <trkpt lat="43.634088" lon="-79.424779"><ele>76.6</ele><time>2026-05-31T11:02:31.000Z</time></trkpt>
      <trkpt lat="43.634051" lon="-79.424902"><ele>76.2</ele><time>2026-05-31T11:02:32.000Z</time></trkpt>
      <trkpt lat="43.634011" lon="-79.425022"><ele>76</ele><time>2026-05-31T11:02:33.000Z</time></trkpt>
      <trkpt lat="43.633975" lon="-79.425141"><ele>75.6</ele><time>2026-05-31T11:02:34.000Z</time></trkpt>
      <trkpt lat="43.633943" lon="-79.42526"><ele>75.4</ele><time>2026-05-31T11:02:35.000Z</time></trkpt>
      <trkpt lat="43.633913" lon="-79.425379"><ele>75.2</ele><time>2026-05-31T11:02:36.000Z</time></trkpt>
      <trkpt lat="43.633878" lon="-79.425501"><ele>75.2</ele><time>2026-05-31T11:02:37.000Z</time></trkpt>
      <trkpt lat="43.633848" lon="-79.425622"><ele>75</ele><time>2026-05-31T11:02:38.000Z</time></trkpt>
      <trkpt lat="43.633815" lon="-79.425746"><ele>74.8</ele><time>2026-05-31T11:02:39.000Z</time></trkpt>
      <trkpt lat="43.633782" lon="-79.425869"><ele>74.6</ele><time>2026-05-31T11:02:40.000Z</time></trkpt>
      <trkpt lat="43.633749" lon="-79.425996"><ele>74.2</ele><time>2026-05-31T11:02:41.000Z</time></trkpt>
      <trkpt lat="43.633716" lon="-79.426126"><ele>74</ele><time>2026-05-31T11:02:42.000Z</time></trkpt>
      <trkpt lat="43.633682" lon="-79.426253"><ele>73.8</ele><time>2026-05-31T11:02:43.000Z</time></trkpt>
      <trkpt lat="43.633648" lon="-79.426381"><ele>73.6</ele><time>2026-05-31T11:02:44.000Z</time></trkpt>
      <trkpt lat="43.633612" lon="-79.42651"><ele>73.6</ele><time>2026-05-31T11:02:45.000Z</time></trkpt>
      <trkpt lat="43.633577" lon="-79.42664"><ele>73.6</ele><time>2026-05-31T11:02:46.000Z</time></trkpt>
      <trkpt lat="43.633543" lon="-79.426768"><ele>73.4</ele><time>2026-05-31T11:02:47.000Z</time></trkpt>
      <trkpt lat="43.633512" lon="-79.426894"><ele>73.4</ele><time>2026-05-31T11:02:48.000Z</time></trkpt>
      <trkpt lat="43.633484" lon="-79.427021"><ele>73.4</ele><time>2026-05-31T11:02:49.000Z</time></trkpt>
      <trkpt lat="43.633456" lon="-79.427149"><ele>73.2</ele><time>2026-05-31T11:02:50.000Z</time></trkpt>
      <trkpt lat="43.633424" lon="-79.427276"><ele>73</ele><time>2026-05-31T11:02:51.000Z</time></trkpt>
      <trkpt lat="43.633391" lon="-79.4274"><ele>72.8</ele><time>2026-05-31T11:02:52.000Z</time></trkpt>
      <trkpt lat="43.633358" lon="-79.427526"><ele>72.6</ele><time>2026-05-31T11:02:53.000Z</time></trkpt>
      <trkpt lat="43.633326" lon="-79.427648"><ele>72.2</ele><time>2026-05-31T11:02:54.000Z</time></trkpt>
      <trkpt lat="43.633294" lon="-79.427767"><ele>72</ele><time>2026-05-31T11:02:55.000Z</time></trkpt>
      <trkpt lat="43.633261" lon="-79.427886"><ele>72</ele><time>2026-05-31T11:02:56.000Z</time></trkpt>
      <trkpt lat="43.633229" lon="-79.428007"><ele>72</ele><time>2026-05-31T11:02:57.000Z</time></trkpt>
      <trkpt lat="43.633193" lon="-79.428129"><ele>71.8</ele><time>2026-05-31T11:02:58.000Z</time></trkpt>
      <trkpt lat="43.633157" lon="-79.428248"><ele>71.8</ele><time>2026-05-31T11:02:59.000Z</time></trkpt>
      <trkpt lat="43.633125" lon="-79.428363"><ele>71.8</ele><time>2026-05-31T11:03:00.000Z</time></trkpt>
      <trkpt lat="43.633094" lon="-79.428475"><ele>71.6</ele><time>2026-05-31T11:03:01.000Z</time></trkpt>
      <trkpt lat="43.633062" lon="-79.42859"><ele>71.6</ele><time>2026-05-31T11:03:02.000Z</time></trkpt>
      <trkpt lat="43.633031" lon="-79.428703"><ele>71.6</ele><time>2026-05-31T11:03:03.000Z</time></trkpt>
      <trkpt lat="43.633001" lon="-79.428815"><ele>71.6</ele><time>2026-05-31T11:03:04.000Z</time></trkpt>
      <trkpt lat="43.632973" lon="-79.428925"><ele>71.6</ele><time>2026-05-31T11:03:05.000Z</time></trkpt>
      <trkpt lat="43.632941" lon="-79.42903"><ele>71.8</ele><time>2026-05-31T11:03:06.000Z</time></trkpt>
      <trkpt lat="43.632911" lon="-79.429133"><ele>71.8</ele><time>2026-05-31T11:03:07.000Z</time></trkpt>
      <trkpt lat="43.632885" lon="-79.429237"><ele>71.8</ele><time>2026-05-31T11:03:08.000Z</time></trkpt>
      <trkpt lat="43.632855" lon="-79.429346"><ele>71.8</ele><time>2026-05-31T11:03:09.000Z</time></trkpt>
      <trkpt lat="43.632823" lon="-79.429452"><ele>71.6</ele><time>2026-05-31T11:03:10.000Z</time></trkpt>
      <trkpt lat="43.632796" lon="-79.429565"><ele>71.6</ele><time>2026-05-31T11:03:11.000Z</time></trkpt>
      <trkpt lat="43.63277" lon="-79.429677"><ele>71.6</ele><time>2026-05-31T11:03:12.000Z</time></trkpt>
      <trkpt lat="43.632744" lon="-79.42979"><ele>71.4</ele><time>2026-05-31T11:03:13.000Z</time></trkpt>
      <trkpt lat="43.632723" lon="-79.429902"><ele>71.4</ele><time>2026-05-31T11:03:14.000Z</time></trkpt>
      <trkpt lat="43.632702" lon="-79.430016"><ele>71.6</ele><time>2026-05-31T11:03:15.000Z</time></trkpt>
      <trkpt lat="43.632683" lon="-79.430131"><ele>71.6</ele><time>2026-05-31T11:03:16.000Z</time></trkpt>
      <trkpt lat="43.632668" lon="-79.430251"><ele>71.8</ele><time>2026-05-31T11:03:17.000Z</time></trkpt>
      <trkpt lat="43.632654" lon="-79.430372"><ele>71.8</ele><time>2026-05-31T11:03:18.000Z</time></trkpt>
      <trkpt lat="43.632638" lon="-79.430493"><ele>71.8</ele><time>2026-05-31T11:03:19.000Z</time></trkpt>
      <trkpt lat="43.632623" lon="-79.430613"><ele>71.8</ele><time>2026-05-31T11:03:20.000Z</time></trkpt>
      <trkpt lat="43.632612" lon="-79.430733"><ele>71.6</ele><time>2026-05-31T11:03:21.000Z</time></trkpt>
      <trkpt lat="43.632599" lon="-79.430853"><ele>71.6</ele><time>2026-05-31T11:03:22.000Z</time></trkpt>
      <trkpt lat="43.632588" lon="-79.430971"><ele>71.6</ele><time>2026-05-31T11:03:23.000Z</time></trkpt>
      <trkpt lat="43.632581" lon="-79.431089"><ele>71.6</ele><time>2026-05-31T11:03:24.000Z</time></trkpt>
      <trkpt lat="43.632576" lon="-79.431202"><ele>71.6</ele><time>2026-05-31T11:03:25.000Z</time></trkpt>
      <trkpt lat="43.632573" lon="-79.431309"><ele>71.4</ele><time>2026-05-31T11:03:26.000Z</time></trkpt>
      <trkpt lat="43.632569" lon="-79.431427"><ele>71.4</ele><time>2026-05-31T11:03:27.000Z</time></trkpt>
      <trkpt lat="43.632567" lon="-79.431543"><ele>71.4</ele><time>2026-05-31T11:03:28.000Z</time></trkpt>
      <trkpt lat="43.632564" lon="-79.431664"><ele>71.4</ele><time>2026-05-31T11:03:29.000Z</time></trkpt>
      <trkpt lat="43.632562" lon="-79.431787"><ele>71.4</ele><time>2026-05-31T11:03:30.000Z</time></trkpt>
      <trkpt lat="43.632568" lon="-79.431903"><ele>71.4</ele><time>2026-05-31T11:03:31.000Z</time></trkpt>
      <trkpt lat="43.632576" lon="-79.432019"><ele>71.4</ele><time>2026-05-31T11:03:32.000Z</time></trkpt>
      <trkpt lat="43.632584" lon="-79.432137"><ele>71.4</ele><time>2026-05-31T11:03:33.000Z</time></trkpt>
      <trkpt lat="43.632593" lon="-79.432256"><ele>71.4</ele><time>2026-05-31T11:03:34.000Z</time></trkpt>
      <trkpt lat="43.632603" lon="-79.432371"><ele>71.4</ele><time>2026-05-31T11:03:35.000Z</time></trkpt>
      <trkpt lat="43.632613" lon="-79.432484"><ele>71.4</ele><time>2026-05-31T11:03:36.000Z</time></trkpt>
      <trkpt lat="43.632625" lon="-79.432596"><ele>71.2</ele><time>2026-05-31T11:03:37.000Z</time></trkpt>
      <trkpt lat="43.632638" lon="-79.432706"><ele>71.2</ele><time>2026-05-31T11:03:38.000Z</time></trkpt>
      <trkpt lat="43.632657" lon="-79.432814"><ele>71</ele><time>2026-05-31T11:03:39.000Z</time></trkpt>
      <trkpt lat="43.632675" lon="-79.432921"><ele>70.8</ele><time>2026-05-31T11:03:40.000Z</time></trkpt>
      <trkpt lat="43.632689" lon="-79.433031"><ele>70.6</ele><time>2026-05-31T11:03:41.000Z</time></trkpt>
      <trkpt lat="43.632704" lon="-79.433135"><ele>70.4</ele><time>2026-05-31T11:03:42.000Z</time></trkpt>
      <trkpt lat="43.632723" lon="-79.433238"><ele>70.2</ele><time>2026-05-31T11:03:43.000Z</time></trkpt>
      <trkpt lat="43.632741" lon="-79.433343"><ele>70.2</ele><time>2026-05-31T11:03:44.000Z</time></trkpt>
      <trkpt lat="43.63276" lon="-79.433448"><ele>70</ele><time>2026-05-31T11:03:45.000Z</time></trkpt>
      <trkpt lat="43.63278" lon="-79.43355"><ele>69.8</ele><time>2026-05-31T11:03:46.000Z</time></trkpt>
      <trkpt lat="43.632803" lon="-79.433654"><ele>69.6</ele><time>2026-05-31T11:03:47.000Z</time></trkpt>
      <trkpt lat="43.632828" lon="-79.433759"><ele>69.4</ele><time>2026-05-31T11:03:48.000Z</time></trkpt>
      <trkpt lat="43.632852" lon="-79.433864"><ele>69.4</ele><time>2026-05-31T11:03:49.000Z</time></trkpt>
      <trkpt lat="43.632877" lon="-79.433967"><ele>69.6</ele><time>2026-05-31T11:03:50.000Z</time></trkpt>
      <trkpt lat="43.632903" lon="-79.434072"><ele>69.8</ele><time>2026-05-31T11:03:51.000Z</time></trkpt>
      <trkpt lat="43.632931" lon="-79.434175"><ele>70.2</ele><time>2026-05-31T11:03:52.000Z</time></trkpt>
      <trkpt lat="43.632957" lon="-79.434274"><ele>70.6</ele><time>2026-05-31T11:03:53.000Z</time></trkpt>
      <trkpt lat="43.632981" lon="-79.434371"><ele>70.8</ele><time>2026-05-31T11:03:54.000Z</time></trkpt>
      <trkpt lat="43.633003" lon="-79.434456"><ele>71</ele><time>2026-05-31T11:03:55.000Z</time></trkpt>
      <trkpt lat="43.633031" lon="-79.434536"><ele>71.4</ele><time>2026-05-31T11:03:56.000Z</time></trkpt>
      <trkpt lat="43.63306" lon="-79.43462"><ele>71.4</ele><time>2026-05-31T11:03:57.000Z</time></trkpt>
      <trkpt lat="43.633095" lon="-79.43472"><ele>71.4</ele><time>2026-05-31T11:03:58.000Z</time></trkpt>
      <trkpt lat="43.633129" lon="-79.434813"><ele>71.4</ele><time>2026-05-31T11:03:59.000Z</time></trkpt>
      <trkpt lat="43.633163" lon="-79.4349"><ele>71.2</ele><time>2026-05-31T11:04:00.000Z</time></trkpt>
      <trkpt lat="43.633198" lon="-79.434987"><ele>71.2</ele><time>2026-05-31T11:04:01.000Z</time></trkpt>
      <trkpt lat="43.63323" lon="-79.435073"><ele>71</ele><time>2026-05-31T11:04:02.000Z</time></trkpt>
      <trkpt lat="43.633266" lon="-79.435157"><ele>71</ele><time>2026-05-31T11:04:03.000Z</time></trkpt>
      <trkpt lat="43.633304" lon="-79.435238"><ele>71</ele><time>2026-05-31T11:04:04.000Z</time></trkpt>
      <trkpt lat="43.633339" lon="-79.435321"><ele>71.2</ele><time>2026-05-31T11:04:05.000Z</time></trkpt>
      <trkpt lat="43.63337" lon="-79.435403"><ele>71.2</ele><time>2026-05-31T11:04:06.000Z</time></trkpt>
      <trkpt lat="43.633402" lon="-79.435485"><ele>71.4</ele><time>2026-05-31T11:04:07.000Z</time></trkpt>
      <trkpt lat="43.633436" lon="-79.435564"><ele>71.4</ele><time>2026-05-31T11:04:08.000Z</time></trkpt>
      <trkpt lat="43.633465" lon="-79.435638"><ele>71.4</ele><time>2026-05-31T11:04:09.000Z</time></trkpt>
      <trkpt lat="43.633494" lon="-79.435713"><ele>71.6</ele><time>2026-05-31T11:04:10.000Z</time></trkpt>
      <trkpt lat="43.633527" lon="-79.435795"><ele>71.6</ele><time>2026-05-31T11:04:11.000Z</time></trkpt>
      <trkpt lat="43.633559" lon="-79.435883"><ele>71.6</ele><time>2026-05-31T11:04:12.000Z</time></trkpt>
      <trkpt lat="43.633594" lon="-79.435973"><ele>71.6</ele><time>2026-05-31T11:04:13.000Z</time></trkpt>
      <trkpt lat="43.633626" lon="-79.436059"><ele>71.8</ele><time>2026-05-31T11:04:14.000Z</time></trkpt>
      <trkpt lat="43.633661" lon="-79.436147"><ele>71.8</ele><time>2026-05-31T11:04:15.000Z</time></trkpt>
      <trkpt lat="43.633695" lon="-79.436231"><ele>71.8</ele><time>2026-05-31T11:04:16.000Z</time></trkpt>
      <trkpt lat="43.633728" lon="-79.436316"><ele>72</ele><time>2026-05-31T11:04:17.000Z</time></trkpt>
      <trkpt lat="43.633765" lon="-79.436401"><ele>72.2</ele><time>2026-05-31T11:04:18.000Z</time></trkpt>
      <trkpt lat="43.633804" lon="-79.436484"><ele>72.4</ele><time>2026-05-31T11:04:19.000Z</time></trkpt>
      <trkpt lat="43.633842" lon="-79.436568"><ele>72.6</ele><time>2026-05-31T11:04:20.000Z</time></trkpt>
      <trkpt lat="43.633878" lon="-79.436654"><ele>72.8</ele><time>2026-05-31T11:04:21.000Z</time></trkpt>
      <trkpt lat="43.633915" lon="-79.436739"><ele>73</ele><time>2026-05-31T11:04:22.000Z</time></trkpt>
      <trkpt lat="43.633952" lon="-79.436825"><ele>73</ele><time>2026-05-31T11:04:23.000Z</time></trkpt>
      <trkpt lat="43.633988" lon="-79.43691"><ele>73</ele><time>2026-05-31T11:04:24.000Z</time></trkpt>
      <trkpt lat="43.634025" lon="-79.436991"><ele>73</ele><time>2026-05-31T11:04:25.000Z</time></trkpt>
      <trkpt lat="43.634062" lon="-79.437073"><ele>73</ele><time>2026-05-31T11:04:26.000Z</time></trkpt>
      <trkpt lat="43.634093" lon="-79.437156"><ele>73</ele><time>2026-05-31T11:04:27.000Z</time></trkpt>
      <trkpt lat="43.634125" lon="-79.437238"><ele>73</ele><time>2026-05-31T11:04:28.000Z</time></trkpt>
      <trkpt lat="43.634161" lon="-79.437321"><ele>73.2</ele><time>2026-05-31T11:04:29.000Z</time></trkpt>
      <trkpt lat="43.634198" lon="-79.437404"><ele>73.2</ele><time>2026-05-31T11:04:30.000Z</time></trkpt>
      <trkpt lat="43.634235" lon="-79.437484"><ele>73.2</ele><time>2026-05-31T11:04:31.000Z</time></trkpt>
      <trkpt lat="43.634267" lon="-79.437566"><ele>73.4</ele><time>2026-05-31T11:04:32.000Z</time></trkpt>
      <trkpt lat="43.634299" lon="-79.437645"><ele>73.4</ele><time>2026-05-31T11:04:33.000Z</time></trkpt>
      <trkpt lat="43.634332" lon="-79.43772"><ele>73.6</ele><time>2026-05-31T11:04:34.000Z</time></trkpt>
      <trkpt lat="43.634366" lon="-79.437795"><ele>73.6</ele><time>2026-05-31T11:04:35.000Z</time></trkpt>
      <trkpt lat="43.634402" lon="-79.437877"><ele>73.6</ele><time>2026-05-31T11:04:36.000Z</time></trkpt>
      <trkpt lat="43.634438" lon="-79.437961"><ele>73.6</ele><time>2026-05-31T11:04:37.000Z</time></trkpt>
      <trkpt lat="43.634471" lon="-79.438046"><ele>73.6</ele><time>2026-05-31T11:04:38.000Z</time></trkpt>
      <trkpt lat="43.634506" lon="-79.438126"><ele>73.8</ele><time>2026-05-31T11:04:39.000Z</time></trkpt>
      <trkpt lat="43.634539" lon="-79.438205"><ele>73.8</ele><time>2026-05-31T11:04:40.000Z</time></trkpt>
      <trkpt lat="43.634573" lon="-79.438284"><ele>74</ele><time>2026-05-31T11:04:41.000Z</time></trkpt>
      <trkpt lat="43.634607" lon="-79.438365"><ele>74</ele><time>2026-05-31T11:04:42.000Z</time></trkpt>
      <trkpt lat="43.634642" lon="-79.438446"><ele>74.2</ele><time>2026-05-31T11:04:43.000Z</time></trkpt>
      <trkpt lat="43.634677" lon="-79.438524"><ele>74.2</ele><time>2026-05-31T11:04:44.000Z</time></trkpt>
      <trkpt lat="43.634707" lon="-79.438601"><ele>74.4</ele><time>2026-05-31T11:04:45.000Z</time></trkpt>
      <trkpt lat="43.634734" lon="-79.43868"><ele>74.4</ele><time>2026-05-31T11:04:46.000Z</time></trkpt>
      <trkpt lat="43.634765" lon="-79.438754"><ele>74.4</ele><time>2026-05-31T11:04:47.000Z</time></trkpt>
      <trkpt lat="43.634801" lon="-79.438826"><ele>74.4</ele><time>2026-05-31T11:04:48.000Z</time></trkpt>
      <trkpt lat="43.634834" lon="-79.438901"><ele>74.6</ele><time>2026-05-31T11:04:49.000Z</time></trkpt>
      <trkpt lat="43.634867" lon="-79.438976"><ele>74.8</ele><time>2026-05-31T11:04:50.000Z</time></trkpt>
      <trkpt lat="43.634898" lon="-79.439054"><ele>74.8</ele><time>2026-05-31T11:04:51.000Z</time></trkpt>
      <trkpt lat="43.63493" lon="-79.439129"><ele>75</ele><time>2026-05-31T11:04:52.000Z</time></trkpt>
      <trkpt lat="43.634959" lon="-79.439205"><ele>75.2</ele><time>2026-05-31T11:04:53.000Z</time></trkpt>
      <trkpt lat="43.634991" lon="-79.43928"><ele>75.2</ele><time>2026-05-31T11:04:54.000Z</time></trkpt>
      <trkpt lat="43.635024" lon="-79.439354"><ele>75.2</ele><time>2026-05-31T11:04:55.000Z</time></trkpt>
      <trkpt lat="43.635058" lon="-79.43943"><ele>75.2</ele><time>2026-05-31T11:04:56.000Z</time></trkpt>
      <trkpt lat="43.635089" lon="-79.439507"><ele>75.2</ele><time>2026-05-31T11:04:57.000Z</time></trkpt>
      <trkpt lat="43.63512" lon="-79.439583"><ele>75.4</ele><time>2026-05-31T11:04:58.000Z</time></trkpt>
      <trkpt lat="43.63515" lon="-79.43966"><ele>75.4</ele><time>2026-05-31T11:04:59.000Z</time></trkpt>
      <trkpt lat="43.635182" lon="-79.439735"><ele>75.6</ele><time>2026-05-31T11:05:00.000Z</time></trkpt>
      <trkpt lat="43.635216" lon="-79.439808"><ele>75.6</ele><time>2026-05-31T11:05:01.000Z</time></trkpt>
      <trkpt lat="43.635249" lon="-79.439883"><ele>75.6</ele><time>2026-05-31T11:05:02.000Z</time></trkpt>
      <trkpt lat="43.635282" lon="-79.43996"><ele>75.8</ele><time>2026-05-31T11:05:03.000Z</time></trkpt>
      <trkpt lat="43.635315" lon="-79.440035"><ele>75.8</ele><time>2026-05-31T11:05:04.000Z</time></trkpt>
      <trkpt lat="43.635354" lon="-79.44011"><ele>75.8</ele><time>2026-05-31T11:05:05.000Z</time></trkpt>
      <trkpt lat="43.635392" lon="-79.440187"><ele>75.6</ele><time>2026-05-31T11:05:06.000Z</time></trkpt>
      <trkpt lat="43.635428" lon="-79.440262"><ele>75.6</ele><time>2026-05-31T11:05:07.000Z</time></trkpt>
      <trkpt lat="43.635463" lon="-79.440339"><ele>75.4</ele><time>2026-05-31T11:05:08.000Z</time></trkpt>
      <trkpt lat="43.6355" lon="-79.440416"><ele>75.4</ele><time>2026-05-31T11:05:09.000Z</time></trkpt>
      <trkpt lat="43.635536" lon="-79.440492"><ele>75.4</ele><time>2026-05-31T11:05:10.000Z</time></trkpt>
      <trkpt lat="43.635578" lon="-79.440567"><ele>75.4</ele><time>2026-05-31T11:05:11.000Z</time></trkpt>
      <trkpt lat="43.635612" lon="-79.440645"><ele>75.4</ele><time>2026-05-31T11:05:12.000Z</time></trkpt>
      <trkpt lat="43.635643" lon="-79.440717"><ele>75.4</ele><time>2026-05-31T11:05:13.000Z</time></trkpt>
      <trkpt lat="43.635672" lon="-79.440791"><ele>75.4</ele><time>2026-05-31T11:05:14.000Z</time></trkpt>
      <trkpt lat="43.635702" lon="-79.440869"><ele>75.2</ele><time>2026-05-31T11:05:15.000Z</time></trkpt>
      <trkpt lat="43.635733" lon="-79.440947"><ele>75.2</ele><time>2026-05-31T11:05:16.000Z</time></trkpt>
      <trkpt lat="43.635763" lon="-79.441024"><ele>75</ele><time>2026-05-31T11:05:17.000Z</time></trkpt>
      <trkpt lat="43.635798" lon="-79.441101"><ele>74.8</ele><time>2026-05-31T11:05:18.000Z</time></trkpt>
      <trkpt lat="43.635833" lon="-79.441181"><ele>74.6</ele><time>2026-05-31T11:05:19.000Z</time></trkpt>
      <trkpt lat="43.635869" lon="-79.441258"><ele>74.6</ele><time>2026-05-31T11:05:20.000Z</time></trkpt>
      <trkpt lat="43.635905" lon="-79.441338"><ele>74.4</ele><time>2026-05-31T11:05:21.000Z</time></trkpt>
      <trkpt lat="43.635941" lon="-79.441419"><ele>74.4</ele><time>2026-05-31T11:05:22.000Z</time></trkpt>
      <trkpt lat="43.635976" lon="-79.441499"><ele>74.2</ele><time>2026-05-31T11:05:23.000Z</time></trkpt>
      <trkpt lat="43.636009" lon="-79.44158"><ele>74.2</ele><time>2026-05-31T11:05:24.000Z</time></trkpt>
      <trkpt lat="43.636042" lon="-79.441659"><ele>74</ele><time>2026-05-31T11:05:25.000Z</time></trkpt>
      <trkpt lat="43.636076" lon="-79.441741"><ele>74</ele><time>2026-05-31T11:05:26.000Z</time></trkpt>
      <trkpt lat="43.636112" lon="-79.441822"><ele>74</ele><time>2026-05-31T11:05:27.000Z</time></trkpt>
      <trkpt lat="43.636149" lon="-79.441903"><ele>74</ele><time>2026-05-31T11:05:28.000Z</time></trkpt>
      <trkpt lat="43.636183" lon="-79.441987"><ele>74</ele><time>2026-05-31T11:05:29.000Z</time></trkpt>
      <trkpt lat="43.636218" lon="-79.442068"><ele>74</ele><time>2026-05-31T11:05:30.000Z</time></trkpt>
      <trkpt lat="43.636253" lon="-79.442152"><ele>74</ele><time>2026-05-31T11:05:31.000Z</time></trkpt>
      <trkpt lat="43.636289" lon="-79.442238"><ele>73.8</ele><time>2026-05-31T11:05:32.000Z</time></trkpt>
      <trkpt lat="43.636324" lon="-79.442324"><ele>73.8</ele><time>2026-05-31T11:05:33.000Z</time></trkpt>
      <trkpt lat="43.636359" lon="-79.442409"><ele>73.6</ele><time>2026-05-31T11:05:34.000Z</time></trkpt>
      <trkpt lat="43.636394" lon="-79.442499"><ele>73.4</ele><time>2026-05-31T11:05:35.000Z</time></trkpt>
      <trkpt lat="43.63643" lon="-79.442585"><ele>73.4</ele><time>2026-05-31T11:05:36.000Z</time></trkpt>
      <trkpt lat="43.636466" lon="-79.442673"><ele>73.2</ele><time>2026-05-31T11:05:37.000Z</time></trkpt>
      <trkpt lat="43.636504" lon="-79.442761"><ele>73.2</ele><time>2026-05-31T11:05:38.000Z</time></trkpt>
      <trkpt lat="43.636543" lon="-79.44285"><ele>73.2</ele><time>2026-05-31T11:05:39.000Z</time></trkpt>
      <trkpt lat="43.636581" lon="-79.442939"><ele>73.2</ele><time>2026-05-31T11:05:40.000Z</time></trkpt>
      <trkpt lat="43.63662" lon="-79.443027"><ele>73</ele><time>2026-05-31T11:05:41.000Z</time></trkpt>
      <trkpt lat="43.636658" lon="-79.443114"><ele>73</ele><time>2026-05-31T11:05:42.000Z</time></trkpt>
      <trkpt lat="43.636696" lon="-79.443202"><ele>73</ele><time>2026-05-31T11:05:43.000Z</time></trkpt>
      <trkpt lat="43.636734" lon="-79.44329"><ele>73</ele><time>2026-05-31T11:05:44.000Z</time></trkpt>
      <trkpt lat="43.636773" lon="-79.443378"><ele>72.8</ele><time>2026-05-31T11:05:45.000Z</time></trkpt>
      <trkpt lat="43.636809" lon="-79.443466"><ele>72.8</ele><time>2026-05-31T11:05:46.000Z</time></trkpt>
      <trkpt lat="43.636846" lon="-79.443552"><ele>72.8</ele><time>2026-05-31T11:05:47.000Z</time></trkpt>
      <trkpt lat="43.636885" lon="-79.443642"><ele>72.8</ele><time>2026-05-31T11:05:48.000Z</time></trkpt>
      <trkpt lat="43.636924" lon="-79.443728"><ele>72.8</ele><time>2026-05-31T11:05:49.000Z</time></trkpt>
      <trkpt lat="43.636957" lon="-79.443819"><ele>72.8</ele><time>2026-05-31T11:05:50.000Z</time></trkpt>
      <trkpt lat="43.636989" lon="-79.443907"><ele>72.8</ele><time>2026-05-31T11:05:51.000Z</time></trkpt>
      <trkpt lat="43.63702" lon="-79.443993"><ele>73</ele><time>2026-05-31T11:05:52.000Z</time></trkpt>
      <trkpt lat="43.637051" lon="-79.444078"><ele>73</ele><time>2026-05-31T11:05:53.000Z</time></trkpt>
      <trkpt lat="43.637085" lon="-79.444161"><ele>73.2</ele><time>2026-05-31T11:05:54.000Z</time></trkpt>
      <trkpt lat="43.637118" lon="-79.444246"><ele>73.2</ele><time>2026-05-31T11:05:55.000Z</time></trkpt>
      <trkpt lat="43.637148" lon="-79.444327"><ele>73.4</ele><time>2026-05-31T11:05:56.000Z</time></trkpt>
      <trkpt lat="43.637178" lon="-79.444412"><ele>73.4</ele><time>2026-05-31T11:05:57.000Z</time></trkpt>
      <trkpt lat="43.637205" lon="-79.444498"><ele>73.6</ele><time>2026-05-31T11:05:58.000Z</time></trkpt>
      <trkpt lat="43.637233" lon="-79.444585"><ele>73.6</ele><time>2026-05-31T11:05:59.000Z</time></trkpt>
      <trkpt lat="43.637265" lon="-79.44467"><ele>73.6</ele><time>2026-05-31T11:06:00.000Z</time></trkpt>
      <trkpt lat="43.637297" lon="-79.444754"><ele>73.8</ele><time>2026-05-31T11:06:01.000Z</time></trkpt>
      <trkpt lat="43.637328" lon="-79.444836"><ele>74</ele><time>2026-05-31T11:06:02.000Z</time></trkpt>
      <trkpt lat="43.637356" lon="-79.444917"><ele>74</ele><time>2026-05-31T11:06:03.000Z</time></trkpt>
      <trkpt lat="43.637387" lon="-79.444998"><ele>74.2</ele><time>2026-05-31T11:06:04.000Z</time></trkpt>
      <trkpt lat="43.637416" lon="-79.445079"><ele>74.2</ele><time>2026-05-31T11:06:05.000Z</time></trkpt>
      <trkpt lat="43.637442" lon="-79.445162"><ele>74.4</ele><time>2026-05-31T11:06:06.000Z</time></trkpt>
      <trkpt lat="43.63747" lon="-79.445246"><ele>74.4</ele><time>2026-05-31T11:06:07.000Z</time></trkpt>
      <trkpt lat="43.637497" lon="-79.445326"><ele>74.6</ele><time>2026-05-31T11:06:08.000Z</time></trkpt>
      <trkpt lat="43.637523" lon="-79.445407"><ele>74.6</ele><time>2026-05-31T11:06:09.000Z</time></trkpt>
      <trkpt lat="43.637549" lon="-79.445487"><ele>74.8</ele><time>2026-05-31T11:06:10.000Z</time></trkpt>
      <trkpt lat="43.637575" lon="-79.445567"><ele>74.8</ele><time>2026-05-31T11:06:11.000Z</time></trkpt>
      <trkpt lat="43.637599" lon="-79.445645"><ele>74.8</ele><time>2026-05-31T11:06:12.000Z</time></trkpt>
      <trkpt lat="43.637623" lon="-79.445721"><ele>74.8</ele><time>2026-05-31T11:06:13.000Z</time></trkpt>
      <trkpt lat="43.637646" lon="-79.445798"><ele>74.8</ele><time>2026-05-31T11:06:14.000Z</time></trkpt>
      <trkpt lat="43.637672" lon="-79.445875"><ele>74.8</ele><time>2026-05-31T11:06:15.000Z</time></trkpt>
      <trkpt lat="43.637697" lon="-79.445954"><ele>75</ele><time>2026-05-31T11:06:16.000Z</time></trkpt>
      <trkpt lat="43.63772" lon="-79.446033"><ele>75</ele><time>2026-05-31T11:06:17.000Z</time></trkpt>
      <trkpt lat="43.63774" lon="-79.446114"><ele>75.2</ele><time>2026-05-31T11:06:18.000Z</time></trkpt>
      <trkpt lat="43.637759" lon="-79.446195"><ele>75.2</ele><time>2026-05-31T11:06:19.000Z</time></trkpt>
      <trkpt lat="43.637782" lon="-79.446274"><ele>75.4</ele><time>2026-05-31T11:06:20.000Z</time></trkpt>
      <trkpt lat="43.637806" lon="-79.446352"><ele>75.4</ele><time>2026-05-31T11:06:21.000Z</time></trkpt>
      <trkpt lat="43.637826" lon="-79.446432"><ele>75.4</ele><time>2026-05-31T11:06:22.000Z</time></trkpt>
      <trkpt lat="43.637845" lon="-79.446515"><ele>75.6</ele><time>2026-05-31T11:06:23.000Z</time></trkpt>
      <trkpt lat="43.637863" lon="-79.446597"><ele>75.6</ele><time>2026-05-31T11:06:24.000Z</time></trkpt>
      <trkpt lat="43.637884" lon="-79.446677"><ele>75.6</ele><time>2026-05-31T11:06:25.000Z</time></trkpt>
      <trkpt lat="43.637908" lon="-79.44676"><ele>75.8</ele><time>2026-05-31T11:06:26.000Z</time></trkpt>
      <trkpt lat="43.63793" lon="-79.446841"><ele>75.8</ele><time>2026-05-31T11:06:27.000Z</time></trkpt>
      <trkpt lat="43.637952" lon="-79.446921"><ele>75.8</ele><time>2026-05-31T11:06:28.000Z</time></trkpt>
      <trkpt lat="43.637974" lon="-79.446999"><ele>75.8</ele><time>2026-05-31T11:06:29.000Z</time></trkpt>
      <trkpt lat="43.637997" lon="-79.447078"><ele>75.8</ele><time>2026-05-31T11:06:30.000Z</time></trkpt>
      <trkpt lat="43.638019" lon="-79.447162"><ele>75.8</ele><time>2026-05-31T11:06:31.000Z</time></trkpt>
      <trkpt lat="43.638038" lon="-79.44725"><ele>75.8</ele><time>2026-05-31T11:06:32.000Z</time></trkpt>
      <trkpt lat="43.638059" lon="-79.447334"><ele>76</ele><time>2026-05-31T11:06:33.000Z</time></trkpt>
      <trkpt lat="43.638079" lon="-79.447417"><ele>76</ele><time>2026-05-31T11:06:34.000Z</time></trkpt>
      <trkpt lat="43.6381" lon="-79.447498"><ele>76</ele><time>2026-05-31T11:06:35.000Z</time></trkpt>
      <trkpt lat="43.638118" lon="-79.447579"><ele>76</ele><time>2026-05-31T11:06:36.000Z</time></trkpt>
      <trkpt lat="43.638136" lon="-79.447659"><ele>76.2</ele><time>2026-05-31T11:06:37.000Z</time></trkpt>
      <trkpt lat="43.638157" lon="-79.447741"><ele>76.2</ele><time>2026-05-31T11:06:38.000Z</time></trkpt>
      <trkpt lat="43.638176" lon="-79.447822"><ele>76.4</ele><time>2026-05-31T11:06:39.000Z</time></trkpt>
      <trkpt lat="43.638195" lon="-79.447902"><ele>76.4</ele><time>2026-05-31T11:06:40.000Z</time></trkpt>
      <trkpt lat="43.638211" lon="-79.447984"><ele>76.4</ele><time>2026-05-31T11:06:41.000Z</time></trkpt>
      <trkpt lat="43.638229" lon="-79.448062"><ele>76.6</ele><time>2026-05-31T11:06:42.000Z</time></trkpt>
      <trkpt lat="43.638247" lon="-79.448141"><ele>76.6</ele><time>2026-05-31T11:06:43.000Z</time></trkpt>
      <trkpt lat="43.638265" lon="-79.44822"><ele>76.8</ele><time>2026-05-31T11:06:44.000Z</time></trkpt>
      <trkpt lat="43.638284" lon="-79.4483"><ele>76.8</ele><time>2026-05-31T11:06:45.000Z</time></trkpt>
      <trkpt lat="43.638302" lon="-79.448377"><ele>76.8</ele><time>2026-05-31T11:06:46.000Z</time></trkpt>
      <trkpt lat="43.638321" lon="-79.448454"><ele>76.8</ele><time>2026-05-31T11:06:47.000Z</time></trkpt>
      <trkpt lat="43.638338" lon="-79.44853"><ele>77</ele><time>2026-05-31T11:06:48.000Z</time></trkpt>
      <trkpt lat="43.638352" lon="-79.448611"><ele>77</ele><time>2026-05-31T11:06:49.000Z</time></trkpt>
      <trkpt lat="43.638366" lon="-79.44869"><ele>77</ele><time>2026-05-31T11:06:50.000Z</time></trkpt>
      <trkpt lat="43.638381" lon="-79.448768"><ele>77</ele><time>2026-05-31T11:06:51.000Z</time></trkpt>
      <trkpt lat="43.638396" lon="-79.448846"><ele>77</ele><time>2026-05-31T11:06:52.000Z</time></trkpt>
      <trkpt lat="43.63841" lon="-79.448925"><ele>77.2</ele><time>2026-05-31T11:06:53.000Z</time></trkpt>
      <trkpt lat="43.638422" lon="-79.449004"><ele>77.2</ele><time>2026-05-31T11:06:54.000Z</time></trkpt>
      <trkpt lat="43.638434" lon="-79.449083"><ele>77.2</ele><time>2026-05-31T11:06:55.000Z</time></trkpt>
      <trkpt lat="43.638447" lon="-79.44916"><ele>77.2</ele><time>2026-05-31T11:06:56.000Z</time></trkpt>
      <trkpt lat="43.638466" lon="-79.449235"><ele>77.4</ele><time>2026-05-31T11:06:57.000Z</time></trkpt>
      <trkpt lat="43.638484" lon="-79.44931"><ele>77.4</ele><time>2026-05-31T11:06:58.000Z</time></trkpt>
      <trkpt lat="43.638501" lon="-79.449388"><ele>77.6</ele><time>2026-05-31T11:06:59.000Z</time></trkpt>
      <trkpt lat="43.638515" lon="-79.449468"><ele>77.6</ele><time>2026-05-31T11:07:00.000Z</time></trkpt>
      <trkpt lat="43.638528" lon="-79.449547"><ele>77.6</ele><time>2026-05-31T11:07:01.000Z</time></trkpt>
      <trkpt lat="43.638541" lon="-79.449628"><ele>77.6</ele><time>2026-05-31T11:07:02.000Z</time></trkpt>
      <trkpt lat="43.638555" lon="-79.449705"><ele>77.8</ele><time>2026-05-31T11:07:03.000Z</time></trkpt>
      <trkpt lat="43.638569" lon="-79.449786"><ele>77.8</ele><time>2026-05-31T11:07:04.000Z</time></trkpt>
      <trkpt lat="43.63858" lon="-79.449864"><ele>78</ele><time>2026-05-31T11:07:05.000Z</time></trkpt>
      <trkpt lat="43.63859" lon="-79.449943"><ele>78</ele><time>2026-05-31T11:07:06.000Z</time></trkpt>
      <trkpt lat="43.638604" lon="-79.450021"><ele>78</ele><time>2026-05-31T11:07:07.000Z</time></trkpt>
      <trkpt lat="43.638617" lon="-79.450101"><ele>78</ele><time>2026-05-31T11:07:08.000Z</time></trkpt>
      <trkpt lat="43.638628" lon="-79.450181"><ele>78.2</ele><time>2026-05-31T11:07:09.000Z</time></trkpt>
      <trkpt lat="43.638637" lon="-79.45026"><ele>78.2</ele><time>2026-05-31T11:07:10.000Z</time></trkpt>
      <trkpt lat="43.638649" lon="-79.450339"><ele>78.2</ele><time>2026-05-31T11:07:11.000Z</time></trkpt>
      <trkpt lat="43.638661" lon="-79.450419"><ele>78.2</ele><time>2026-05-31T11:07:12.000Z</time></trkpt>
      <trkpt lat="43.638674" lon="-79.450497"><ele>78.2</ele><time>2026-05-31T11:07:13.000Z</time></trkpt>
      <trkpt lat="43.638687" lon="-79.450574"><ele>78.2</ele><time>2026-05-31T11:07:14.000Z</time></trkpt>
      <trkpt lat="43.638698" lon="-79.450653"><ele>78.4</ele><time>2026-05-31T11:07:15.000Z</time></trkpt>
      <trkpt lat="43.63871" lon="-79.450735"><ele>78.4</ele><time>2026-05-31T11:07:16.000Z</time></trkpt>
      <trkpt lat="43.63872" lon="-79.450815"><ele>78.6</ele><time>2026-05-31T11:07:17.000Z</time></trkpt>
      <trkpt lat="43.63873" lon="-79.450896"><ele>78.6</ele><time>2026-05-31T11:07:18.000Z</time></trkpt>
      <trkpt lat="43.63874" lon="-79.450978"><ele>78.8</ele><time>2026-05-31T11:07:19.000Z</time></trkpt>
      <trkpt lat="43.63875" lon="-79.451059"><ele>78.8</ele><time>2026-05-31T11:07:20.000Z</time></trkpt>
      <trkpt lat="43.638763" lon="-79.451139"><ele>78.8</ele><time>2026-05-31T11:07:21.000Z</time></trkpt>
      <trkpt lat="43.638774" lon="-79.451221"><ele>78.8</ele><time>2026-05-31T11:07:22.000Z</time></trkpt>
      <trkpt lat="43.638783" lon="-79.451303"><ele>78.8</ele><time>2026-05-31T11:07:23.000Z</time></trkpt>
      <trkpt lat="43.638792" lon="-79.451383"><ele>78.8</ele><time>2026-05-31T11:07:24.000Z</time></trkpt>
      <trkpt lat="43.638801" lon="-79.451465"><ele>79</ele><time>2026-05-31T11:07:25.000Z</time></trkpt>
      <trkpt lat="43.638808" lon="-79.451542"><ele>79</ele><time>2026-05-31T11:07:26.000Z</time></trkpt>
      <trkpt lat="43.638815" lon="-79.451618"><ele>79</ele><time>2026-05-31T11:07:27.000Z</time></trkpt>
      <trkpt lat="43.638826" lon="-79.451696"><ele>79.2</ele><time>2026-05-31T11:07:28.000Z</time></trkpt>
      <trkpt lat="43.638837" lon="-79.451778"><ele>79.2</ele><time>2026-05-31T11:07:29.000Z</time></trkpt>
      <trkpt lat="43.638846" lon="-79.451858"><ele>79.4</ele><time>2026-05-31T11:07:30.000Z</time></trkpt>
      <trkpt lat="43.638853" lon="-79.451939"><ele>79.4</ele><time>2026-05-31T11:07:31.000Z</time></trkpt>
      <trkpt lat="43.638863" lon="-79.452022"><ele>79.4</ele><time>2026-05-31T11:07:32.000Z</time></trkpt>
      <trkpt lat="43.638874" lon="-79.452107"><ele>79.6</ele><time>2026-05-31T11:07:33.000Z</time></trkpt>
      <trkpt lat="43.638885" lon="-79.452193"><ele>79.6</ele><time>2026-05-31T11:07:34.000Z</time></trkpt>
      <trkpt lat="43.638891" lon="-79.452277"><ele>79.6</ele><time>2026-05-31T11:07:35.000Z</time></trkpt>
      <trkpt lat="43.6389" lon="-79.452365"><ele>79.8</ele><time>2026-05-31T11:07:36.000Z</time></trkpt>
      <trkpt lat="43.63891" lon="-79.452455"><ele>79.8</ele><time>2026-05-31T11:07:37.000Z</time></trkpt>
      <trkpt lat="43.63892" lon="-79.452542"><ele>79.8</ele><time>2026-05-31T11:07:38.000Z</time></trkpt>
      <trkpt lat="43.638928" lon="-79.45263"><ele>79.8</ele><time>2026-05-31T11:07:39.000Z</time></trkpt>
      <trkpt lat="43.638934" lon="-79.45272"><ele>79.8</ele><time>2026-05-31T11:07:40.000Z</time></trkpt>
      <trkpt lat="43.638941" lon="-79.452811"><ele>79.8</ele><time>2026-05-31T11:07:41.000Z</time></trkpt>
      <trkpt lat="43.638946" lon="-79.452898"><ele>79.8</ele><time>2026-05-31T11:07:42.000Z</time></trkpt>
      <trkpt lat="43.638952" lon="-79.452981"><ele>79.8</ele><time>2026-05-31T11:07:43.000Z</time></trkpt>
      <trkpt lat="43.638958" lon="-79.453067"><ele>80</ele><time>2026-05-31T11:07:44.000Z</time></trkpt>
      <trkpt lat="43.638963" lon="-79.453151"><ele>80</ele><time>2026-05-31T11:07:45.000Z</time></trkpt>
      <trkpt lat="43.638971" lon="-79.453235"><ele>80.2</ele><time>2026-05-31T11:07:46.000Z</time></trkpt>
      <trkpt lat="43.63898" lon="-79.453322"><ele>80.2</ele><time>2026-05-31T11:07:47.000Z</time></trkpt>
      <trkpt lat="43.638986" lon="-79.453409"><ele>80.2</ele><time>2026-05-31T11:07:48.000Z</time></trkpt>
      <trkpt lat="43.638993" lon="-79.453499"><ele>80.2</ele><time>2026-05-31T11:07:49.000Z</time></trkpt>
      <trkpt lat="43.638999" lon="-79.45359"><ele>80.2</ele><time>2026-05-31T11:07:50.000Z</time></trkpt>
      <trkpt lat="43.639002" lon="-79.453676"><ele>80.2</ele><time>2026-05-31T11:07:51.000Z</time></trkpt>
      <trkpt lat="43.639005" lon="-79.453761"><ele>80.2</ele><time>2026-05-31T11:07:52.000Z</time></trkpt>
      <trkpt lat="43.639009" lon="-79.45385"><ele>80.4</ele><time>2026-05-31T11:07:53.000Z</time></trkpt>
      <trkpt lat="43.639013" lon="-79.453939"><ele>80.2</ele><time>2026-05-31T11:07:54.000Z</time></trkpt>
      <trkpt lat="43.639017" lon="-79.454032"><ele>80.2</ele><time>2026-05-31T11:07:55.000Z</time></trkpt>
      <trkpt lat="43.639022" lon="-79.454128"><ele>80</ele><time>2026-05-31T11:07:56.000Z</time></trkpt>
      <trkpt lat="43.639029" lon="-79.454228"><ele>80</ele><time>2026-05-31T11:07:57.000Z</time></trkpt>
      <trkpt lat="43.639034" lon="-79.454324"><ele>79.6</ele><time>2026-05-31T11:07:58.000Z</time></trkpt>
      <trkpt lat="43.639039" lon="-79.45442"><ele>79.4</ele><time>2026-05-31T11:07:59.000Z</time></trkpt>
      <trkpt lat="43.639045" lon="-79.454517"><ele>79.4</ele><time>2026-05-31T11:08:00.000Z</time></trkpt>
      <trkpt lat="43.639048" lon="-79.454621"><ele>79</ele><time>2026-05-31T11:08:01.000Z</time></trkpt>
      <trkpt lat="43.63905" lon="-79.454727"><ele>78.8</ele><time>2026-05-31T11:08:02.000Z</time></trkpt>
      <trkpt lat="43.639051" lon="-79.454833"><ele>78.8</ele><time>2026-05-31T11:08:03.000Z</time></trkpt>
      <trkpt lat="43.639053" lon="-79.454944"><ele>78.6</ele><time>2026-05-31T11:08:04.000Z</time></trkpt>
      <trkpt lat="43.639056" lon="-79.455058"><ele>78.2</ele><time>2026-05-31T11:08:05.000Z</time></trkpt>
      <trkpt lat="43.639058" lon="-79.455177"><ele>78</ele><time>2026-05-31T11:08:06.000Z</time></trkpt>
      <trkpt lat="43.639061" lon="-79.455298"><ele>77.8</ele><time>2026-05-31T11:08:07.000Z</time></trkpt>
      <trkpt lat="43.639063" lon="-79.455417"><ele>77.4</ele><time>2026-05-31T11:08:08.000Z</time></trkpt>
      <trkpt lat="43.639065" lon="-79.455536"><ele>77.2</ele><time>2026-05-31T11:08:09.000Z</time></trkpt>
      <trkpt lat="43.639066" lon="-79.455657"><ele>76.8</ele><time>2026-05-31T11:08:10.000Z</time></trkpt>
      <trkpt lat="43.639065" lon="-79.455775"><ele>76.6</ele><time>2026-05-31T11:08:11.000Z</time></trkpt>
      <trkpt lat="43.639064" lon="-79.455895"><ele>76.4</ele><time>2026-05-31T11:08:12.000Z</time></trkpt>
      <trkpt lat="43.639065" lon="-79.456014"><ele>76.4</ele><time>2026-05-31T11:08:13.000Z</time></trkpt>
      <trkpt lat="43.639064" lon="-79.456133"><ele>76.2</ele><time>2026-05-31T11:08:14.000Z</time></trkpt>
      <trkpt lat="43.639062" lon="-79.45625"><ele>76.2</ele><time>2026-05-31T11:08:15.000Z</time></trkpt>
      <trkpt lat="43.639061" lon="-79.456366"><ele>76.2</ele><time>2026-05-31T11:08:16.000Z</time></trkpt>
      <trkpt lat="43.639058" lon="-79.45648"><ele>76.2</ele><time>2026-05-31T11:08:17.000Z</time></trkpt>
      <trkpt lat="43.639055" lon="-79.456592"><ele>76.2</ele><time>2026-05-31T11:08:18.000Z</time></trkpt>
      <trkpt lat="43.639053" lon="-79.456706"><ele>76.2</ele><time>2026-05-31T11:08:19.000Z</time></trkpt>
      <trkpt lat="43.639047" lon="-79.456812"><ele>76.2</ele><time>2026-05-31T11:08:20.000Z</time></trkpt>
      <trkpt lat="43.639042" lon="-79.456918"><ele>76.2</ele><time>2026-05-31T11:08:21.000Z</time></trkpt>
      <trkpt lat="43.639039" lon="-79.457022"><ele>76.2</ele><time>2026-05-31T11:08:22.000Z</time></trkpt>
      <trkpt lat="43.639036" lon="-79.457125"><ele>76.4</ele><time>2026-05-31T11:08:23.000Z</time></trkpt>
      <trkpt lat="43.639029" lon="-79.457225"><ele>76.6</ele><time>2026-05-31T11:08:24.000Z</time></trkpt>
      <trkpt lat="43.639019" lon="-79.457321"><ele>76.8</ele><time>2026-05-31T11:08:25.000Z</time></trkpt>
      <trkpt lat="43.639013" lon="-79.457416"><ele>77.2</ele><time>2026-05-31T11:08:26.000Z</time></trkpt>
      <trkpt lat="43.639006" lon="-79.457509"><ele>77.4</ele><time>2026-05-31T11:08:27.000Z</time></trkpt>
      <trkpt lat="43.638999" lon="-79.457599"><ele>77.6</ele><time>2026-05-31T11:08:28.000Z</time></trkpt>
      <trkpt lat="43.638994" lon="-79.457686"><ele>77.8</ele><time>2026-05-31T11:08:29.000Z</time></trkpt>
      <trkpt lat="43.638986" lon="-79.457772"><ele>78</ele><time>2026-05-31T11:08:30.000Z</time></trkpt>
      <trkpt lat="43.63898" lon="-79.457853"><ele>78.2</ele><time>2026-05-31T11:08:31.000Z</time></trkpt>
      <trkpt lat="43.638977" lon="-79.457935"><ele>78.4</ele><time>2026-05-31T11:08:32.000Z</time></trkpt>
      <trkpt lat="43.638973" lon="-79.458019"><ele>78.6</ele><time>2026-05-31T11:08:33.000Z</time></trkpt>
      <trkpt lat="43.638967" lon="-79.458102"><ele>78.8</ele><time>2026-05-31T11:08:34.000Z</time></trkpt>
      <trkpt lat="43.638955" lon="-79.458182"><ele>79</ele><time>2026-05-31T11:08:35.000Z</time></trkpt>
      <trkpt lat="43.638944" lon="-79.458265"><ele>79.2</ele><time>2026-05-31T11:08:36.000Z</time></trkpt>
      <trkpt lat="43.638932" lon="-79.45835"><ele>79.4</ele><time>2026-05-31T11:08:37.000Z</time></trkpt>
      <trkpt lat="43.63892" lon="-79.45843"><ele>79.6</ele><time>2026-05-31T11:08:38.000Z</time></trkpt>
      <trkpt lat="43.63891" lon="-79.458507"><ele>79.6</ele><time>2026-05-31T11:08:39.000Z</time></trkpt>
      <trkpt lat="43.638903" lon="-79.458584"><ele>79.8</ele><time>2026-05-31T11:08:40.000Z</time></trkpt>
      <trkpt lat="43.638897" lon="-79.45866"><ele>80</ele><time>2026-05-31T11:08:41.000Z</time></trkpt>
      <trkpt lat="43.638888" lon="-79.458737"><ele>80</ele><time>2026-05-31T11:08:42.000Z</time></trkpt>
      <trkpt lat="43.638877" lon="-79.458814"><ele>80.2</ele><time>2026-05-31T11:08:43.000Z</time></trkpt>
      <trkpt lat="43.638869" lon="-79.458891"><ele>80.2</ele><time>2026-05-31T11:08:44.000Z</time></trkpt>
      <trkpt lat="43.638858" lon="-79.458969"><ele>80.4</ele><time>2026-05-31T11:08:45.000Z</time></trkpt>
      <trkpt lat="43.638847" lon="-79.459047"><ele>80.6</ele><time>2026-05-31T11:08:46.000Z</time></trkpt>
      <trkpt lat="43.638838" lon="-79.459126"><ele>80.6</ele><time>2026-05-31T11:08:47.000Z</time></trkpt>
      <trkpt lat="43.638825" lon="-79.459204"><ele>80.6</ele><time>2026-05-31T11:08:48.000Z</time></trkpt>
      <trkpt lat="43.638811" lon="-79.45929"><ele>80.6</ele><time>2026-05-31T11:08:49.000Z</time></trkpt>
      <trkpt lat="43.6388" lon="-79.459376"><ele>80.6</ele><time>2026-05-31T11:08:50.000Z</time></trkpt>
      <trkpt lat="43.638786" lon="-79.459463"><ele>80.8</ele><time>2026-05-31T11:08:51.000Z</time></trkpt>
      <trkpt lat="43.638774" lon="-79.459548"><ele>80.8</ele><time>2026-05-31T11:08:52.000Z</time></trkpt>
      <trkpt lat="43.63876" lon="-79.459633"><ele>80.8</ele><time>2026-05-31T11:08:53.000Z</time></trkpt>
      <trkpt lat="43.638744" lon="-79.459722"><ele>80.8</ele><time>2026-05-31T11:08:54.000Z</time></trkpt>
      <trkpt lat="43.638728" lon="-79.459809"><ele>80.6</ele><time>2026-05-31T11:08:55.000Z</time></trkpt>
      <trkpt lat="43.638711" lon="-79.459901"><ele>80.4</ele><time>2026-05-31T11:08:56.000Z</time></trkpt>
      <trkpt lat="43.638695" lon="-79.459992"><ele>80.2</ele><time>2026-05-31T11:08:57.000Z</time></trkpt>
      <trkpt lat="43.638681" lon="-79.460082"><ele>80.2</ele><time>2026-05-31T11:08:58.000Z</time></trkpt>
      <trkpt lat="43.638669" lon="-79.460174"><ele>80</ele><time>2026-05-31T11:08:59.000Z</time></trkpt>
      <trkpt lat="43.638654" lon="-79.460272"><ele>80</ele><time>2026-05-31T11:09:00.000Z</time></trkpt>
      <trkpt lat="43.638637" lon="-79.46037"><ele>79.8</ele><time>2026-05-31T11:09:01.000Z</time></trkpt>
      <trkpt lat="43.63862" lon="-79.460468"><ele>79.8</ele><time>2026-05-31T11:09:02.000Z</time></trkpt>
      <trkpt lat="43.638602" lon="-79.460565"><ele>79.8</ele><time>2026-05-31T11:09:03.000Z</time></trkpt>
      <trkpt lat="43.638586" lon="-79.460661"><ele>79.4</ele><time>2026-05-31T11:09:04.000Z</time></trkpt>
      <trkpt lat="43.638572" lon="-79.460755"><ele>78.4</ele><time>2026-05-31T11:09:05.000Z</time></trkpt>
      <trkpt lat="43.638555" lon="-79.460853"><ele>77.6</ele><time>2026-05-31T11:09:06.000Z</time></trkpt>
      <trkpt lat="43.638537" lon="-79.460953"><ele>77</ele><time>2026-05-31T11:09:07.000Z</time></trkpt>
      <trkpt lat="43.63852" lon="-79.461059"><ele>77</ele><time>2026-05-31T11:09:08.000Z</time></trkpt>
      <trkpt lat="43.6385" lon="-79.461168"><ele>77.2</ele><time>2026-05-31T11:09:09.000Z</time></trkpt>
      <trkpt lat="43.638474" lon="-79.461276"><ele>77.4</ele><time>2026-05-31T11:09:10.000Z</time></trkpt>
      <trkpt lat="43.63845" lon="-79.461383"><ele>77.6</ele><time>2026-05-31T11:09:11.000Z</time></trkpt>
      <trkpt lat="43.638427" lon="-79.461492"><ele>77.6</ele><time>2026-05-31T11:09:12.000Z</time></trkpt>
      <trkpt lat="43.638402" lon="-79.461605"><ele>77.4</ele><time>2026-05-31T11:09:13.000Z</time></trkpt>
      <trkpt lat="43.638376" lon="-79.461716"><ele>77.4</ele><time>2026-05-31T11:09:14.000Z</time></trkpt>
      <trkpt lat="43.638353" lon="-79.461828"><ele>77.2</ele><time>2026-05-31T11:09:15.000Z</time></trkpt>
      <trkpt lat="43.638328" lon="-79.461944"><ele>77</ele><time>2026-05-31T11:09:16.000Z</time></trkpt>
      <trkpt lat="43.638301" lon="-79.462053"><ele>76.8</ele><time>2026-05-31T11:09:17.000Z</time></trkpt>
      <trkpt lat="43.638274" lon="-79.462161"><ele>76.8</ele><time>2026-05-31T11:09:18.000Z</time></trkpt>
      <trkpt lat="43.638248" lon="-79.462265"><ele>76.6</ele><time>2026-05-31T11:09:19.000Z</time></trkpt>
      <trkpt lat="43.638219" lon="-79.46237"><ele>76.4</ele><time>2026-05-31T11:09:20.000Z</time></trkpt>
      <trkpt lat="43.638192" lon="-79.462478"><ele>76.4</ele><time>2026-05-31T11:09:21.000Z</time></trkpt>
      <trkpt lat="43.63817" lon="-79.462586"><ele>76.2</ele><time>2026-05-31T11:09:22.000Z</time></trkpt>
      <trkpt lat="43.638148" lon="-79.462687"><ele>76.4</ele><time>2026-05-31T11:09:23.000Z</time></trkpt>
      <trkpt lat="43.638121" lon="-79.462783"><ele>76.4</ele><time>2026-05-31T11:09:24.000Z</time></trkpt>
      <trkpt lat="43.638093" lon="-79.462879"><ele>76.6</ele><time>2026-05-31T11:09:25.000Z</time></trkpt>
      <trkpt lat="43.638066" lon="-79.462977"><ele>76.6</ele><time>2026-05-31T11:09:26.000Z</time></trkpt>
      <trkpt lat="43.638038" lon="-79.463078"><ele>76.8</ele><time>2026-05-31T11:09:27.000Z</time></trkpt>
      <trkpt lat="43.638012" lon="-79.463178"><ele>77</ele><time>2026-05-31T11:09:28.000Z</time></trkpt>
      <trkpt lat="43.637982" lon="-79.463277"><ele>77.2</ele><time>2026-05-31T11:09:29.000Z</time></trkpt>
      <trkpt lat="43.637949" lon="-79.463371"><ele>77.2</ele><time>2026-05-31T11:09:30.000Z</time></trkpt>
      <trkpt lat="43.637919" lon="-79.463466"><ele>77.2</ele><time>2026-05-31T11:09:31.000Z</time></trkpt>
      <trkpt lat="43.637892" lon="-79.463562"><ele>77.2</ele><time>2026-05-31T11:09:32.000Z</time></trkpt>
      <trkpt lat="43.637863" lon="-79.463658"><ele>77.2</ele><time>2026-05-31T11:09:33.000Z</time></trkpt>
      <trkpt lat="43.637835" lon="-79.463748"><ele>77.2</ele><time>2026-05-31T11:09:34.000Z</time></trkpt>
      <trkpt lat="43.637807" lon="-79.463838"><ele>77.2</ele><time>2026-05-31T11:09:35.000Z</time></trkpt>
      <trkpt lat="43.637779" lon="-79.46393"><ele>77.2</ele><time>2026-05-31T11:09:36.000Z</time></trkpt>
      <trkpt lat="43.63775" lon="-79.464021"><ele>77.2</ele><time>2026-05-31T11:09:37.000Z</time></trkpt>
      <trkpt lat="43.637722" lon="-79.464109"><ele>77.4</ele><time>2026-05-31T11:09:38.000Z</time></trkpt>
      <trkpt lat="43.637697" lon="-79.464195"><ele>77.4</ele><time>2026-05-31T11:09:39.000Z</time></trkpt>
      <trkpt lat="43.63767" lon="-79.464278"><ele>77.6</ele><time>2026-05-31T11:09:40.000Z</time></trkpt>
      <trkpt lat="43.637642" lon="-79.46436"><ele>77.6</ele><time>2026-05-31T11:09:41.000Z</time></trkpt>
      <trkpt lat="43.637614" lon="-79.46444"><ele>77.6</ele><time>2026-05-31T11:09:42.000Z</time></trkpt>
      <trkpt lat="43.637587" lon="-79.464522"><ele>77.8</ele><time>2026-05-31T11:09:43.000Z</time></trkpt>
      <trkpt lat="43.63756" lon="-79.464602"><ele>78</ele><time>2026-05-31T11:09:44.000Z</time></trkpt>
      <trkpt lat="43.637532" lon="-79.464681"><ele>78</ele><time>2026-05-31T11:09:45.000Z</time></trkpt>
      <trkpt lat="43.637505" lon="-79.464757"><ele>78</ele><time>2026-05-31T11:09:46.000Z</time></trkpt>
      <trkpt lat="43.637477" lon="-79.464837"><ele>78.2</ele><time>2026-05-31T11:09:47.000Z</time></trkpt>
      <trkpt lat="43.637448" lon="-79.46492"><ele>78.2</ele><time>2026-05-31T11:09:48.000Z</time></trkpt>
      <trkpt lat="43.637417" lon="-79.465002"><ele>78.4</ele><time>2026-05-31T11:09:49.000Z</time></trkpt>
      <trkpt lat="43.637386" lon="-79.465083"><ele>78.4</ele><time>2026-05-31T11:09:50.000Z</time></trkpt>
      <trkpt lat="43.637356" lon="-79.465165"><ele>78.6</ele><time>2026-05-31T11:09:51.000Z</time></trkpt>
      <trkpt lat="43.637326" lon="-79.465247"><ele>78.6</ele><time>2026-05-31T11:09:52.000Z</time></trkpt>
      <trkpt lat="43.637295" lon="-79.465327"><ele>78.8</ele><time>2026-05-31T11:09:53.000Z</time></trkpt>
      <trkpt lat="43.637265" lon="-79.465407"><ele>78.8</ele><time>2026-05-31T11:09:54.000Z</time></trkpt>
      <trkpt lat="43.637233" lon="-79.465488"><ele>78.8</ele><time>2026-05-31T11:09:55.000Z</time></trkpt>
      <trkpt lat="43.637202" lon="-79.46557"><ele>78.8</ele><time>2026-05-31T11:09:56.000Z</time></trkpt>
      <trkpt lat="43.63717" lon="-79.465646"><ele>79</ele><time>2026-05-31T11:09:57.000Z</time></trkpt>
      <trkpt lat="43.637136" lon="-79.465722"><ele>79</ele><time>2026-05-31T11:09:58.000Z</time></trkpt>
      <trkpt lat="43.637107" lon="-79.465798"><ele>79</ele><time>2026-05-31T11:09:59.000Z</time></trkpt>
      <trkpt lat="43.637076" lon="-79.465873"><ele>79</ele><time>2026-05-31T11:10:00.000Z</time></trkpt>
      <trkpt lat="43.637045" lon="-79.465951"><ele>79</ele><time>2026-05-31T11:10:01.000Z</time></trkpt>
      <trkpt lat="43.637013" lon="-79.466027"><ele>79</ele><time>2026-05-31T11:10:02.000Z</time></trkpt>
      <trkpt lat="43.63698" lon="-79.466102"><ele>79</ele><time>2026-05-31T11:10:03.000Z</time></trkpt>
      <trkpt lat="43.636945" lon="-79.466175"><ele>79</ele><time>2026-05-31T11:10:04.000Z</time></trkpt>
      <trkpt lat="43.636911" lon="-79.46625"><ele>79.2</ele><time>2026-05-31T11:10:05.000Z</time></trkpt>
      <trkpt lat="43.636877" lon="-79.466324"><ele>79.2</ele><time>2026-05-31T11:10:06.000Z</time></trkpt>
      <trkpt lat="43.636846" lon="-79.4664"><ele>79.4</ele><time>2026-05-31T11:10:07.000Z</time></trkpt>
      <trkpt lat="43.636812" lon="-79.46647"><ele>79.4</ele><time>2026-05-31T11:10:08.000Z</time></trkpt>
      <trkpt lat="43.636779" lon="-79.466538"><ele>79.4</ele><time>2026-05-31T11:10:09.000Z</time></trkpt>
      <trkpt lat="43.636747" lon="-79.466607"><ele>79.6</ele><time>2026-05-31T11:10:10.000Z</time></trkpt>
      <trkpt lat="43.636715" lon="-79.466677"><ele>79.6</ele><time>2026-05-31T11:10:11.000Z</time></trkpt>
      <trkpt lat="43.636683" lon="-79.466751"><ele>79.6</ele><time>2026-05-31T11:10:12.000Z</time></trkpt>
      <trkpt lat="43.636652" lon="-79.466827"><ele>79.4</ele><time>2026-05-31T11:10:13.000Z</time></trkpt>
      <trkpt lat="43.636623" lon="-79.466903"><ele>79.4</ele><time>2026-05-31T11:10:14.000Z</time></trkpt>
      <trkpt lat="43.636592" lon="-79.466979"><ele>79.4</ele><time>2026-05-31T11:10:15.000Z</time></trkpt>
      <trkpt lat="43.636558" lon="-79.467053"><ele>79</ele><time>2026-05-31T11:10:16.000Z</time></trkpt>
      <trkpt lat="43.636525" lon="-79.467124"><ele>78.8</ele><time>2026-05-31T11:10:17.000Z</time></trkpt>
      <trkpt lat="43.636495" lon="-79.467196"><ele>78.6</ele><time>2026-05-31T11:10:18.000Z</time></trkpt>
      <trkpt lat="43.636463" lon="-79.467267"><ele>78.4</ele><time>2026-05-31T11:10:19.000Z</time></trkpt>
      <trkpt lat="43.636431" lon="-79.467336"><ele>78.2</ele><time>2026-05-31T11:10:20.000Z</time></trkpt>
      <trkpt lat="43.636397" lon="-79.467401"><ele>78.2</ele><time>2026-05-31T11:10:21.000Z</time></trkpt>
      <trkpt lat="43.636364" lon="-79.467471"><ele>78.2</ele><time>2026-05-31T11:10:22.000Z</time></trkpt>
      <trkpt lat="43.63633" lon="-79.467541"><ele>78.4</ele><time>2026-05-31T11:10:23.000Z</time></trkpt>
      <trkpt lat="43.636296" lon="-79.467611"><ele>78.4</ele><time>2026-05-31T11:10:24.000Z</time></trkpt>
      <trkpt lat="43.636264" lon="-79.46768"><ele>78.6</ele><time>2026-05-31T11:10:25.000Z</time></trkpt>
      <trkpt lat="43.636232" lon="-79.467753"><ele>78.8</ele><time>2026-05-31T11:10:26.000Z</time></trkpt>
      <trkpt lat="43.636202" lon="-79.467827"><ele>78.8</ele><time>2026-05-31T11:10:27.000Z</time></trkpt>
      <trkpt lat="43.636175" lon="-79.467899"><ele>79</ele><time>2026-05-31T11:10:28.000Z</time></trkpt>
      <trkpt lat="43.636148" lon="-79.46798"><ele>79</ele><time>2026-05-31T11:10:29.000Z</time></trkpt>
      <trkpt lat="43.636121" lon="-79.468063"><ele>79</ele><time>2026-05-31T11:10:30.000Z</time></trkpt>
      <trkpt lat="43.63609" lon="-79.468139"><ele>79</ele><time>2026-05-31T11:10:31.000Z</time></trkpt>
      <trkpt lat="43.636061" lon="-79.468208"><ele>79</ele><time>2026-05-31T11:10:32.000Z</time></trkpt>
      <trkpt lat="43.636031" lon="-79.468284"><ele>79</ele><time>2026-05-31T11:10:33.000Z</time></trkpt>
      <trkpt lat="43.635999" lon="-79.468361"><ele>79.2</ele><time>2026-05-31T11:10:34.000Z</time></trkpt>
      <trkpt lat="43.63597" lon="-79.468437"><ele>79.2</ele><time>2026-05-31T11:10:35.000Z</time></trkpt>
      <trkpt lat="43.635942" lon="-79.468512"><ele>79.4</ele><time>2026-05-31T11:10:36.000Z</time></trkpt>
      <trkpt lat="43.635913" lon="-79.468585"><ele>79.6</ele><time>2026-05-31T11:10:37.000Z</time></trkpt>
      <trkpt lat="43.635883" lon="-79.468654"><ele>79.6</ele><time>2026-05-31T11:10:38.000Z</time></trkpt>
      <trkpt lat="43.635855" lon="-79.468726"><ele>79.8</ele><time>2026-05-31T11:10:39.000Z</time></trkpt>
      <trkpt lat="43.635827" lon="-79.468799"><ele>80</ele><time>2026-05-31T11:10:40.000Z</time></trkpt>
      <trkpt lat="43.635798" lon="-79.468876"><ele>80.2</ele><time>2026-05-31T11:10:41.000Z</time></trkpt>
      <trkpt lat="43.635764" lon="-79.468951"><ele>80.2</ele><time>2026-05-31T11:10:42.000Z</time></trkpt>
      <trkpt lat="43.63573" lon="-79.469019"><ele>80.2</ele><time>2026-05-31T11:10:43.000Z</time></trkpt>
      <trkpt lat="43.635701" lon="-79.469091"><ele>80.2</ele><time>2026-05-31T11:10:44.000Z</time></trkpt>
      <trkpt lat="43.635671" lon="-79.469164"><ele>80.2</ele><time>2026-05-31T11:10:45.000Z</time></trkpt>
      <trkpt lat="43.635636" lon="-79.469238"><ele>80</ele><time>2026-05-31T11:10:46.000Z</time></trkpt>
      <trkpt lat="43.635602" lon="-79.469312"><ele>79.8</ele><time>2026-05-31T11:10:47.000Z</time></trkpt>
      <trkpt lat="43.635569" lon="-79.469386"><ele>79.6</ele><time>2026-05-31T11:10:48.000Z</time></trkpt>
      <trkpt lat="43.635537" lon="-79.469457"><ele>79.4</ele><time>2026-05-31T11:10:49.000Z</time></trkpt>
      <trkpt lat="43.63551" lon="-79.469528"><ele>79.2</ele><time>2026-05-31T11:10:50.000Z</time></trkpt>
      <trkpt lat="43.635482" lon="-79.469606"><ele>79</ele><time>2026-05-31T11:10:51.000Z</time></trkpt>
      <trkpt lat="43.635456" lon="-79.469685"><ele>78.8</ele><time>2026-05-31T11:10:52.000Z</time></trkpt>
      <trkpt lat="43.63543" lon="-79.469763"><ele>78.6</ele><time>2026-05-31T11:10:53.000Z</time></trkpt>
      <trkpt lat="43.6354" lon="-79.469842"><ele>78.6</ele><time>2026-05-31T11:10:54.000Z</time></trkpt>
      <trkpt lat="43.635369" lon="-79.469922"><ele>78.6</ele><time>2026-05-31T11:10:55.000Z</time></trkpt>
      <trkpt lat="43.635333" lon="-79.470002"><ele>78.6</ele><time>2026-05-31T11:10:56.000Z</time></trkpt>
      <trkpt lat="43.635296" lon="-79.470081"><ele>78.6</ele><time>2026-05-31T11:10:57.000Z</time></trkpt>
      <trkpt lat="43.635264" lon="-79.470165"><ele>78.6</ele><time>2026-05-31T11:10:58.000Z</time></trkpt>
      <trkpt lat="43.635233" lon="-79.470249"><ele>78.4</ele><time>2026-05-31T11:10:59.000Z</time></trkpt>
      <trkpt lat="43.635201" lon="-79.470328"><ele>78.4</ele><time>2026-05-31T11:11:00.000Z</time></trkpt>
      <trkpt lat="43.635169" lon="-79.470401"><ele>78.2</ele><time>2026-05-31T11:11:01.000Z</time></trkpt>
      <trkpt lat="43.635133" lon="-79.47047"><ele>78</ele><time>2026-05-31T11:11:02.000Z</time></trkpt>
      <trkpt lat="43.635093" lon="-79.47054"><ele>78</ele><time>2026-05-31T11:11:03.000Z</time></trkpt>
      <trkpt lat="43.635055" lon="-79.470617"><ele>78</ele><time>2026-05-31T11:11:04.000Z</time></trkpt>
      <trkpt lat="43.635018" lon="-79.470698"><ele>77.8</ele><time>2026-05-31T11:11:05.000Z</time></trkpt>
      <trkpt lat="43.634979" lon="-79.470783"><ele>77.8</ele><time>2026-05-31T11:11:06.000Z</time></trkpt>
      <trkpt lat="43.634937" lon="-79.47087"><ele>77.6</ele><time>2026-05-31T11:11:07.000Z</time></trkpt>
      <trkpt lat="43.634895" lon="-79.470958"><ele>77.4</ele><time>2026-05-31T11:11:08.000Z</time></trkpt>
      <trkpt lat="43.634854" lon="-79.47105"><ele>77</ele><time>2026-05-31T11:11:09.000Z</time></trkpt>
      <trkpt lat="43.63481" lon="-79.47115"><ele>76.6</ele><time>2026-05-31T11:11:10.000Z</time></trkpt>
      <trkpt lat="43.634764" lon="-79.471245"><ele>76.2</ele><time>2026-05-31T11:11:11.000Z</time></trkpt>
      <trkpt lat="43.634724" lon="-79.471348"><ele>75.6</ele><time>2026-05-31T11:11:12.000Z</time></trkpt>
      <trkpt lat="43.634699" lon="-79.471464"><ele>75</ele><time>2026-05-31T11:11:13.000Z</time></trkpt>
      <trkpt lat="43.634678" lon="-79.471576"><ele>74.6</ele><time>2026-05-31T11:11:14.000Z</time></trkpt>
      <trkpt lat="43.634668" lon="-79.471701"><ele>74</ele><time>2026-05-31T11:11:15.000Z</time></trkpt>
      <trkpt lat="43.634665" lon="-79.471809"><ele>73.4</ele><time>2026-05-31T11:11:16.000Z</time></trkpt>
      <trkpt lat="43.634669" lon="-79.471924"><ele>73.2</ele><time>2026-05-31T11:11:17.000Z</time></trkpt>
      <trkpt lat="43.634668" lon="-79.472002"><ele>73</ele><time>2026-05-31T11:11:18.000Z</time></trkpt>
      <trkpt lat="43.634705" lon="-79.472095"><ele>73</ele><time>2026-05-31T11:11:19.000Z</time></trkpt>
      <trkpt lat="43.634751" lon="-79.472179"><ele>73</ele><time>2026-05-31T11:11:20.000Z</time></trkpt>
      <trkpt lat="43.634809" lon="-79.47224"><ele>73.2</ele><time>2026-05-31T11:11:21.000Z</time></trkpt>
      <trkpt lat="43.634859" lon="-79.472297"><ele>73.4</ele><time>2026-05-31T11:11:22.000Z</time></trkpt>
      <trkpt lat="43.634903" lon="-79.472351"><ele>73.8</ele><time>2026-05-31T11:11:23.000Z</time></trkpt>
      <trkpt lat="43.634939" lon="-79.472401"><ele>74</ele><time>2026-05-31T11:11:24.000Z</time></trkpt>
      <trkpt lat="43.63497" lon="-79.47245"><ele>74.4</ele><time>2026-05-31T11:11:25.000Z</time></trkpt>
      <trkpt lat="43.634997" lon="-79.472496"><ele>74.8</ele><time>2026-05-31T11:11:26.000Z</time></trkpt>
      <trkpt lat="43.635017" lon="-79.472533"><ele>75</ele><time>2026-05-31T11:11:27.000Z</time></trkpt>
      <trkpt lat="43.635031" lon="-79.472579"><ele>75.6</ele><time>2026-05-31T11:11:28.000Z</time></trkpt>
      <trkpt lat="43.635026" lon="-79.472624"><ele>76</ele><time>2026-05-31T11:11:29.000Z</time></trkpt>
      <trkpt lat="43.634996" lon="-79.472645"><ele>76.4</ele><time>2026-05-31T11:11:30.000Z</time></trkpt>
      <trkpt lat="43.634959" lon="-79.472628"><ele>76.6</ele><time>2026-05-31T11:11:31.000Z</time></trkpt>
      <trkpt lat="43.634921" lon="-79.472591"><ele>76.8</ele><time>2026-05-31T11:11:32.000Z</time></trkpt>
      <trkpt lat="43.634883" lon="-79.472536"><ele>76.8</ele><time>2026-05-31T11:11:33.000Z</time></trkpt>
      <trkpt lat="43.634836" lon="-79.472473"><ele>76.8</ele><time>2026-05-31T11:11:34.000Z</time></trkpt>
      <trkpt lat="43.634782" lon="-79.472409"><ele>76.4</ele><time>2026-05-31T11:11:35.000Z</time></trkpt>
      <trkpt lat="43.634723" lon="-79.47235"><ele>76</ele><time>2026-05-31T11:11:36.000Z</time></trkpt>
      <trkpt lat="43.63466" lon="-79.472293"><ele>75.6</ele><time>2026-05-31T11:11:37.000Z</time></trkpt>
      <trkpt lat="43.634599" lon="-79.472235"><ele>75.2</ele><time>2026-05-31T11:11:38.000Z</time></trkpt>
      <trkpt lat="43.634537" lon="-79.472177"><ele>74.8</ele><time>2026-05-31T11:11:39.000Z</time></trkpt>
      <trkpt lat="43.634476" lon="-79.472123"><ele>74.4</ele><time>2026-05-31T11:11:40.000Z</time></trkpt>
      <trkpt lat="43.634406" lon="-79.47206"><ele>74.2</ele><time>2026-05-31T11:11:41.000Z</time></trkpt>
      <trkpt lat="43.634339" lon="-79.47198"><ele>74</ele><time>2026-05-31T11:11:42.000Z</time></trkpt>
      <trkpt lat="43.634286" lon="-79.471896"><ele>74</ele><time>2026-05-31T11:11:43.000Z</time></trkpt>
      <trkpt lat="43.634255" lon="-79.471806"><ele>73.8</ele><time>2026-05-31T11:11:44.000Z</time></trkpt>
      <trkpt lat="43.634223" lon="-79.471709"><ele>73.6</ele><time>2026-05-31T11:11:45.000Z</time></trkpt>
      <trkpt lat="43.6342" lon="-79.471612"><ele>73.6</ele><time>2026-05-31T11:11:46.000Z</time></trkpt>
      <trkpt lat="43.634182" lon="-79.471518"><ele>73.4</ele><time>2026-05-31T11:11:47.000Z</time></trkpt>
      <trkpt lat="43.634177" lon="-79.47142"><ele>73.4</ele><time>2026-05-31T11:11:48.000Z</time></trkpt>
      <trkpt lat="43.634177" lon="-79.471322"><ele>73.4</ele><time>2026-05-31T11:11:49.000Z</time></trkpt>
      <trkpt lat="43.634167" lon="-79.471209"><ele>73.4</ele><time>2026-05-31T11:11:50.000Z</time></trkpt>
      <trkpt lat="43.634167" lon="-79.4711"><ele>73.4</ele><time>2026-05-31T11:11:51.000Z</time></trkpt>
      <trkpt lat="43.634169" lon="-79.470993"><ele>73.4</ele><time>2026-05-31T11:11:52.000Z</time></trkpt>
      <trkpt lat="43.634181" lon="-79.470888"><ele>73.4</ele><time>2026-05-31T11:11:53.000Z</time></trkpt>
      <trkpt lat="43.634202" lon="-79.470791"><ele>73.6</ele><time>2026-05-31T11:11:54.000Z</time></trkpt>
      <trkpt lat="43.634231" lon="-79.4707"><ele>73.8</ele><time>2026-05-31T11:11:55.000Z</time></trkpt>
      <trkpt lat="43.634266" lon="-79.470617"><ele>73.8</ele><time>2026-05-31T11:11:56.000Z</time></trkpt>
      <trkpt lat="43.634307" lon="-79.470544"><ele>74</ele><time>2026-05-31T11:11:57.000Z</time></trkpt>
      <trkpt lat="43.634354" lon="-79.470476"><ele>74.2</ele><time>2026-05-31T11:11:58.000Z</time></trkpt>
      <trkpt lat="43.634402" lon="-79.470414"><ele>74.2</ele><time>2026-05-31T11:11:59.000Z</time></trkpt>
      <trkpt lat="43.634448" lon="-79.470358"><ele>74.4</ele><time>2026-05-31T11:12:00.000Z</time></trkpt>
      <trkpt lat="43.634496" lon="-79.470303"><ele>74.6</ele><time>2026-05-31T11:12:01.000Z</time></trkpt>
      <trkpt lat="43.634545" lon="-79.470246"><ele>74.6</ele><time>2026-05-31T11:12:02.000Z</time></trkpt>
      <trkpt lat="43.634592" lon="-79.47019"><ele>74.8</ele><time>2026-05-31T11:12:03.000Z</time></trkpt>
      <trkpt lat="43.634641" lon="-79.470133"><ele>75</ele><time>2026-05-31T11:12:04.000Z</time></trkpt>
      <trkpt lat="43.634693" lon="-79.470077"><ele>75</ele><time>2026-05-31T11:12:05.000Z</time></trkpt>
      <trkpt lat="43.634743" lon="-79.470021"><ele>75.2</ele><time>2026-05-31T11:12:06.000Z</time></trkpt>
      <trkpt lat="43.634792" lon="-79.469966"><ele>75.2</ele><time>2026-05-31T11:12:07.000Z</time></trkpt>
      <trkpt lat="43.634842" lon="-79.469913"><ele>75.4</ele><time>2026-05-31T11:12:08.000Z</time></trkpt>
      <trkpt lat="43.634888" lon="-79.469865"><ele>75.4</ele><time>2026-05-31T11:12:09.000Z</time></trkpt>
      <trkpt lat="43.634931" lon="-79.469813"><ele>75.6</ele><time>2026-05-31T11:12:10.000Z</time></trkpt>
      <trkpt lat="43.634973" lon="-79.469764"><ele>75.8</ele><time>2026-05-31T11:12:11.000Z</time></trkpt>
      <trkpt lat="43.635012" lon="-79.469716"><ele>76</ele><time>2026-05-31T11:12:12.000Z</time></trkpt>
      <trkpt lat="43.635056" lon="-79.469672"><ele>76.4</ele><time>2026-05-31T11:12:13.000Z</time></trkpt>
      <trkpt lat="43.635097" lon="-79.469628"><ele>76.6</ele><time>2026-05-31T11:12:14.000Z</time></trkpt>
      <trkpt lat="43.635137" lon="-79.46959"><ele>76.8</ele><time>2026-05-31T11:12:15.000Z</time></trkpt>
      <trkpt lat="43.635175" lon="-79.469556"><ele>77</ele><time>2026-05-31T11:12:16.000Z</time></trkpt>
      <trkpt lat="43.635213" lon="-79.469524"><ele>77.2</ele><time>2026-05-31T11:12:17.000Z</time></trkpt>
      <trkpt lat="43.635249" lon="-79.46949"><ele>77.6</ele><time>2026-05-31T11:12:18.000Z</time></trkpt>
      <trkpt lat="43.635279" lon="-79.46945"><ele>77.8</ele><time>2026-05-31T11:12:19.000Z</time></trkpt>
      <trkpt lat="43.635304" lon="-79.469406"><ele>78</ele><time>2026-05-31T11:12:20.000Z</time></trkpt>
      <trkpt lat="43.635332" lon="-79.469362"><ele>78</ele><time>2026-05-31T11:12:21.000Z</time></trkpt>
      <trkpt lat="43.635358" lon="-79.469319"><ele>78</ele><time>2026-05-31T11:12:22.000Z</time></trkpt>
      <trkpt lat="43.635577" lon="-79.468787"><ele>79.8</ele><time>2026-05-31T11:13:31.000Z</time></trkpt>
      <trkpt lat="43.635593" lon="-79.468742"><ele>79.8</ele><time>2026-05-31T11:13:32.000Z</time></trkpt>
      <trkpt lat="43.635611" lon="-79.468696"><ele>79.6</ele><time>2026-05-31T11:13:33.000Z</time></trkpt>
      <trkpt lat="43.63563" lon="-79.468647"><ele>79.6</ele><time>2026-05-31T11:13:34.000Z</time></trkpt>
      <trkpt lat="43.635654" lon="-79.468598"><ele>79.6</ele><time>2026-05-31T11:13:35.000Z</time></trkpt>
      <trkpt lat="43.635675" lon="-79.468549"><ele>79.6</ele><time>2026-05-31T11:13:36.000Z</time></trkpt>
      <trkpt lat="43.635698" lon="-79.468497"><ele>79.4</ele><time>2026-05-31T11:13:37.000Z</time></trkpt>
      <trkpt lat="43.635723" lon="-79.468445"><ele>79.4</ele><time>2026-05-31T11:13:38.000Z</time></trkpt>
      <trkpt lat="43.635745" lon="-79.468382"><ele>79.4</ele><time>2026-05-31T11:13:39.000Z</time></trkpt>
      <trkpt lat="43.635769" lon="-79.468323"><ele>79.8</ele><time>2026-05-31T11:13:40.000Z</time></trkpt>
      <trkpt lat="43.635796" lon="-79.468266"><ele>80</ele><time>2026-05-31T11:13:41.000Z</time></trkpt>
      <trkpt lat="43.635815" lon="-79.468211"><ele>80</ele><time>2026-05-31T11:13:42.000Z</time></trkpt>
      <trkpt lat="43.635834" lon="-79.468153"><ele>80.2</ele><time>2026-05-31T11:13:43.000Z</time></trkpt>
      <trkpt lat="43.635859" lon="-79.468092"><ele>80</ele><time>2026-05-31T11:13:44.000Z</time></trkpt>
      <trkpt lat="43.635885" lon="-79.46803"><ele>79.6</ele><time>2026-05-31T11:13:45.000Z</time></trkpt>
      <trkpt lat="43.635914" lon="-79.467968"><ele>79.4</ele><time>2026-05-31T11:13:46.000Z</time></trkpt>
      <trkpt lat="43.63594" lon="-79.467907"><ele>79.4</ele><time>2026-05-31T11:13:47.000Z</time></trkpt>
      <trkpt lat="43.635965" lon="-79.467841"><ele>79.2</ele><time>2026-05-31T11:13:48.000Z</time></trkpt>
      <trkpt lat="43.635991" lon="-79.467774"><ele>79.2</ele><time>2026-05-31T11:13:49.000Z</time></trkpt>
      <trkpt lat="43.636018" lon="-79.467706"><ele>79.2</ele><time>2026-05-31T11:13:50.000Z</time></trkpt>
      <trkpt lat="43.636046" lon="-79.46764"><ele>79.2</ele><time>2026-05-31T11:13:51.000Z</time></trkpt>
      <trkpt lat="43.636079" lon="-79.467572"><ele>79.2</ele><time>2026-05-31T11:13:52.000Z</time></trkpt>
      <trkpt lat="43.636108" lon="-79.467504"><ele>79.2</ele><time>2026-05-31T11:13:53.000Z</time></trkpt>
      <trkpt lat="43.636133" lon="-79.467436"><ele>79.2</ele><time>2026-05-31T11:13:54.000Z</time></trkpt>
      <trkpt lat="43.636163" lon="-79.467371"><ele>79.4</ele><time>2026-05-31T11:13:55.000Z</time></trkpt>
      <trkpt lat="43.63619" lon="-79.467303"><ele>79.4</ele><time>2026-05-31T11:13:56.000Z</time></trkpt>
      <trkpt lat="43.636221" lon="-79.467242"><ele>79.6</ele><time>2026-05-31T11:13:57.000Z</time></trkpt>
      <trkpt lat="43.636247" lon="-79.46718"><ele>79.8</ele><time>2026-05-31T11:13:58.000Z</time></trkpt>
      <trkpt lat="43.63628" lon="-79.467119"><ele>80.2</ele><time>2026-05-31T11:13:59.000Z</time></trkpt>
      <trkpt lat="43.636312" lon="-79.467059"><ele>80.4</ele><time>2026-05-31T11:14:00.000Z</time></trkpt>
      <trkpt lat="43.636339" lon="-79.466992"><ele>80.6</ele><time>2026-05-31T11:14:01.000Z</time></trkpt>
      <trkpt lat="43.63637" lon="-79.466922"><ele>80.8</ele><time>2026-05-31T11:14:02.000Z</time></trkpt>
      <trkpt lat="43.636401" lon="-79.466856"><ele>80.8</ele><time>2026-05-31T11:14:03.000Z</time></trkpt>
      <trkpt lat="43.636434" lon="-79.466787"><ele>80.8</ele><time>2026-05-31T11:14:04.000Z</time></trkpt>
      <trkpt lat="43.636467" lon="-79.466716"><ele>81</ele><time>2026-05-31T11:14:05.000Z</time></trkpt>
      <trkpt lat="43.636501" lon="-79.466643"><ele>81</ele><time>2026-05-31T11:14:06.000Z</time></trkpt>
      <trkpt lat="43.63654" lon="-79.466574"><ele>81</ele><time>2026-05-31T11:14:07.000Z</time></trkpt>
      <trkpt lat="43.636575" lon="-79.466502"><ele>81</ele><time>2026-05-31T11:14:08.000Z</time></trkpt>
      <trkpt lat="43.636609" lon="-79.466427"><ele>81.2</ele><time>2026-05-31T11:14:09.000Z</time></trkpt>
      <trkpt lat="43.63664" lon="-79.466352"><ele>81.2</ele><time>2026-05-31T11:14:10.000Z</time></trkpt>
      <trkpt lat="43.636674" lon="-79.466278"><ele>81.2</ele><time>2026-05-31T11:14:11.000Z</time></trkpt>
      <trkpt lat="43.636706" lon="-79.466202"><ele>81.2</ele><time>2026-05-31T11:14:12.000Z</time></trkpt>
      <trkpt lat="43.63674" lon="-79.466124"><ele>81</ele><time>2026-05-31T11:14:13.000Z</time></trkpt>
      <trkpt lat="43.636777" lon="-79.466051"><ele>80.6</ele><time>2026-05-31T11:14:14.000Z</time></trkpt>
      <trkpt lat="43.636817" lon="-79.465974"><ele>80.4</ele><time>2026-05-31T11:14:15.000Z</time></trkpt>
      <trkpt lat="43.636855" lon="-79.465897"><ele>80.4</ele><time>2026-05-31T11:14:16.000Z</time></trkpt>
      <trkpt lat="43.636889" lon="-79.465815"><ele>80.4</ele><time>2026-05-31T11:14:17.000Z</time></trkpt>
      <trkpt lat="43.636925" lon="-79.465734"><ele>80.4</ele><time>2026-05-31T11:14:18.000Z</time></trkpt>
      <trkpt lat="43.636963" lon="-79.465651"><ele>80.4</ele><time>2026-05-31T11:14:19.000Z</time></trkpt>
      <trkpt lat="43.636999" lon="-79.465568"><ele>80.6</ele><time>2026-05-31T11:14:20.000Z</time></trkpt>
      <trkpt lat="43.637038" lon="-79.465483"><ele>80.4</ele><time>2026-05-31T11:14:21.000Z</time></trkpt>
      <trkpt lat="43.637067" lon="-79.465397"><ele>80.4</ele><time>2026-05-31T11:14:22.000Z</time></trkpt>
      <trkpt lat="43.637097" lon="-79.465307"><ele>80.4</ele><time>2026-05-31T11:14:23.000Z</time></trkpt>
      <trkpt lat="43.637128" lon="-79.465218"><ele>80.2</ele><time>2026-05-31T11:14:24.000Z</time></trkpt>
      <trkpt lat="43.63716" lon="-79.465132"><ele>80</ele><time>2026-05-31T11:14:25.000Z</time></trkpt>
      <trkpt lat="43.637191" lon="-79.465046"><ele>79.8</ele><time>2026-05-31T11:14:26.000Z</time></trkpt>
      <trkpt lat="43.637225" lon="-79.464959"><ele>79.4</ele><time>2026-05-31T11:14:27.000Z</time></trkpt>
      <trkpt lat="43.637256" lon="-79.464875"><ele>79.2</ele><time>2026-05-31T11:14:28.000Z</time></trkpt>
      <trkpt lat="43.637283" lon="-79.464788"><ele>78.8</ele><time>2026-05-31T11:14:29.000Z</time></trkpt>
      <trkpt lat="43.637312" lon="-79.464703"><ele>78.8</ele><time>2026-05-31T11:14:30.000Z</time></trkpt>
      <trkpt lat="43.637345" lon="-79.464619"><ele>78.6</ele><time>2026-05-31T11:14:31.000Z</time></trkpt>
      <trkpt lat="43.637376" lon="-79.464535"><ele>78.6</ele><time>2026-05-31T11:14:32.000Z</time></trkpt>
      <trkpt lat="43.637403" lon="-79.464455"><ele>78.4</ele><time>2026-05-31T11:14:33.000Z</time></trkpt>
      <trkpt lat="43.63743" lon="-79.464376"><ele>78.2</ele><time>2026-05-31T11:14:34.000Z</time></trkpt>
      <trkpt lat="43.637454" lon="-79.464291"><ele>78.2</ele><time>2026-05-31T11:14:35.000Z</time></trkpt>
      <trkpt lat="43.63748" lon="-79.464206"><ele>78</ele><time>2026-05-31T11:14:36.000Z</time></trkpt>
      <trkpt lat="43.637504" lon="-79.464123"><ele>78</ele><time>2026-05-31T11:14:37.000Z</time></trkpt>
      <trkpt lat="43.637525" lon="-79.464037"><ele>77.8</ele><time>2026-05-31T11:14:38.000Z</time></trkpt>
      <trkpt lat="43.637552" lon="-79.463951"><ele>77.6</ele><time>2026-05-31T11:14:39.000Z</time></trkpt>
      <trkpt lat="43.637581" lon="-79.463869"><ele>77.6</ele><time>2026-05-31T11:14:40.000Z</time></trkpt>
      <trkpt lat="43.637607" lon="-79.463788"><ele>77.6</ele><time>2026-05-31T11:14:41.000Z</time></trkpt>
      <trkpt lat="43.637634" lon="-79.463707"><ele>77.6</ele><time>2026-05-31T11:14:42.000Z</time></trkpt>
      <trkpt lat="43.63766" lon="-79.463626"><ele>77.6</ele><time>2026-05-31T11:14:43.000Z</time></trkpt>
      <trkpt lat="43.637687" lon="-79.463543"><ele>77.6</ele><time>2026-05-31T11:14:44.000Z</time></trkpt>
      <trkpt lat="43.637712" lon="-79.463461"><ele>77.6</ele><time>2026-05-31T11:14:45.000Z</time></trkpt>
      <trkpt lat="43.637733" lon="-79.46338"><ele>77.4</ele><time>2026-05-31T11:14:46.000Z</time></trkpt>
      <trkpt lat="43.637753" lon="-79.463298"><ele>77.4</ele><time>2026-05-31T11:14:47.000Z</time></trkpt>
      <trkpt lat="43.637777" lon="-79.463218"><ele>77.4</ele><time>2026-05-31T11:14:48.000Z</time></trkpt>
      <trkpt lat="43.637803" lon="-79.46314"><ele>77.4</ele><time>2026-05-31T11:14:49.000Z</time></trkpt>
      <trkpt lat="43.637829" lon="-79.463056"><ele>77.4</ele><time>2026-05-31T11:14:50.000Z</time></trkpt>
      <trkpt lat="43.637851" lon="-79.462968"><ele>77.2</ele><time>2026-05-31T11:14:51.000Z</time></trkpt>
      <trkpt lat="43.637874" lon="-79.462876"><ele>76.8</ele><time>2026-05-31T11:14:52.000Z</time></trkpt>
      <trkpt lat="43.637896" lon="-79.462785"><ele>76.4</ele><time>2026-05-31T11:14:53.000Z</time></trkpt>
      <trkpt lat="43.637922" lon="-79.462692"><ele>76</ele><time>2026-05-31T11:14:54.000Z</time></trkpt>
      <trkpt lat="43.63795" lon="-79.462601"><ele>75.8</ele><time>2026-05-31T11:14:55.000Z</time></trkpt>
      <trkpt lat="43.637977" lon="-79.462507"><ele>75.8</ele><time>2026-05-31T11:14:56.000Z</time></trkpt>
      <trkpt lat="43.638002" lon="-79.46241"><ele>76</ele><time>2026-05-31T11:14:57.000Z</time></trkpt>
      <trkpt lat="43.638027" lon="-79.462313"><ele>76.2</ele><time>2026-05-31T11:14:58.000Z</time></trkpt>
      <trkpt lat="43.638051" lon="-79.462217"><ele>76.2</ele><time>2026-05-31T11:14:59.000Z</time></trkpt>
      <trkpt lat="43.638075" lon="-79.46212"><ele>76</ele><time>2026-05-31T11:15:00.000Z</time></trkpt>
      <trkpt lat="43.638098" lon="-79.462026"><ele>76</ele><time>2026-05-31T11:15:01.000Z</time></trkpt>
      <trkpt lat="43.638122" lon="-79.461932"><ele>76</ele><time>2026-05-31T11:15:02.000Z</time></trkpt>
      <trkpt lat="43.638146" lon="-79.461838"><ele>76.2</ele><time>2026-05-31T11:15:03.000Z</time></trkpt>
      <trkpt lat="43.638167" lon="-79.461744"><ele>76.2</ele><time>2026-05-31T11:15:04.000Z</time></trkpt>
      <trkpt lat="43.638188" lon="-79.461652"><ele>76.2</ele><time>2026-05-31T11:15:05.000Z</time></trkpt>
      <trkpt lat="43.638207" lon="-79.46156"><ele>76.4</ele><time>2026-05-31T11:15:06.000Z</time></trkpt>
      <trkpt lat="43.638226" lon="-79.461469"><ele>76.4</ele><time>2026-05-31T11:15:07.000Z</time></trkpt>
      <trkpt lat="43.638247" lon="-79.461379"><ele>76.6</ele><time>2026-05-31T11:15:08.000Z</time></trkpt>
      <trkpt lat="43.638267" lon="-79.461292"><ele>76.8</ele><time>2026-05-31T11:15:09.000Z</time></trkpt>
      <trkpt lat="43.638287" lon="-79.461203"><ele>77</ele><time>2026-05-31T11:15:10.000Z</time></trkpt>
      <trkpt lat="43.638303" lon="-79.461115"><ele>77.2</ele><time>2026-05-31T11:15:11.000Z</time></trkpt>
      <trkpt lat="43.638317" lon="-79.46103"><ele>77.4</ele><time>2026-05-31T11:15:12.000Z</time></trkpt>
      <trkpt lat="43.63833" lon="-79.460942"><ele>77.6</ele><time>2026-05-31T11:15:13.000Z</time></trkpt>
      <trkpt lat="43.638347" lon="-79.460856"><ele>77.6</ele><time>2026-05-31T11:15:14.000Z</time></trkpt>
      <trkpt lat="43.638366" lon="-79.460771"><ele>77.6</ele><time>2026-05-31T11:15:15.000Z</time></trkpt>
      <trkpt lat="43.638384" lon="-79.460691"><ele>77.6</ele><time>2026-05-31T11:15:16.000Z</time></trkpt>
      <trkpt lat="43.638397" lon="-79.460617"><ele>77.6</ele><time>2026-05-31T11:15:17.000Z</time></trkpt>
      <trkpt lat="43.638408" lon="-79.460541"><ele>77.2</ele><time>2026-05-31T11:15:18.000Z</time></trkpt>
      <trkpt lat="43.638418" lon="-79.460464"><ele>77</ele><time>2026-05-31T11:15:19.000Z</time></trkpt>
      <trkpt lat="43.638429" lon="-79.460388"><ele>77.2</ele><time>2026-05-31T11:15:20.000Z</time></trkpt>
      <trkpt lat="43.638443" lon="-79.460314"><ele>77.6</ele><time>2026-05-31T11:15:21.000Z</time></trkpt>
      <trkpt lat="43.638458" lon="-79.460238"><ele>78.2</ele><time>2026-05-31T11:15:22.000Z</time></trkpt>
      <trkpt lat="43.638473" lon="-79.46016"><ele>79</ele><time>2026-05-31T11:15:23.000Z</time></trkpt>
      <trkpt lat="43.638488" lon="-79.460083"><ele>79.6</ele><time>2026-05-31T11:15:24.000Z</time></trkpt>
      <trkpt lat="43.638502" lon="-79.460007"><ele>80</ele><time>2026-05-31T11:15:25.000Z</time></trkpt>
      <trkpt lat="43.638516" lon="-79.459927"><ele>80.2</ele><time>2026-05-31T11:15:26.000Z</time></trkpt>
      <trkpt lat="43.638529" lon="-79.45985"><ele>80</ele><time>2026-05-31T11:15:27.000Z</time></trkpt>
      <trkpt lat="43.638543" lon="-79.459771"><ele>80</ele><time>2026-05-31T11:15:28.000Z</time></trkpt>
      <trkpt lat="43.638555" lon="-79.459691"><ele>80</ele><time>2026-05-31T11:15:29.000Z</time></trkpt>
      <trkpt lat="43.638569" lon="-79.459615"><ele>80</ele><time>2026-05-31T11:15:30.000Z</time></trkpt>
      <trkpt lat="43.638582" lon="-79.459534"><ele>80</ele><time>2026-05-31T11:15:31.000Z</time></trkpt>
      <trkpt lat="43.638594" lon="-79.459452"><ele>80.2</ele><time>2026-05-31T11:15:32.000Z</time></trkpt>
      <trkpt lat="43.638606" lon="-79.459371"><ele>80.2</ele><time>2026-05-31T11:15:33.000Z</time></trkpt>
      <trkpt lat="43.638615" lon="-79.459291"><ele>80.2</ele><time>2026-05-31T11:15:34.000Z</time></trkpt>
      <trkpt lat="43.638622" lon="-79.459208"><ele>80.2</ele><time>2026-05-31T11:15:35.000Z</time></trkpt>
      <trkpt lat="43.638636" lon="-79.459125"><ele>80.2</ele><time>2026-05-31T11:15:36.000Z</time></trkpt>
      <trkpt lat="43.638652" lon="-79.459045"><ele>80.2</ele><time>2026-05-31T11:15:37.000Z</time></trkpt>
      <trkpt lat="43.638666" lon="-79.458963"><ele>80.2</ele><time>2026-05-31T11:15:38.000Z</time></trkpt>
      <trkpt lat="43.638674" lon="-79.458879"><ele>80.2</ele><time>2026-05-31T11:15:39.000Z</time></trkpt>
      <trkpt lat="43.638683" lon="-79.458792"><ele>80.2</ele><time>2026-05-31T11:15:40.000Z</time></trkpt>
      <trkpt lat="43.638697" lon="-79.458704"><ele>80.2</ele><time>2026-05-31T11:15:41.000Z</time></trkpt>
      <trkpt lat="43.638703" lon="-79.458615"><ele>80</ele><time>2026-05-31T11:15:42.000Z</time></trkpt>
      <trkpt lat="43.638712" lon="-79.458521"><ele>80</ele><time>2026-05-31T11:15:43.000Z</time></trkpt>
      <trkpt lat="43.638725" lon="-79.458425"><ele>79.8</ele><time>2026-05-31T11:15:44.000Z</time></trkpt>
      <trkpt lat="43.63874" lon="-79.45833"><ele>79.8</ele><time>2026-05-31T11:15:45.000Z</time></trkpt>
      <trkpt lat="43.638753" lon="-79.458234"><ele>79.6</ele><time>2026-05-31T11:15:46.000Z</time></trkpt>
      <trkpt lat="43.638768" lon="-79.458135"><ele>79.6</ele><time>2026-05-31T11:15:47.000Z</time></trkpt>
      <trkpt lat="43.638779" lon="-79.458034"><ele>79.4</ele><time>2026-05-31T11:15:48.000Z</time></trkpt>
      <trkpt lat="43.638784" lon="-79.457932"><ele>79.2</ele><time>2026-05-31T11:15:49.000Z</time></trkpt>
      <trkpt lat="43.638791" lon="-79.457826"><ele>79</ele><time>2026-05-31T11:15:50.000Z</time></trkpt>
      <trkpt lat="43.638799" lon="-79.457721"><ele>78.8</ele><time>2026-05-31T11:15:51.000Z</time></trkpt>
      <trkpt lat="43.638808" lon="-79.457616"><ele>78.4</ele><time>2026-05-31T11:15:52.000Z</time></trkpt>
      <trkpt lat="43.638814" lon="-79.457512"><ele>78</ele><time>2026-05-31T11:15:53.000Z</time></trkpt>
      <trkpt lat="43.638824" lon="-79.457404"><ele>77.8</ele><time>2026-05-31T11:15:54.000Z</time></trkpt>
      <trkpt lat="43.638832" lon="-79.457295"><ele>77.4</ele><time>2026-05-31T11:15:55.000Z</time></trkpt>
      <trkpt lat="43.63884" lon="-79.457184"><ele>77</ele><time>2026-05-31T11:15:56.000Z</time></trkpt>
      <trkpt lat="43.638847" lon="-79.457072"><ele>76.8</ele><time>2026-05-31T11:15:57.000Z</time></trkpt>
      <trkpt lat="43.638852" lon="-79.45696"><ele>76.6</ele><time>2026-05-31T11:15:58.000Z</time></trkpt>
      <trkpt lat="43.638857" lon="-79.456844"><ele>76.4</ele><time>2026-05-31T11:15:59.000Z</time></trkpt>
      <trkpt lat="43.638859" lon="-79.456726"><ele>76.2</ele><time>2026-05-31T11:16:00.000Z</time></trkpt>
      <trkpt lat="43.638857" lon="-79.456608"><ele>76.2</ele><time>2026-05-31T11:16:01.000Z</time></trkpt>
      <trkpt lat="43.63886" lon="-79.456486"><ele>76</ele><time>2026-05-31T11:16:02.000Z</time></trkpt>
      <trkpt lat="43.638866" lon="-79.456367"><ele>76</ele><time>2026-05-31T11:16:03.000Z</time></trkpt>
      <trkpt lat="43.63887" lon="-79.456251"><ele>75.8</ele><time>2026-05-31T11:16:04.000Z</time></trkpt>
      <trkpt lat="43.638875" lon="-79.456134"><ele>75.6</ele><time>2026-05-31T11:16:05.000Z</time></trkpt>
      <trkpt lat="43.638874" lon="-79.456019"><ele>75.4</ele><time>2026-05-31T11:16:06.000Z</time></trkpt>
      <trkpt lat="43.638868" lon="-79.455901"><ele>75.4</ele><time>2026-05-31T11:16:07.000Z</time></trkpt>
      <trkpt lat="43.638869" lon="-79.455782"><ele>75.4</ele><time>2026-05-31T11:16:08.000Z</time></trkpt>
      <trkpt lat="43.638869" lon="-79.455666"><ele>75.4</ele><time>2026-05-31T11:16:09.000Z</time></trkpt>
      <trkpt lat="43.638866" lon="-79.45555"><ele>75.6</ele><time>2026-05-31T11:16:10.000Z</time></trkpt>
      <trkpt lat="43.638862" lon="-79.455439"><ele>75.6</ele><time>2026-05-31T11:16:11.000Z</time></trkpt>
      <trkpt lat="43.638863" lon="-79.455328"><ele>76</ele><time>2026-05-31T11:16:12.000Z</time></trkpt>
      <trkpt lat="43.638864" lon="-79.45522"><ele>76.2</ele><time>2026-05-31T11:16:13.000Z</time></trkpt>
      <trkpt lat="43.638861" lon="-79.455115"><ele>76.8</ele><time>2026-05-31T11:16:14.000Z</time></trkpt>
      <trkpt lat="43.638854" lon="-79.455011"><ele>77</ele><time>2026-05-31T11:16:15.000Z</time></trkpt>
      <trkpt lat="43.638848" lon="-79.454907"><ele>77.2</ele><time>2026-05-31T11:16:16.000Z</time></trkpt>
      <trkpt lat="43.638846" lon="-79.454804"><ele>77.2</ele><time>2026-05-31T11:16:17.000Z</time></trkpt>
      <trkpt lat="43.638843" lon="-79.454704"><ele>77.4</ele><time>2026-05-31T11:16:18.000Z</time></trkpt>
      <trkpt lat="43.638835" lon="-79.454606"><ele>77.6</ele><time>2026-05-31T11:16:19.000Z</time></trkpt>
      <trkpt lat="43.638829" lon="-79.454507"><ele>77.8</ele><time>2026-05-31T11:16:20.000Z</time></trkpt>
      <trkpt lat="43.638831" lon="-79.454412"><ele>78</ele><time>2026-05-31T11:16:21.000Z</time></trkpt>
      <trkpt lat="43.638834" lon="-79.45432"><ele>78</ele><time>2026-05-31T11:16:22.000Z</time></trkpt>
      <trkpt lat="43.638829" lon="-79.454233"><ele>78</ele><time>2026-05-31T11:16:23.000Z</time></trkpt>
      <trkpt lat="43.63882" lon="-79.454157"><ele>78.2</ele><time>2026-05-31T11:16:24.000Z</time></trkpt>
      <trkpt lat="43.638818" lon="-79.454078"><ele>78.4</ele><time>2026-05-31T11:16:25.000Z</time></trkpt>
      <trkpt lat="43.638818" lon="-79.454002"><ele>78.8</ele><time>2026-05-31T11:16:26.000Z</time></trkpt>
      <trkpt lat="43.638816" lon="-79.453927"><ele>79.2</ele><time>2026-05-31T11:16:27.000Z</time></trkpt>
      <trkpt lat="43.638816" lon="-79.453855"><ele>79.6</ele><time>2026-05-31T11:16:28.000Z</time></trkpt>
      <trkpt lat="43.638811" lon="-79.453785"><ele>80</ele><time>2026-05-31T11:16:29.000Z</time></trkpt>
      <trkpt lat="43.638804" lon="-79.453711"><ele>80.2</ele><time>2026-05-31T11:16:30.000Z</time></trkpt>
      <trkpt lat="43.638799" lon="-79.453637"><ele>80.2</ele><time>2026-05-31T11:16:31.000Z</time></trkpt>
      <trkpt lat="43.638794" lon="-79.453565"><ele>80.6</ele><time>2026-05-31T11:16:32.000Z</time></trkpt>
      <trkpt lat="43.638788" lon="-79.453493"><ele>80.6</ele><time>2026-05-31T11:16:33.000Z</time></trkpt>
      <trkpt lat="43.638783" lon="-79.45342"><ele>80.8</ele><time>2026-05-31T11:16:34.000Z</time></trkpt>
      <trkpt lat="43.638778" lon="-79.453351"><ele>80.8</ele><time>2026-05-31T11:16:35.000Z</time></trkpt>
      <trkpt lat="43.638772" lon="-79.45328"><ele>80.8</ele><time>2026-05-31T11:16:36.000Z</time></trkpt>
      <trkpt lat="43.638766" lon="-79.45321"><ele>80.8</ele><time>2026-05-31T11:16:37.000Z</time></trkpt>
      <trkpt lat="43.638756" lon="-79.453138"><ele>81</ele><time>2026-05-31T11:16:38.000Z</time></trkpt>
      <trkpt lat="43.638746" lon="-79.453062"><ele>81</ele><time>2026-05-31T11:16:39.000Z</time></trkpt>
      <trkpt lat="43.63874" lon="-79.452983"><ele>81</ele><time>2026-05-31T11:16:40.000Z</time></trkpt>
      <trkpt lat="43.638737" lon="-79.452899"><ele>81</ele><time>2026-05-31T11:16:41.000Z</time></trkpt>
      <trkpt lat="43.638735" lon="-79.452816"><ele>80.6</ele><time>2026-05-31T11:16:42.000Z</time></trkpt>
      <trkpt lat="43.638732" lon="-79.452735"><ele>80.4</ele><time>2026-05-31T11:16:43.000Z</time></trkpt>
      <trkpt lat="43.63872" lon="-79.452654"><ele>80.2</ele><time>2026-05-31T11:16:44.000Z</time></trkpt>
      <trkpt lat="43.638711" lon="-79.452568"><ele>80.2</ele><time>2026-05-31T11:16:45.000Z</time></trkpt>
      <trkpt lat="43.638707" lon="-79.45248"><ele>80</ele><time>2026-05-31T11:16:46.000Z</time></trkpt>
      <trkpt lat="43.638698" lon="-79.45239"><ele>80</ele><time>2026-05-31T11:16:47.000Z</time></trkpt>
      <trkpt lat="43.638686" lon="-79.452301"><ele>80</ele><time>2026-05-31T11:16:48.000Z</time></trkpt>
      <trkpt lat="43.638675" lon="-79.452212"><ele>80</ele><time>2026-05-31T11:16:49.000Z</time></trkpt>
      <trkpt lat="43.638668" lon="-79.452121"><ele>80</ele><time>2026-05-31T11:16:50.000Z</time></trkpt>
      <trkpt lat="43.638666" lon="-79.452033"><ele>80</ele><time>2026-05-31T11:16:51.000Z</time></trkpt>
      <trkpt lat="43.63866" lon="-79.451946"><ele>80</ele><time>2026-05-31T11:16:52.000Z</time></trkpt>
      <trkpt lat="43.638653" lon="-79.45186"><ele>79.8</ele><time>2026-05-31T11:16:53.000Z</time></trkpt>
      <trkpt lat="43.63864" lon="-79.451769"><ele>79.8</ele><time>2026-05-31T11:16:54.000Z</time></trkpt>
      <trkpt lat="43.638625" lon="-79.451675"><ele>80</ele><time>2026-05-31T11:16:55.000Z</time></trkpt>
      <trkpt lat="43.638614" lon="-79.451581"><ele>79.8</ele><time>2026-05-31T11:16:56.000Z</time></trkpt>
      <trkpt lat="43.638607" lon="-79.451486"><ele>79.8</ele><time>2026-05-31T11:16:57.000Z</time></trkpt>
      <trkpt lat="43.638598" lon="-79.451391"><ele>79.8</ele><time>2026-05-31T11:16:58.000Z</time></trkpt>
      <trkpt lat="43.638584" lon="-79.451297"><ele>79.8</ele><time>2026-05-31T11:16:59.000Z</time></trkpt>
      <trkpt lat="43.638574" lon="-79.451202"><ele>79.8</ele><time>2026-05-31T11:17:00.000Z</time></trkpt>
      <trkpt lat="43.638561" lon="-79.451104"><ele>79.8</ele><time>2026-05-31T11:17:01.000Z</time></trkpt>
      <trkpt lat="43.638547" lon="-79.451006"><ele>79.6</ele><time>2026-05-31T11:17:02.000Z</time></trkpt>
      <trkpt lat="43.638535" lon="-79.450907"><ele>79.4</ele><time>2026-05-31T11:17:03.000Z</time></trkpt>
      <trkpt lat="43.638521" lon="-79.450808"><ele>79.2</ele><time>2026-05-31T11:17:04.000Z</time></trkpt>
      <trkpt lat="43.63851" lon="-79.450712"><ele>79.2</ele><time>2026-05-31T11:17:05.000Z</time></trkpt>
      <trkpt lat="43.638492" lon="-79.450616"><ele>79</ele><time>2026-05-31T11:17:06.000Z</time></trkpt>
      <trkpt lat="43.638471" lon="-79.45052"><ele>79</ele><time>2026-05-31T11:17:07.000Z</time></trkpt>
      <trkpt lat="43.638454" lon="-79.450421"><ele>79.2</ele><time>2026-05-31T11:17:08.000Z</time></trkpt>
      <trkpt lat="43.63844" lon="-79.450318"><ele>79</ele><time>2026-05-31T11:17:09.000Z</time></trkpt>
      <trkpt lat="43.638426" lon="-79.450214"><ele>79</ele><time>2026-05-31T11:17:10.000Z</time></trkpt>
      <trkpt lat="43.63841" lon="-79.450112"><ele>78.8</ele><time>2026-05-31T11:17:11.000Z</time></trkpt>
      <trkpt lat="43.6384" lon="-79.450006"><ele>78.6</ele><time>2026-05-31T11:17:12.000Z</time></trkpt>
      <trkpt lat="43.638391" lon="-79.449897"><ele>78.6</ele><time>2026-05-31T11:17:13.000Z</time></trkpt>
      <trkpt lat="43.638382" lon="-79.449788"><ele>78.6</ele><time>2026-05-31T11:17:14.000Z</time></trkpt>
      <trkpt lat="43.638367" lon="-79.449682"><ele>78.4</ele><time>2026-05-31T11:17:15.000Z</time></trkpt>
      <trkpt lat="43.638351" lon="-79.449574"><ele>78.2</ele><time>2026-05-31T11:17:16.000Z</time></trkpt>
      <trkpt lat="43.638339" lon="-79.449468"><ele>78.2</ele><time>2026-05-31T11:17:17.000Z</time></trkpt>
      <trkpt lat="43.638322" lon="-79.449364"><ele>78</ele><time>2026-05-31T11:17:18.000Z</time></trkpt>
      <trkpt lat="43.638304" lon="-79.449259"><ele>78</ele><time>2026-05-31T11:17:19.000Z</time></trkpt>
      <trkpt lat="43.638284" lon="-79.449149"><ele>77.8</ele><time>2026-05-31T11:17:20.000Z</time></trkpt>
      <trkpt lat="43.638263" lon="-79.44904"><ele>78</ele><time>2026-05-31T11:17:21.000Z</time></trkpt>
      <trkpt lat="43.638243" lon="-79.448932"><ele>78</ele><time>2026-05-31T11:17:22.000Z</time></trkpt>
      <trkpt lat="43.638222" lon="-79.448826"><ele>77.8</ele><time>2026-05-31T11:17:23.000Z</time></trkpt>
      <trkpt lat="43.638195" lon="-79.448716"><ele>77.8</ele><time>2026-05-31T11:17:24.000Z</time></trkpt>
      <trkpt lat="43.63817" lon="-79.448606"><ele>77.8</ele><time>2026-05-31T11:17:25.000Z</time></trkpt>
      <trkpt lat="43.638147" lon="-79.448497"><ele>77.8</ele><time>2026-05-31T11:17:26.000Z</time></trkpt>
      <trkpt lat="43.638123" lon="-79.448387"><ele>77.6</ele><time>2026-05-31T11:17:27.000Z</time></trkpt>
      <trkpt lat="43.638099" lon="-79.44828"><ele>77.6</ele><time>2026-05-31T11:17:28.000Z</time></trkpt>
      <trkpt lat="43.638076" lon="-79.448174"><ele>77.2</ele><time>2026-05-31T11:17:29.000Z</time></trkpt>
      <trkpt lat="43.638055" lon="-79.448068"><ele>77.2</ele><time>2026-05-31T11:17:30.000Z</time></trkpt>
      <trkpt lat="43.638032" lon="-79.447962"><ele>77.2</ele><time>2026-05-31T11:17:31.000Z</time></trkpt>
      <trkpt lat="43.638007" lon="-79.447858"><ele>77.2</ele><time>2026-05-31T11:17:32.000Z</time></trkpt>
      <trkpt lat="43.637981" lon="-79.447756"><ele>77.2</ele><time>2026-05-31T11:17:33.000Z</time></trkpt>
      <trkpt lat="43.637954" lon="-79.447656"><ele>77.2</ele><time>2026-05-31T11:17:34.000Z</time></trkpt>
      <trkpt lat="43.637926" lon="-79.447552"><ele>77</ele><time>2026-05-31T11:17:35.000Z</time></trkpt>
      <trkpt lat="43.637899" lon="-79.447444"><ele>77</ele><time>2026-05-31T11:17:36.000Z</time></trkpt>
      <trkpt lat="43.637872" lon="-79.447335"><ele>76.8</ele><time>2026-05-31T11:17:37.000Z</time></trkpt>
      <trkpt lat="43.637844" lon="-79.447228"><ele>76.8</ele><time>2026-05-31T11:17:38.000Z</time></trkpt>
      <trkpt lat="43.637818" lon="-79.447121"><ele>76.8</ele><time>2026-05-31T11:17:39.000Z</time></trkpt>
      <trkpt lat="43.63779" lon="-79.447014"><ele>76.8</ele><time>2026-05-31T11:17:40.000Z</time></trkpt>
      <trkpt lat="43.637756" lon="-79.446908"><ele>76.6</ele><time>2026-05-31T11:17:41.000Z</time></trkpt>
      <trkpt lat="43.637724" lon="-79.446801"><ele>76.6</ele><time>2026-05-31T11:17:42.000Z</time></trkpt>
      <trkpt lat="43.637697" lon="-79.44669"><ele>76.6</ele><time>2026-05-31T11:17:43.000Z</time></trkpt>
      <trkpt lat="43.637668" lon="-79.44658"><ele>76.6</ele><time>2026-05-31T11:17:44.000Z</time></trkpt>
      <trkpt lat="43.637637" lon="-79.446471"><ele>76.6</ele><time>2026-05-31T11:17:45.000Z</time></trkpt>
      <trkpt lat="43.637606" lon="-79.446362"><ele>76.6</ele><time>2026-05-31T11:17:46.000Z</time></trkpt>
      <trkpt lat="43.637574" lon="-79.446248"><ele>76.4</ele><time>2026-05-31T11:17:47.000Z</time></trkpt>
      <trkpt lat="43.637542" lon="-79.446135"><ele>76.4</ele><time>2026-05-31T11:17:48.000Z</time></trkpt>
      <trkpt lat="43.637511" lon="-79.446022"><ele>76.4</ele><time>2026-05-31T11:17:49.000Z</time></trkpt>
      <trkpt lat="43.637481" lon="-79.445916"><ele>76.2</ele><time>2026-05-31T11:17:50.000Z</time></trkpt>
      <trkpt lat="43.637448" lon="-79.445808"><ele>76.2</ele><time>2026-05-31T11:17:51.000Z</time></trkpt>
      <trkpt lat="43.637414" lon="-79.4457"><ele>76</ele><time>2026-05-31T11:17:52.000Z</time></trkpt>
      <trkpt lat="43.637381" lon="-79.445589"><ele>75.8</ele><time>2026-05-31T11:17:53.000Z</time></trkpt>
      <trkpt lat="43.637348" lon="-79.445481"><ele>75.8</ele><time>2026-05-31T11:17:54.000Z</time></trkpt>
      <trkpt lat="43.637312" lon="-79.445374"><ele>75.6</ele><time>2026-05-31T11:17:55.000Z</time></trkpt>
      <trkpt lat="43.637273" lon="-79.445267"><ele>75.4</ele><time>2026-05-31T11:17:56.000Z</time></trkpt>
      <trkpt lat="43.637236" lon="-79.445158"><ele>75.4</ele><time>2026-05-31T11:17:57.000Z</time></trkpt>
      <trkpt lat="43.637202" lon="-79.445047"><ele>75.4</ele><time>2026-05-31T11:17:58.000Z</time></trkpt>
      <trkpt lat="43.637165" lon="-79.444939"><ele>75.2</ele><time>2026-05-31T11:17:59.000Z</time></trkpt>
      <trkpt lat="43.637128" lon="-79.444832"><ele>75</ele><time>2026-05-31T11:18:00.000Z</time></trkpt>
      <trkpt lat="43.637094" lon="-79.444722"><ele>75</ele><time>2026-05-31T11:18:01.000Z</time></trkpt>
      <trkpt lat="43.637058" lon="-79.444612"><ele>75</ele><time>2026-05-31T11:18:02.000Z</time></trkpt>
      <trkpt lat="43.637016" lon="-79.444504"><ele>74.8</ele><time>2026-05-31T11:18:03.000Z</time></trkpt>
      <trkpt lat="43.636976" lon="-79.444398"><ele>74.8</ele><time>2026-05-31T11:18:04.000Z</time></trkpt>
      <trkpt lat="43.636937" lon="-79.44429"><ele>74.8</ele><time>2026-05-31T11:18:05.000Z</time></trkpt>
      <trkpt lat="43.636899" lon="-79.444179"><ele>74.8</ele><time>2026-05-31T11:18:06.000Z</time></trkpt>
      <trkpt lat="43.636858" lon="-79.444069"><ele>74.6</ele><time>2026-05-31T11:18:07.000Z</time></trkpt>
      <trkpt lat="43.636814" lon="-79.443959"><ele>74.6</ele><time>2026-05-31T11:18:08.000Z</time></trkpt>
      <trkpt lat="43.636768" lon="-79.44385"><ele>74.4</ele><time>2026-05-31T11:18:09.000Z</time></trkpt>
      <trkpt lat="43.636724" lon="-79.44374"><ele>74.4</ele><time>2026-05-31T11:18:10.000Z</time></trkpt>
      <trkpt lat="43.636681" lon="-79.443631"><ele>74.4</ele><time>2026-05-31T11:18:11.000Z</time></trkpt>
      <trkpt lat="43.636634" lon="-79.443529"><ele>74.4</ele><time>2026-05-31T11:18:12.000Z</time></trkpt>
      <trkpt lat="43.636588" lon="-79.443424"><ele>74.2</ele><time>2026-05-31T11:18:13.000Z</time></trkpt>
      <trkpt lat="43.636546" lon="-79.443316"><ele>74.4</ele><time>2026-05-31T11:18:14.000Z</time></trkpt>
      <trkpt lat="43.6365" lon="-79.443208"><ele>74.4</ele><time>2026-05-31T11:18:15.000Z</time></trkpt>
      <trkpt lat="43.636454" lon="-79.443103"><ele>74.4</ele><time>2026-05-31T11:18:16.000Z</time></trkpt>
      <trkpt lat="43.63641" lon="-79.442998"><ele>74.6</ele><time>2026-05-31T11:18:17.000Z</time></trkpt>
      <trkpt lat="43.636364" lon="-79.442895"><ele>74.6</ele><time>2026-05-31T11:18:18.000Z</time></trkpt>
      <trkpt lat="43.636318" lon="-79.442796"><ele>74.8</ele><time>2026-05-31T11:18:19.000Z</time></trkpt>
      <trkpt lat="43.636273" lon="-79.442697"><ele>74.8</ele><time>2026-05-31T11:18:20.000Z</time></trkpt>
      <trkpt lat="43.636229" lon="-79.442596"><ele>74.8</ele><time>2026-05-31T11:18:21.000Z</time></trkpt>
      <trkpt lat="43.636187" lon="-79.442496"><ele>75</ele><time>2026-05-31T11:18:22.000Z</time></trkpt>
      <trkpt lat="43.636144" lon="-79.442396"><ele>75</ele><time>2026-05-31T11:18:23.000Z</time></trkpt>
      <trkpt lat="43.636102" lon="-79.442298"><ele>75</ele><time>2026-05-31T11:18:24.000Z</time></trkpt>
      <trkpt lat="43.636062" lon="-79.442203"><ele>75.2</ele><time>2026-05-31T11:18:25.000Z</time></trkpt>
      <trkpt lat="43.636023" lon="-79.442106"><ele>75.4</ele><time>2026-05-31T11:18:26.000Z</time></trkpt>
      <trkpt lat="43.635983" lon="-79.442009"><ele>75.6</ele><time>2026-05-31T11:18:27.000Z</time></trkpt>
      <trkpt lat="43.635943" lon="-79.441914"><ele>75.6</ele><time>2026-05-31T11:18:28.000Z</time></trkpt>
      <trkpt lat="43.635904" lon="-79.441817"><ele>75.8</ele><time>2026-05-31T11:18:29.000Z</time></trkpt>
      <trkpt lat="43.635867" lon="-79.44172"><ele>75.8</ele><time>2026-05-31T11:18:30.000Z</time></trkpt>
      <trkpt lat="43.635828" lon="-79.441626"><ele>75.8</ele><time>2026-05-31T11:18:31.000Z</time></trkpt>
      <trkpt lat="43.635787" lon="-79.441535"><ele>76</ele><time>2026-05-31T11:18:32.000Z</time></trkpt>
      <trkpt lat="43.635746" lon="-79.441445"><ele>76</ele><time>2026-05-31T11:18:33.000Z</time></trkpt>
      <trkpt lat="43.635708" lon="-79.441353"><ele>76.2</ele><time>2026-05-31T11:18:34.000Z</time></trkpt>
      <trkpt lat="43.63567" lon="-79.441258"><ele>76.4</ele><time>2026-05-31T11:18:35.000Z</time></trkpt>
      <trkpt lat="43.63563" lon="-79.441165"><ele>76.6</ele><time>2026-05-31T11:18:36.000Z</time></trkpt>
      <trkpt lat="43.635589" lon="-79.441077"><ele>76.6</ele><time>2026-05-31T11:18:37.000Z</time></trkpt>
      <trkpt lat="43.635549" lon="-79.440985"><ele>76.8</ele><time>2026-05-31T11:18:38.000Z</time></trkpt>
      <trkpt lat="43.635511" lon="-79.440895"><ele>76.8</ele><time>2026-05-31T11:18:39.000Z</time></trkpt>
      <trkpt lat="43.63547" lon="-79.440806"><ele>77</ele><time>2026-05-31T11:18:40.000Z</time></trkpt>
      <trkpt lat="43.635429" lon="-79.440718"><ele>77.2</ele><time>2026-05-31T11:18:41.000Z</time></trkpt>
      <trkpt lat="43.635392" lon="-79.440628"><ele>77.4</ele><time>2026-05-31T11:18:42.000Z</time></trkpt>
      <trkpt lat="43.635355" lon="-79.440538"><ele>77.4</ele><time>2026-05-31T11:18:43.000Z</time></trkpt>
      <trkpt lat="43.635319" lon="-79.44045"><ele>77.4</ele><time>2026-05-31T11:18:44.000Z</time></trkpt>
      <trkpt lat="43.635282" lon="-79.440361"><ele>77.4</ele><time>2026-05-31T11:18:45.000Z</time></trkpt>
      <trkpt lat="43.635244" lon="-79.440276"><ele>77.4</ele><time>2026-05-31T11:18:46.000Z</time></trkpt>
      <trkpt lat="43.635204" lon="-79.440191"><ele>77.4</ele><time>2026-05-31T11:18:47.000Z</time></trkpt>
      <trkpt lat="43.635163" lon="-79.440107"><ele>77.6</ele><time>2026-05-31T11:18:48.000Z</time></trkpt>
      <trkpt lat="43.635123" lon="-79.440023"><ele>77.8</ele><time>2026-05-31T11:18:49.000Z</time></trkpt>
      <trkpt lat="43.635089" lon="-79.439935"><ele>77.8</ele><time>2026-05-31T11:18:50.000Z</time></trkpt>
      <trkpt lat="43.635054" lon="-79.439843"><ele>77.8</ele><time>2026-05-31T11:18:51.000Z</time></trkpt>
      <trkpt lat="43.635016" lon="-79.439754"><ele>77.8</ele><time>2026-05-31T11:18:52.000Z</time></trkpt>
      <trkpt lat="43.634979" lon="-79.439668"><ele>77.8</ele><time>2026-05-31T11:18:53.000Z</time></trkpt>
      <trkpt lat="43.634941" lon="-79.439585"><ele>77.6</ele><time>2026-05-31T11:18:54.000Z</time></trkpt>
      <trkpt lat="43.634905" lon="-79.439497"><ele>77.6</ele><time>2026-05-31T11:18:55.000Z</time></trkpt>
      <trkpt lat="43.63487" lon="-79.439405"><ele>77.6</ele><time>2026-05-31T11:18:56.000Z</time></trkpt>
      <trkpt lat="43.634833" lon="-79.439315"><ele>77.6</ele><time>2026-05-31T11:18:57.000Z</time></trkpt>
      <trkpt lat="43.634795" lon="-79.439224"><ele>77.4</ele><time>2026-05-31T11:18:58.000Z</time></trkpt>
      <trkpt lat="43.634758" lon="-79.439129"><ele>77.4</ele><time>2026-05-31T11:18:59.000Z</time></trkpt>
      <trkpt lat="43.634718" lon="-79.439036"><ele>77.4</ele><time>2026-05-31T11:19:00.000Z</time></trkpt>
      <trkpt lat="43.634676" lon="-79.438945"><ele>77.4</ele><time>2026-05-31T11:19:01.000Z</time></trkpt>
      <trkpt lat="43.634632" lon="-79.438854"><ele>77.4</ele><time>2026-05-31T11:19:02.000Z</time></trkpt>
      <trkpt lat="43.634584" lon="-79.438763"><ele>77.4</ele><time>2026-05-31T11:19:03.000Z</time></trkpt>
      <trkpt lat="43.634537" lon="-79.438673"><ele>77.2</ele><time>2026-05-31T11:19:04.000Z</time></trkpt>
      <trkpt lat="43.634491" lon="-79.43858"><ele>76.8</ele><time>2026-05-31T11:19:05.000Z</time></trkpt>
      <trkpt lat="43.634456" lon="-79.438479"><ele>76.8</ele><time>2026-05-31T11:19:06.000Z</time></trkpt>
      <trkpt lat="43.634424" lon="-79.438375"><ele>76.6</ele><time>2026-05-31T11:19:07.000Z</time></trkpt>
      <trkpt lat="43.634383" lon="-79.438275"><ele>76.6</ele><time>2026-05-31T11:19:08.000Z</time></trkpt>
      <trkpt lat="43.634341" lon="-79.438181"><ele>76.6</ele><time>2026-05-31T11:19:09.000Z</time></trkpt>
      <trkpt lat="43.634301" lon="-79.438082"><ele>76.6</ele><time>2026-05-31T11:19:10.000Z</time></trkpt>
      <trkpt lat="43.634257" lon="-79.437985"><ele>76.6</ele><time>2026-05-31T11:19:11.000Z</time></trkpt>
      <trkpt lat="43.634215" lon="-79.437888"><ele>76.6</ele><time>2026-05-31T11:19:12.000Z</time></trkpt>
      <trkpt lat="43.634175" lon="-79.43779"><ele>76.4</ele><time>2026-05-31T11:19:13.000Z</time></trkpt>
      <trkpt lat="43.634134" lon="-79.437694"><ele>76.4</ele><time>2026-05-31T11:19:14.000Z</time></trkpt>
      <trkpt lat="43.634089" lon="-79.437596"><ele>76.2</ele><time>2026-05-31T11:19:15.000Z</time></trkpt>
      <trkpt lat="43.634047" lon="-79.437494"><ele>76.2</ele><time>2026-05-31T11:19:16.000Z</time></trkpt>
      <trkpt lat="43.634005" lon="-79.437392"><ele>76</ele><time>2026-05-31T11:19:17.000Z</time></trkpt>
      <trkpt lat="43.633963" lon="-79.437291"><ele>76</ele><time>2026-05-31T11:19:18.000Z</time></trkpt>
      <trkpt lat="43.63392" lon="-79.43719"><ele>76.2</ele><time>2026-05-31T11:19:19.000Z</time></trkpt>
      <trkpt lat="43.633877" lon="-79.43709"><ele>76.2</ele><time>2026-05-31T11:19:20.000Z</time></trkpt>
      <trkpt lat="43.633832" lon="-79.43699"><ele>76.4</ele><time>2026-05-31T11:19:21.000Z</time></trkpt>
      <trkpt lat="43.633789" lon="-79.436886"><ele>76.4</ele><time>2026-05-31T11:19:22.000Z</time></trkpt>
      <trkpt lat="43.633746" lon="-79.436781"><ele>76.4</ele><time>2026-05-31T11:19:23.000Z</time></trkpt>
      <trkpt lat="43.6337" lon="-79.436678"><ele>76.4</ele><time>2026-05-31T11:19:24.000Z</time></trkpt>
      <trkpt lat="43.633656" lon="-79.436575"><ele>76.2</ele><time>2026-05-31T11:19:25.000Z</time></trkpt>
      <trkpt lat="43.63361" lon="-79.436474"><ele>76.2</ele><time>2026-05-31T11:19:26.000Z</time></trkpt>
      <trkpt lat="43.633563" lon="-79.436372"><ele>76</ele><time>2026-05-31T11:19:27.000Z</time></trkpt>
      <trkpt lat="43.633517" lon="-79.436269"><ele>76</ele><time>2026-05-31T11:19:28.000Z</time></trkpt>
      <trkpt lat="43.633474" lon="-79.436168"><ele>76</ele><time>2026-05-31T11:19:29.000Z</time></trkpt>
      <trkpt lat="43.63344" lon="-79.436073"><ele>76</ele><time>2026-05-31T11:19:30.000Z</time></trkpt>
      <trkpt lat="43.6334" lon="-79.435967"><ele>76</ele><time>2026-05-31T11:19:31.000Z</time></trkpt>
      <trkpt lat="43.633349" lon="-79.435861"><ele>76</ele><time>2026-05-31T11:19:32.000Z</time></trkpt>
      <trkpt lat="43.633302" lon="-79.435751"><ele>76</ele><time>2026-05-31T11:19:33.000Z</time></trkpt>
      <trkpt lat="43.633257" lon="-79.435645"><ele>75.8</ele><time>2026-05-31T11:19:34.000Z</time></trkpt>
      <trkpt lat="43.633211" lon="-79.435539"><ele>75.8</ele><time>2026-05-31T11:19:35.000Z</time></trkpt>
      <trkpt lat="43.633165" lon="-79.435433"><ele>75.6</ele><time>2026-05-31T11:19:36.000Z</time></trkpt>
      <trkpt lat="43.633119" lon="-79.435325"><ele>75.6</ele><time>2026-05-31T11:19:37.000Z</time></trkpt>
      <trkpt lat="43.633075" lon="-79.435217"><ele>75.4</ele><time>2026-05-31T11:19:38.000Z</time></trkpt>
      <trkpt lat="43.633032" lon="-79.435109"><ele>75.4</ele><time>2026-05-31T11:19:39.000Z</time></trkpt>
      <trkpt lat="43.632992" lon="-79.435"><ele>75.2</ele><time>2026-05-31T11:19:40.000Z</time></trkpt>
      <trkpt lat="43.632953" lon="-79.43489"><ele>75.2</ele><time>2026-05-31T11:19:41.000Z</time></trkpt>
      <trkpt lat="43.632918" lon="-79.434779"><ele>75.2</ele><time>2026-05-31T11:19:42.000Z</time></trkpt>
      <trkpt lat="43.632884" lon="-79.434667"><ele>75.2</ele><time>2026-05-31T11:19:43.000Z</time></trkpt>
      <trkpt lat="43.632852" lon="-79.434554"><ele>75.2</ele><time>2026-05-31T11:19:44.000Z</time></trkpt>
      <trkpt lat="43.632819" lon="-79.434442"><ele>75.2</ele><time>2026-05-31T11:19:45.000Z</time></trkpt>
      <trkpt lat="43.632786" lon="-79.434334"><ele>75.2</ele><time>2026-05-31T11:19:46.000Z</time></trkpt>
      <trkpt lat="43.632754" lon="-79.434234"><ele>75.2</ele><time>2026-05-31T11:19:47.000Z</time></trkpt>
      <trkpt lat="43.632722" lon="-79.434125"><ele>75</ele><time>2026-05-31T11:19:48.000Z</time></trkpt>
      <trkpt lat="43.63269" lon="-79.434009"><ele>74.8</ele><time>2026-05-31T11:19:49.000Z</time></trkpt>
      <trkpt lat="43.632659" lon="-79.43389"><ele>74.8</ele><time>2026-05-31T11:19:50.000Z</time></trkpt>
      <trkpt lat="43.632631" lon="-79.433772"><ele>74.8</ele><time>2026-05-31T11:19:51.000Z</time></trkpt>
      <trkpt lat="43.632608" lon="-79.433654"><ele>74.8</ele><time>2026-05-31T11:19:52.000Z</time></trkpt>
      <trkpt lat="43.632588" lon="-79.433535"><ele>74.8</ele><time>2026-05-31T11:19:53.000Z</time></trkpt>
      <trkpt lat="43.632567" lon="-79.433417"><ele>74.8</ele><time>2026-05-31T11:19:54.000Z</time></trkpt>
      <trkpt lat="43.632541" lon="-79.433304"><ele>74.8</ele><time>2026-05-31T11:19:55.000Z</time></trkpt>
      <trkpt lat="43.632518" lon="-79.433191"><ele>74.6</ele><time>2026-05-31T11:19:56.000Z</time></trkpt>
      <trkpt lat="43.632502" lon="-79.433078"><ele>74.8</ele><time>2026-05-31T11:19:57.000Z</time></trkpt>
      <trkpt lat="43.632487" lon="-79.432959"><ele>74.8</ele><time>2026-05-31T11:19:58.000Z</time></trkpt>
      <trkpt lat="43.632472" lon="-79.432842"><ele>75</ele><time>2026-05-31T11:19:59.000Z</time></trkpt>
      <trkpt lat="43.632457" lon="-79.432728"><ele>74.8</ele><time>2026-05-31T11:20:00.000Z</time></trkpt>
      <trkpt lat="43.632446" lon="-79.432613"><ele>75</ele><time>2026-05-31T11:20:01.000Z</time></trkpt>
      <trkpt lat="43.632433" lon="-79.432501"><ele>74.8</ele><time>2026-05-31T11:20:02.000Z</time></trkpt>
      <trkpt lat="43.632422" lon="-79.432388"><ele>74.8</ele><time>2026-05-31T11:20:03.000Z</time></trkpt>
      <trkpt lat="43.632415" lon="-79.432276"><ele>75</ele><time>2026-05-31T11:20:04.000Z</time></trkpt>
      <trkpt lat="43.632407" lon="-79.432162"><ele>75</ele><time>2026-05-31T11:20:05.000Z</time></trkpt>
      <trkpt lat="43.632398" lon="-79.432048"><ele>75</ele><time>2026-05-31T11:20:06.000Z</time></trkpt>
      <trkpt lat="43.632389" lon="-79.431936"><ele>75.2</ele><time>2026-05-31T11:20:07.000Z</time></trkpt>
      <trkpt lat="43.632382" lon="-79.431827"><ele>75.4</ele><time>2026-05-31T11:20:08.000Z</time></trkpt>
      <trkpt lat="43.632381" lon="-79.431716"><ele>75.2</ele><time>2026-05-31T11:20:09.000Z</time></trkpt>
      <trkpt lat="43.63238" lon="-79.431603"><ele>75.4</ele><time>2026-05-31T11:20:10.000Z</time></trkpt>
      <trkpt lat="43.63238" lon="-79.431492"><ele>75.4</ele><time>2026-05-31T11:20:11.000Z</time></trkpt>
      <trkpt lat="43.632382" lon="-79.431383"><ele>75.2</ele><time>2026-05-31T11:20:12.000Z</time></trkpt>
      <trkpt lat="43.632388" lon="-79.43127"><ele>75.4</ele><time>2026-05-31T11:20:13.000Z</time></trkpt>
      <trkpt lat="43.632398" lon="-79.431155"><ele>75.6</ele><time>2026-05-31T11:20:14.000Z</time></trkpt>
      <trkpt lat="43.632406" lon="-79.431042"><ele>75.6</ele><time>2026-05-31T11:20:15.000Z</time></trkpt>
      <trkpt lat="43.632411" lon="-79.430932"><ele>75.8</ele><time>2026-05-31T11:20:16.000Z</time></trkpt>
      <trkpt lat="43.632419" lon="-79.430834"><ele>75.8</ele><time>2026-05-31T11:20:17.000Z</time></trkpt>
      <trkpt lat="43.632427" lon="-79.430741"><ele>76</ele><time>2026-05-31T11:20:18.000Z</time></trkpt>
      <trkpt lat="43.632439" lon="-79.430632"><ele>76</ele><time>2026-05-31T11:20:19.000Z</time></trkpt>
      <trkpt lat="43.632449" lon="-79.430516"><ele>76</ele><time>2026-05-31T11:20:20.000Z</time></trkpt>
      <trkpt lat="43.632459" lon="-79.430402"><ele>76.2</ele><time>2026-05-31T11:20:21.000Z</time></trkpt>
      <trkpt lat="43.632474" lon="-79.430291"><ele>76.2</ele><time>2026-05-31T11:20:22.000Z</time></trkpt>
      <trkpt lat="43.632495" lon="-79.430185"><ele>76.4</ele><time>2026-05-31T11:20:23.000Z</time></trkpt>
      <trkpt lat="43.632514" lon="-79.430073"><ele>76.4</ele><time>2026-05-31T11:20:24.000Z</time></trkpt>
      <trkpt lat="43.632533" lon="-79.429964"><ele>76.4</ele><time>2026-05-31T11:20:25.000Z</time></trkpt>
      <trkpt lat="43.632552" lon="-79.429853"><ele>76.4</ele><time>2026-05-31T11:20:26.000Z</time></trkpt>
      <trkpt lat="43.632573" lon="-79.429747"><ele>76.4</ele><time>2026-05-31T11:20:27.000Z</time></trkpt>
      <trkpt lat="43.632593" lon="-79.429641"><ele>76.6</ele><time>2026-05-31T11:20:28.000Z</time></trkpt>
      <trkpt lat="43.632612" lon="-79.42954"><ele>76.4</ele><time>2026-05-31T11:20:29.000Z</time></trkpt>
      <trkpt lat="43.63263" lon="-79.42944"><ele>76.6</ele><time>2026-05-31T11:20:30.000Z</time></trkpt>
      <trkpt lat="43.632648" lon="-79.429339"><ele>76.6</ele><time>2026-05-31T11:20:31.000Z</time></trkpt>
      <trkpt lat="43.632668" lon="-79.429241"><ele>76.8</ele><time>2026-05-31T11:20:32.000Z</time></trkpt>
      <trkpt lat="43.632692" lon="-79.429147"><ele>76.6</ele><time>2026-05-31T11:20:33.000Z</time></trkpt>
      <trkpt lat="43.632716" lon="-79.429056"><ele>76.6</ele><time>2026-05-31T11:20:34.000Z</time></trkpt>
      <trkpt lat="43.632738" lon="-79.42896"><ele>76.6</ele><time>2026-05-31T11:20:35.000Z</time></trkpt>
      <trkpt lat="43.632759" lon="-79.428867"><ele>76.8</ele><time>2026-05-31T11:20:36.000Z</time></trkpt>
      <trkpt lat="43.632783" lon="-79.42878"><ele>76.8</ele><time>2026-05-31T11:20:37.000Z</time></trkpt>
      <trkpt lat="43.632804" lon="-79.428693"><ele>77</ele><time>2026-05-31T11:20:38.000Z</time></trkpt>
      <trkpt lat="43.632827" lon="-79.428608"><ele>77</ele><time>2026-05-31T11:20:39.000Z</time></trkpt>
      <trkpt lat="43.63285" lon="-79.428529"><ele>77</ele><time>2026-05-31T11:20:40.000Z</time></trkpt>
      <trkpt lat="43.632873" lon="-79.428452"><ele>77</ele><time>2026-05-31T11:20:41.000Z</time></trkpt>
      <trkpt lat="43.632892" lon="-79.428376"><ele>77</ele><time>2026-05-31T11:20:42.000Z</time></trkpt>
      <trkpt lat="43.632911" lon="-79.428303"><ele>77.2</ele><time>2026-05-31T11:20:43.000Z</time></trkpt>
      <trkpt lat="43.632936" lon="-79.42823"><ele>77.2</ele><time>2026-05-31T11:20:44.000Z</time></trkpt>
      <trkpt lat="43.632958" lon="-79.428168"><ele>77.4</ele><time>2026-05-31T11:20:45.000Z</time></trkpt>
      <trkpt lat="43.632975" lon="-79.428098"><ele>77.6</ele><time>2026-05-31T11:20:46.000Z</time></trkpt>
      <trkpt lat="43.632988" lon="-79.428027"><ele>77.6</ele><time>2026-05-31T11:20:47.000Z</time></trkpt>
      <trkpt lat="43.633007" lon="-79.427962"><ele>77.6</ele><time>2026-05-31T11:20:48.000Z</time></trkpt>
      <trkpt lat="43.633026" lon="-79.427898"><ele>77.8</ele><time>2026-05-31T11:20:49.000Z</time></trkpt>
      <trkpt lat="43.633042" lon="-79.427835"><ele>77.8</ele><time>2026-05-31T11:20:50.000Z</time></trkpt>
      <trkpt lat="43.633055" lon="-79.427772"><ele>77.8</ele><time>2026-05-31T11:20:51.000Z</time></trkpt>
      <trkpt lat="43.633068" lon="-79.427711"><ele>77.6</ele><time>2026-05-31T11:20:52.000Z</time></trkpt>
      <trkpt lat="43.633084" lon="-79.427653"><ele>77.8</ele><time>2026-05-31T11:20:53.000Z</time></trkpt>
      <trkpt lat="43.633099" lon="-79.427597"><ele>77.8</ele><time>2026-05-31T11:20:54.000Z</time></trkpt>
      <trkpt lat="43.633113" lon="-79.427544"><ele>77.8</ele><time>2026-05-31T11:20:55.000Z</time></trkpt>
      <trkpt lat="43.633131" lon="-79.427493"><ele>78</ele><time>2026-05-31T11:20:56.000Z</time></trkpt>
      <trkpt lat="43.633145" lon="-79.427443"><ele>78</ele><time>2026-05-31T11:20:57.000Z</time></trkpt>
      <trkpt lat="43.633155" lon="-79.427394"><ele>78</ele><time>2026-05-31T11:20:58.000Z</time></trkpt>
      <trkpt lat="43.633167" lon="-79.427347"><ele>78</ele><time>2026-05-31T11:20:59.000Z</time></trkpt>
      <trkpt lat="43.633181" lon="-79.427301"><ele>78</ele><time>2026-05-31T11:21:00.000Z</time></trkpt>
      <trkpt lat="43.633193" lon="-79.427253"><ele>78.2</ele><time>2026-05-31T11:21:01.000Z</time></trkpt>
      <trkpt lat="43.633204" lon="-79.427197"><ele>78.2</ele><time>2026-05-31T11:21:02.000Z</time></trkpt>
      <trkpt lat="43.63322" lon="-79.427142"><ele>78.4</ele><time>2026-05-31T11:21:03.000Z</time></trkpt>
      <trkpt lat="43.633235" lon="-79.427088"><ele>78.4</ele><time>2026-05-31T11:21:04.000Z</time></trkpt>
      <trkpt lat="43.633249" lon="-79.427034"><ele>78.4</ele><time>2026-05-31T11:21:05.000Z</time></trkpt>
      <trkpt lat="43.633261" lon="-79.426977"><ele>78.6</ele><time>2026-05-31T11:21:06.000Z</time></trkpt>
      <trkpt lat="43.633277" lon="-79.426921"><ele>78.4</ele><time>2026-05-31T11:21:07.000Z</time></trkpt>
      <trkpt lat="43.633298" lon="-79.426864"><ele>78.4</ele><time>2026-05-31T11:21:08.000Z</time></trkpt>
      <trkpt lat="43.633318" lon="-79.4268"><ele>78.4</ele><time>2026-05-31T11:21:09.000Z</time></trkpt>
      <trkpt lat="43.633336" lon="-79.426732"><ele>78.4</ele><time>2026-05-31T11:21:10.000Z</time></trkpt>
      <trkpt lat="43.633356" lon="-79.426661"><ele>78.4</ele><time>2026-05-31T11:21:11.000Z</time></trkpt>
      <trkpt lat="43.633375" lon="-79.426589"><ele>78.4</ele><time>2026-05-31T11:21:12.000Z</time></trkpt>
      <trkpt lat="43.633397" lon="-79.426511"><ele>78.2</ele><time>2026-05-31T11:21:13.000Z</time></trkpt>
      <trkpt lat="43.633419" lon="-79.426433"><ele>78.2</ele><time>2026-05-31T11:21:14.000Z</time></trkpt>
      <trkpt lat="43.633444" lon="-79.42635"><ele>78.2</ele><time>2026-05-31T11:21:15.000Z</time></trkpt>
      <trkpt lat="43.633469" lon="-79.426265"><ele>78.2</ele><time>2026-05-31T11:21:16.000Z</time></trkpt>
      <trkpt lat="43.633498" lon="-79.426181"><ele>78.2</ele><time>2026-05-31T11:21:17.000Z</time></trkpt>
      <trkpt lat="43.633523" lon="-79.426093"><ele>78.2</ele><time>2026-05-31T11:21:18.000Z</time></trkpt>
      <trkpt lat="43.63355" lon="-79.426007"><ele>78.2</ele><time>2026-05-31T11:21:19.000Z</time></trkpt>
      <trkpt lat="43.633576" lon="-79.425918"><ele>78.4</ele><time>2026-05-31T11:21:20.000Z</time></trkpt>
      <trkpt lat="43.633603" lon="-79.425831"><ele>78.4</ele><time>2026-05-31T11:21:21.000Z</time></trkpt>
      <trkpt lat="43.63363" lon="-79.42574"><ele>78.8</ele><time>2026-05-31T11:21:22.000Z</time></trkpt>
      <trkpt lat="43.633655" lon="-79.425646"><ele>79</ele><time>2026-05-31T11:21:23.000Z</time></trkpt>
      <trkpt lat="43.633678" lon="-79.425556"><ele>79.4</ele><time>2026-05-31T11:21:24.000Z</time></trkpt>
      <trkpt lat="43.6337" lon="-79.425472"><ele>79.4</ele><time>2026-05-31T11:21:25.000Z</time></trkpt>
      <trkpt lat="43.63372" lon="-79.425387"><ele>79.8</ele><time>2026-05-31T11:21:26.000Z</time></trkpt>
      <trkpt lat="43.633728" lon="-79.425328"><ele>80</ele><time>2026-05-31T11:21:27.000Z</time></trkpt>
      <trkpt lat="43.63375" lon="-79.425266"><ele>80</ele><time>2026-05-31T11:21:28.000Z</time></trkpt>
      <trkpt lat="43.633772" lon="-79.425189"><ele>80.2</ele><time>2026-05-31T11:21:29.000Z</time></trkpt>
      <trkpt lat="43.633797" lon="-79.425112"><ele>80.2</ele><time>2026-05-31T11:21:30.000Z</time></trkpt>
      <trkpt lat="43.633815" lon="-79.425035"><ele>80.4</ele><time>2026-05-31T11:21:31.000Z</time></trkpt>
      <trkpt lat="43.633834" lon="-79.424962"><ele>80.6</ele><time>2026-05-31T11:21:32.000Z</time></trkpt>
      <trkpt lat="43.633855" lon="-79.424892"><ele>80.6</ele><time>2026-05-31T11:21:33.000Z</time></trkpt>
      <trkpt lat="43.633874" lon="-79.424825"><ele>80.8</ele><time>2026-05-31T11:21:34.000Z</time></trkpt>
      <trkpt lat="43.633888" lon="-79.424757"><ele>80.8</ele><time>2026-05-31T11:21:35.000Z</time></trkpt>
      <trkpt lat="43.6339" lon="-79.424691"><ele>81</ele><time>2026-05-31T11:21:36.000Z</time></trkpt>
      <trkpt lat="43.633915" lon="-79.424625"><ele>81.2</ele><time>2026-05-31T11:21:37.000Z</time></trkpt>
      <trkpt lat="43.633932" lon="-79.42456"><ele>81.4</ele><time>2026-05-31T11:21:38.000Z</time></trkpt>
      <trkpt lat="43.633951" lon="-79.424496"><ele>81.6</ele><time>2026-05-31T11:21:39.000Z</time></trkpt>
      <trkpt lat="43.633971" lon="-79.424432"><ele>81.6</ele><time>2026-05-31T11:21:40.000Z</time></trkpt>
      <trkpt lat="43.633991" lon="-79.424369"><ele>81.8</ele><time>2026-05-31T11:21:41.000Z</time></trkpt>
      <trkpt lat="43.634009" lon="-79.424307"><ele>82</ele><time>2026-05-31T11:21:42.000Z</time></trkpt>
      <trkpt lat="43.634027" lon="-79.424246"><ele>82.2</ele><time>2026-05-31T11:21:43.000Z</time></trkpt>
      <trkpt lat="43.634048" lon="-79.424186"><ele>82.2</ele><time>2026-05-31T11:21:44.000Z</time></trkpt>
      <trkpt lat="43.634067" lon="-79.424128"><ele>82.4</ele><time>2026-05-31T11:21:45.000Z</time></trkpt>
      <trkpt lat="43.634083" lon="-79.424068"><ele>82.6</ele><time>2026-05-31T11:21:46.000Z</time></trkpt>
      <trkpt lat="43.634098" lon="-79.424006"><ele>82.8</ele><time>2026-05-31T11:21:47.000Z</time></trkpt>
      <trkpt lat="43.634113" lon="-79.423945"><ele>83</ele><time>2026-05-31T11:21:48.000Z</time></trkpt>
      <trkpt lat="43.634128" lon="-79.423886"><ele>83.2</ele><time>2026-05-31T11:21:49.000Z</time></trkpt>
      <trkpt lat="43.634142" lon="-79.423826"><ele>83.4</ele><time>2026-05-31T11:21:50.000Z</time></trkpt>
      <trkpt lat="43.634158" lon="-79.423766"><ele>83.6</ele><time>2026-05-31T11:21:51.000Z</time></trkpt>
      <trkpt lat="43.634177" lon="-79.423711"><ele>83.8</ele><time>2026-05-31T11:21:52.000Z</time></trkpt>
      <trkpt lat="43.634196" lon="-79.42365"><ele>83.8</ele><time>2026-05-31T11:21:53.000Z</time></trkpt>
      <trkpt lat="43.634213" lon="-79.423591"><ele>84</ele><time>2026-05-31T11:21:54.000Z</time></trkpt>
      <trkpt lat="43.634231" lon="-79.423531"><ele>84.2</ele><time>2026-05-31T11:21:55.000Z</time></trkpt>
      <trkpt lat="43.634249" lon="-79.423472"><ele>84.4</ele><time>2026-05-31T11:21:56.000Z</time></trkpt>
      <trkpt lat="43.634265" lon="-79.423414"><ele>84.6</ele><time>2026-05-31T11:21:57.000Z</time></trkpt>
      <trkpt lat="43.634282" lon="-79.423359"><ele>84.8</ele><time>2026-05-31T11:21:58.000Z</time></trkpt>
      <trkpt lat="43.634298" lon="-79.423298"><ele>84.8</ele><time>2026-05-31T11:21:59.000Z</time></trkpt>
      <trkpt lat="43.634314" lon="-79.423232"><ele>85</ele><time>2026-05-31T11:22:00.000Z</time></trkpt>
      <trkpt lat="43.634331" lon="-79.423161"><ele>85</ele><time>2026-05-31T11:22:01.000Z</time></trkpt>
      <trkpt lat="43.634353" lon="-79.423082"><ele>85</ele><time>2026-05-31T11:22:02.000Z</time></trkpt>
      <trkpt lat="43.634375" lon="-79.423004"><ele>85.2</ele><time>2026-05-31T11:22:03.000Z</time></trkpt>
      <trkpt lat="43.634391" lon="-79.42293"><ele>85.2</ele><time>2026-05-31T11:22:04.000Z</time></trkpt>
      <trkpt lat="43.634413" lon="-79.42286"><ele>85.4</ele><time>2026-05-31T11:22:05.000Z</time></trkpt>
      <trkpt lat="43.634434" lon="-79.422793"><ele>85.6</ele><time>2026-05-31T11:22:06.000Z</time></trkpt>
      <trkpt lat="43.634452" lon="-79.422727"><ele>85.8</ele><time>2026-05-31T11:22:07.000Z</time></trkpt>
      <trkpt lat="43.63447" lon="-79.422666"><ele>85.8</ele><time>2026-05-31T11:22:08.000Z</time></trkpt>
      <trkpt lat="43.634488" lon="-79.422607"><ele>86.2</ele><time>2026-05-31T11:22:09.000Z</time></trkpt>
      <trkpt lat="43.634505" lon="-79.422551"><ele>86.4</ele><time>2026-05-31T11:22:10.000Z</time></trkpt>
      <trkpt lat="43.634521" lon="-79.422494"><ele>86.6</ele><time>2026-05-31T11:22:11.000Z</time></trkpt>
      <trkpt lat="43.634534" lon="-79.422435"><ele>86.8</ele><time>2026-05-31T11:22:12.000Z</time></trkpt>
      <trkpt lat="43.634548" lon="-79.422376"><ele>87.2</ele><time>2026-05-31T11:22:13.000Z</time></trkpt>
      <trkpt lat="43.634563" lon="-79.422318"><ele>87.4</ele><time>2026-05-31T11:22:14.000Z</time></trkpt>
      <trkpt lat="43.634579" lon="-79.422262"><ele>87.4</ele><time>2026-05-31T11:22:15.000Z</time></trkpt>
      <trkpt lat="43.634598" lon="-79.422206"><ele>87.6</ele><time>2026-05-31T11:22:16.000Z</time></trkpt>
      <trkpt lat="43.634615" lon="-79.422151"><ele>87.8</ele><time>2026-05-31T11:22:17.000Z</time></trkpt>
      <trkpt lat="43.634631" lon="-79.422095"><ele>87.8</ele><time>2026-05-31T11:22:18.000Z</time></trkpt>
      <trkpt lat="43.634646" lon="-79.422042"><ele>88</ele><time>2026-05-31T11:22:19.000Z</time></trkpt>
      <trkpt lat="43.634662" lon="-79.421986"><ele>88.2</ele><time>2026-05-31T11:22:20.000Z</time></trkpt>
      <trkpt lat="43.634678" lon="-79.421932"><ele>88.4</ele><time>2026-05-31T11:22:21.000Z</time></trkpt>
      <trkpt lat="43.634696" lon="-79.421878"><ele>88.6</ele><time>2026-05-31T11:22:22.000Z</time></trkpt>
      <trkpt lat="43.63471" lon="-79.421821"><ele>88.8</ele><time>2026-05-31T11:22:23.000Z</time></trkpt>
      <trkpt lat="43.634726" lon="-79.421765"><ele>88.8</ele><time>2026-05-31T11:22:24.000Z</time></trkpt>
      <trkpt lat="43.634743" lon="-79.421713"><ele>89</ele><time>2026-05-31T11:22:25.000Z</time></trkpt>
      <trkpt lat="43.63476" lon="-79.421663"><ele>89.2</ele><time>2026-05-31T11:22:26.000Z</time></trkpt>
      <trkpt lat="43.634778" lon="-79.421613"><ele>89.4</ele><time>2026-05-31T11:22:27.000Z</time></trkpt>
      <trkpt lat="43.634792" lon="-79.421562"><ele>89.6</ele><time>2026-05-31T11:22:28.000Z</time></trkpt>
      <trkpt lat="43.634802" lon="-79.421509"><ele>89.6</ele><time>2026-05-31T11:22:29.000Z</time></trkpt>
      <trkpt lat="43.634813" lon="-79.421456"><ele>89.8</ele><time>2026-05-31T11:22:30.000Z</time></trkpt>
      <trkpt lat="43.634829" lon="-79.421403"><ele>89.8</ele><time>2026-05-31T11:22:31.000Z</time></trkpt>
      <trkpt lat="43.634844" lon="-79.42135"><ele>90</ele><time>2026-05-31T11:22:32.000Z</time></trkpt>
      <trkpt lat="43.63486" lon="-79.421299"><ele>90</ele><time>2026-05-31T11:22:33.000Z</time></trkpt>
      <trkpt lat="43.634875" lon="-79.421246"><ele>90.2</ele><time>2026-05-31T11:22:34.000Z</time></trkpt>
      <trkpt lat="43.634889" lon="-79.421192"><ele>90.2</ele><time>2026-05-31T11:22:35.000Z</time></trkpt>
      <trkpt lat="43.634901" lon="-79.421137"><ele>90.4</ele><time>2026-05-31T11:22:36.000Z</time></trkpt>
      <trkpt lat="43.634915" lon="-79.421084"><ele>90.4</ele><time>2026-05-31T11:22:37.000Z</time></trkpt>
      <trkpt lat="43.634931" lon="-79.42103"><ele>90.6</ele><time>2026-05-31T11:22:38.000Z</time></trkpt>
      <trkpt lat="43.634946" lon="-79.420971"><ele>90.6</ele><time>2026-05-31T11:22:39.000Z</time></trkpt>
      <trkpt lat="43.634963" lon="-79.420915"><ele>90.8</ele><time>2026-05-31T11:22:40.000Z</time></trkpt>
      <trkpt lat="43.634981" lon="-79.42086"><ele>90.8</ele><time>2026-05-31T11:22:41.000Z</time></trkpt>
      <trkpt lat="43.634996" lon="-79.420805"><ele>91</ele><time>2026-05-31T11:22:42.000Z</time></trkpt>
      <trkpt lat="43.635012" lon="-79.420749"><ele>91</ele><time>2026-05-31T11:22:43.000Z</time></trkpt>
      <trkpt lat="43.635028" lon="-79.420694"><ele>91.2</ele><time>2026-05-31T11:22:44.000Z</time></trkpt>
      <trkpt lat="43.635046" lon="-79.420638"><ele>91.2</ele><time>2026-05-31T11:22:45.000Z</time></trkpt>
      <trkpt lat="43.635063" lon="-79.420581"><ele>91.2</ele><time>2026-05-31T11:22:46.000Z</time></trkpt>
      <trkpt lat="43.635081" lon="-79.420521"><ele>91.4</ele><time>2026-05-31T11:22:47.000Z</time></trkpt>
      <trkpt lat="43.635097" lon="-79.42046"><ele>91.4</ele><time>2026-05-31T11:22:48.000Z</time></trkpt>
      <trkpt lat="43.635112" lon="-79.420397"><ele>91.4</ele><time>2026-05-31T11:22:49.000Z</time></trkpt>
      <trkpt lat="43.635129" lon="-79.420335"><ele>91.6</ele><time>2026-05-31T11:22:50.000Z</time></trkpt>
      <trkpt lat="43.635146" lon="-79.420271"><ele>91.6</ele><time>2026-05-31T11:22:51.000Z</time></trkpt>
      <trkpt lat="43.635165" lon="-79.42021"><ele>91.4</ele><time>2026-05-31T11:22:52.000Z</time></trkpt>
      <trkpt lat="43.635183" lon="-79.420148"><ele>91.4</ele><time>2026-05-31T11:22:53.000Z</time></trkpt>
      <trkpt lat="43.635199" lon="-79.420084"><ele>91.4</ele><time>2026-05-31T11:22:54.000Z</time></trkpt>
      <trkpt lat="43.635218" lon="-79.420019"><ele>91.2</ele><time>2026-05-31T11:22:55.000Z</time></trkpt>
      <trkpt lat="43.635238" lon="-79.419953"><ele>91.2</ele><time>2026-05-31T11:22:56.000Z</time></trkpt>
      <trkpt lat="43.635258" lon="-79.419883"><ele>91.4</ele><time>2026-05-31T11:22:57.000Z</time></trkpt>
      <trkpt lat="43.635277" lon="-79.419815"><ele>91.4</ele><time>2026-05-31T11:22:58.000Z</time></trkpt>
      <trkpt lat="43.635296" lon="-79.419747"><ele>91.4</ele><time>2026-05-31T11:22:59.000Z</time></trkpt>
      <trkpt lat="43.635316" lon="-79.419679"><ele>91.4</ele><time>2026-05-31T11:23:00.000Z</time></trkpt>
      <trkpt lat="43.635333" lon="-79.41961"><ele>91.4</ele><time>2026-05-31T11:23:01.000Z</time></trkpt>
      <trkpt lat="43.635353" lon="-79.419535"><ele>91.4</ele><time>2026-05-31T11:23:02.000Z</time></trkpt>
      <trkpt lat="43.635373" lon="-79.419462"><ele>91.2</ele><time>2026-05-31T11:23:03.000Z</time></trkpt>
      <trkpt lat="43.635396" lon="-79.419385"><ele>91.2</ele><time>2026-05-31T11:23:04.000Z</time></trkpt>
      <trkpt lat="43.635417" lon="-79.419309"><ele>91.2</ele><time>2026-05-31T11:23:05.000Z</time></trkpt>
      <trkpt lat="43.635442" lon="-79.419227"><ele>91</ele><time>2026-05-31T11:23:06.000Z</time></trkpt>
      <trkpt lat="43.635467" lon="-79.419148"><ele>91</ele><time>2026-05-31T11:23:07.000Z</time></trkpt>
      <trkpt lat="43.635491" lon="-79.419066"><ele>90.8</ele><time>2026-05-31T11:23:08.000Z</time></trkpt>
      <trkpt lat="43.635515" lon="-79.418982"><ele>90.8</ele><time>2026-05-31T11:23:09.000Z</time></trkpt>
      <trkpt lat="43.63554" lon="-79.418897"><ele>90.8</ele><time>2026-05-31T11:23:10.000Z</time></trkpt>
      <trkpt lat="43.635562" lon="-79.41881"><ele>90.6</ele><time>2026-05-31T11:23:11.000Z</time></trkpt>
      <trkpt lat="43.635588" lon="-79.418727"><ele>90.6</ele><time>2026-05-31T11:23:12.000Z</time></trkpt>
      <trkpt lat="43.635611" lon="-79.418643"><ele>90.6</ele><time>2026-05-31T11:23:13.000Z</time></trkpt>
      <trkpt lat="43.635632" lon="-79.418556"><ele>90.4</ele><time>2026-05-31T11:23:14.000Z</time></trkpt>
      <trkpt lat="43.635655" lon="-79.418467"><ele>90.4</ele><time>2026-05-31T11:23:15.000Z</time></trkpt>
      <trkpt lat="43.63568" lon="-79.418377"><ele>90.2</ele><time>2026-05-31T11:23:16.000Z</time></trkpt>
      <trkpt lat="43.635706" lon="-79.418288"><ele>90.2</ele><time>2026-05-31T11:23:17.000Z</time></trkpt>
      <trkpt lat="43.63573" lon="-79.418198"><ele>90.2</ele><time>2026-05-31T11:23:18.000Z</time></trkpt>
      <trkpt lat="43.635754" lon="-79.418111"><ele>90.2</ele><time>2026-05-31T11:23:19.000Z</time></trkpt>
      <trkpt lat="43.635778" lon="-79.418022"><ele>90.2</ele><time>2026-05-31T11:23:20.000Z</time></trkpt>
      <trkpt lat="43.635803" lon="-79.417928"><ele>90</ele><time>2026-05-31T11:23:21.000Z</time></trkpt>
      <trkpt lat="43.635828" lon="-79.417835"><ele>90</ele><time>2026-05-31T11:23:22.000Z</time></trkpt>
      <trkpt lat="43.635857" lon="-79.417746"><ele>90</ele><time>2026-05-31T11:23:23.000Z</time></trkpt>
      <trkpt lat="43.635884" lon="-79.417657"><ele>90</ele><time>2026-05-31T11:23:24.000Z</time></trkpt>
      <trkpt lat="43.635908" lon="-79.417564"><ele>89.8</ele><time>2026-05-31T11:23:25.000Z</time></trkpt>
      <trkpt lat="43.635931" lon="-79.417472"><ele>89.8</ele><time>2026-05-31T11:23:26.000Z</time></trkpt>
      <trkpt lat="43.635957" lon="-79.417385"><ele>89.8</ele><time>2026-05-31T11:23:27.000Z</time></trkpt>
      <trkpt lat="43.635983" lon="-79.417296"><ele>89.6</ele><time>2026-05-31T11:23:28.000Z</time></trkpt>
      <trkpt lat="43.636008" lon="-79.417205"><ele>89.6</ele><time>2026-05-31T11:23:29.000Z</time></trkpt>
      <trkpt lat="43.636032" lon="-79.41711"><ele>89.6</ele><time>2026-05-31T11:23:30.000Z</time></trkpt>
      <trkpt lat="43.636058" lon="-79.417019"><ele>89.6</ele><time>2026-05-31T11:23:31.000Z</time></trkpt>
      <trkpt lat="43.636088" lon="-79.416933"><ele>89.6</ele><time>2026-05-31T11:23:32.000Z</time></trkpt>
      <trkpt lat="43.636114" lon="-79.416846"><ele>89.6</ele><time>2026-05-31T11:23:33.000Z</time></trkpt>
      <trkpt lat="43.636139" lon="-79.416754"><ele>89.6</ele><time>2026-05-31T11:23:34.000Z</time></trkpt>
      <trkpt lat="43.636161" lon="-79.416657"><ele>89.6</ele><time>2026-05-31T11:23:35.000Z</time></trkpt>
      <trkpt lat="43.636186" lon="-79.416565"><ele>89.6</ele><time>2026-05-31T11:23:36.000Z</time></trkpt>
      <trkpt lat="43.636214" lon="-79.416474"><ele>89.6</ele><time>2026-05-31T11:23:37.000Z</time></trkpt>
      <trkpt lat="43.636241" lon="-79.416387"><ele>89.6</ele><time>2026-05-31T11:23:38.000Z</time></trkpt>
      <trkpt lat="43.636267" lon="-79.416297"><ele>89.6</ele><time>2026-05-31T11:23:39.000Z</time></trkpt>
      <trkpt lat="43.63629" lon="-79.416207"><ele>89.6</ele><time>2026-05-31T11:23:40.000Z</time></trkpt>
      <trkpt lat="43.636311" lon="-79.416118"><ele>89.8</ele><time>2026-05-31T11:23:41.000Z</time></trkpt>
      <trkpt lat="43.63633" lon="-79.416026"><ele>89.8</ele><time>2026-05-31T11:23:42.000Z</time></trkpt>
      <trkpt lat="43.636355" lon="-79.415936"><ele>89.8</ele><time>2026-05-31T11:23:43.000Z</time></trkpt>
      <trkpt lat="43.636382" lon="-79.415846"><ele>90</ele><time>2026-05-31T11:23:44.000Z</time></trkpt>
      <trkpt lat="43.636408" lon="-79.415758"><ele>90</ele><time>2026-05-31T11:23:45.000Z</time></trkpt>
      <trkpt lat="43.636432" lon="-79.415669"><ele>90</ele><time>2026-05-31T11:23:46.000Z</time></trkpt>
      <trkpt lat="43.636458" lon="-79.415583"><ele>90.2</ele><time>2026-05-31T11:23:47.000Z</time></trkpt>
      <trkpt lat="43.636485" lon="-79.415492"><ele>90.2</ele><time>2026-05-31T11:23:48.000Z</time></trkpt>
      <trkpt lat="43.636511" lon="-79.415405"><ele>90.2</ele><time>2026-05-31T11:23:49.000Z</time></trkpt>
      <trkpt lat="43.636537" lon="-79.415319"><ele>90.4</ele><time>2026-05-31T11:23:50.000Z</time></trkpt>
      <trkpt lat="43.636562" lon="-79.415228"><ele>90.4</ele><time>2026-05-31T11:23:51.000Z</time></trkpt>
      <trkpt lat="43.636585" lon="-79.415136"><ele>90.4</ele><time>2026-05-31T11:23:52.000Z</time></trkpt>
      <trkpt lat="43.636607" lon="-79.415045"><ele>90.6</ele><time>2026-05-31T11:23:53.000Z</time></trkpt>
      <trkpt lat="43.636628" lon="-79.414952"><ele>90.6</ele><time>2026-05-31T11:23:54.000Z</time></trkpt>
      <trkpt lat="43.636651" lon="-79.414862"><ele>90.8</ele><time>2026-05-31T11:23:55.000Z</time></trkpt>
      <trkpt lat="43.636676" lon="-79.414773"><ele>90.8</ele><time>2026-05-31T11:23:56.000Z</time></trkpt>
      <trkpt lat="43.636703" lon="-79.414685"><ele>90.8</ele><time>2026-05-31T11:23:57.000Z</time></trkpt>
      <trkpt lat="43.63673" lon="-79.414596"><ele>90.8</ele><time>2026-05-31T11:23:58.000Z</time></trkpt>
      <trkpt lat="43.636755" lon="-79.414504"><ele>90.8</ele><time>2026-05-31T11:23:59.000Z</time></trkpt>
      <trkpt lat="43.636783" lon="-79.414416"><ele>91</ele><time>2026-05-31T11:24:00.000Z</time></trkpt>
      <trkpt lat="43.636808" lon="-79.414323"><ele>91</ele><time>2026-05-31T11:24:01.000Z</time></trkpt>
      <trkpt lat="43.636837" lon="-79.414231"><ele>91</ele><time>2026-05-31T11:24:02.000Z</time></trkpt>
      <trkpt lat="43.636865" lon="-79.414138"><ele>91</ele><time>2026-05-31T11:24:03.000Z</time></trkpt>
      <trkpt lat="43.63689" lon="-79.414046"><ele>91.2</ele><time>2026-05-31T11:24:04.000Z</time></trkpt>
      <trkpt lat="43.636915" lon="-79.413951"><ele>91.2</ele><time>2026-05-31T11:24:05.000Z</time></trkpt>
      <trkpt lat="43.636939" lon="-79.413854"><ele>91.2</ele><time>2026-05-31T11:24:06.000Z</time></trkpt>
      <trkpt lat="43.636964" lon="-79.413759"><ele>91.2</ele><time>2026-05-31T11:24:07.000Z</time></trkpt>
      <trkpt lat="43.636992" lon="-79.413666"><ele>91.4</ele><time>2026-05-31T11:24:08.000Z</time></trkpt>
      <trkpt lat="43.637018" lon="-79.413575"><ele>91.4</ele><time>2026-05-31T11:24:09.000Z</time></trkpt>
      <trkpt lat="43.637041" lon="-79.413481"><ele>91.4</ele><time>2026-05-31T11:24:10.000Z</time></trkpt>
      <trkpt lat="43.637063" lon="-79.413386"><ele>91.4</ele><time>2026-05-31T11:24:11.000Z</time></trkpt>
      <trkpt lat="43.637084" lon="-79.413289"><ele>91.4</ele><time>2026-05-31T11:24:12.000Z</time></trkpt>
      <trkpt lat="43.637103" lon="-79.413192"><ele>91.6</ele><time>2026-05-31T11:24:13.000Z</time></trkpt>
      <trkpt lat="43.637122" lon="-79.413096"><ele>91.4</ele><time>2026-05-31T11:24:14.000Z</time></trkpt>
      <trkpt lat="43.637142" lon="-79.413002"><ele>91.4</ele><time>2026-05-31T11:24:15.000Z</time></trkpt>
      <trkpt lat="43.637165" lon="-79.412907"><ele>91.4</ele><time>2026-05-31T11:24:16.000Z</time></trkpt>
      <trkpt lat="43.637186" lon="-79.412811"><ele>91.4</ele><time>2026-05-31T11:24:17.000Z</time></trkpt>
      <trkpt lat="43.637204" lon="-79.412717"><ele>91.6</ele><time>2026-05-31T11:24:18.000Z</time></trkpt>
      <trkpt lat="43.637221" lon="-79.412623"><ele>91.6</ele><time>2026-05-31T11:24:19.000Z</time></trkpt>
      <trkpt lat="43.637238" lon="-79.412527"><ele>91.6</ele><time>2026-05-31T11:24:20.000Z</time></trkpt>
      <trkpt lat="43.637255" lon="-79.412432"><ele>91.6</ele><time>2026-05-31T11:24:21.000Z</time></trkpt>
      <trkpt lat="43.637271" lon="-79.412335"><ele>91.6</ele><time>2026-05-31T11:24:22.000Z</time></trkpt>
      <trkpt lat="43.637286" lon="-79.412238"><ele>91.8</ele><time>2026-05-31T11:24:23.000Z</time></trkpt>
      <trkpt lat="43.637298" lon="-79.412145"><ele>91.8</ele><time>2026-05-31T11:24:24.000Z</time></trkpt>
      <trkpt lat="43.63731" lon="-79.412055"><ele>91.8</ele><time>2026-05-31T11:24:25.000Z</time></trkpt>
      <trkpt lat="43.637322" lon="-79.411959"><ele>91.8</ele><time>2026-05-31T11:24:26.000Z</time></trkpt>
      <trkpt lat="43.63733" lon="-79.411863"><ele>91.8</ele><time>2026-05-31T11:24:27.000Z</time></trkpt>
      <trkpt lat="43.637338" lon="-79.411766"><ele>91.8</ele><time>2026-05-31T11:24:28.000Z</time></trkpt>
      <trkpt lat="43.63735" lon="-79.411669"><ele>91.8</ele><time>2026-05-31T11:24:29.000Z</time></trkpt>
      <trkpt lat="43.637365" lon="-79.411578"><ele>91.8</ele><time>2026-05-31T11:24:30.000Z</time></trkpt>
      <trkpt lat="43.637378" lon="-79.411488"><ele>91.8</ele><time>2026-05-31T11:24:31.000Z</time></trkpt>
      <trkpt lat="43.637382" lon="-79.411394"><ele>91.8</ele><time>2026-05-31T11:24:32.000Z</time></trkpt>
      <trkpt lat="43.637385" lon="-79.411301"><ele>92</ele><time>2026-05-31T11:24:33.000Z</time></trkpt>
      <trkpt lat="43.637388" lon="-79.411206"><ele>92.2</ele><time>2026-05-31T11:24:34.000Z</time></trkpt>
      <trkpt lat="43.637392" lon="-79.411112"><ele>92.2</ele><time>2026-05-31T11:24:35.000Z</time></trkpt>
      <trkpt lat="43.637397" lon="-79.411017"><ele>92.4</ele><time>2026-05-31T11:24:36.000Z</time></trkpt>
      <trkpt lat="43.637395" lon="-79.410924"><ele>92.4</ele><time>2026-05-31T11:24:37.000Z</time></trkpt>
      <trkpt lat="43.637393" lon="-79.410829"><ele>92.6</ele><time>2026-05-31T11:24:38.000Z</time></trkpt>
      <trkpt lat="43.637395" lon="-79.410734"><ele>92.6</ele><time>2026-05-31T11:24:39.000Z</time></trkpt>
      <trkpt lat="43.637395" lon="-79.410639"><ele>92.6</ele><time>2026-05-31T11:24:40.000Z</time></trkpt>
      <trkpt lat="43.637398" lon="-79.410545"><ele>92.8</ele><time>2026-05-31T11:24:41.000Z</time></trkpt>
      <trkpt lat="43.6374" lon="-79.410454"><ele>92.8</ele><time>2026-05-31T11:24:42.000Z</time></trkpt>
      <trkpt lat="43.637401" lon="-79.410363"><ele>93</ele><time>2026-05-31T11:24:43.000Z</time></trkpt>
      <trkpt lat="43.637403" lon="-79.410271"><ele>93</ele><time>2026-05-31T11:24:44.000Z</time></trkpt>
      <trkpt lat="43.637402" lon="-79.410181"><ele>93</ele><time>2026-05-31T11:24:45.000Z</time></trkpt>
      <trkpt lat="43.637405" lon="-79.410092"><ele>93.2</ele><time>2026-05-31T11:24:46.000Z</time></trkpt>
      <trkpt lat="43.637409" lon="-79.410002"><ele>93.2</ele><time>2026-05-31T11:24:47.000Z</time></trkpt>
      <trkpt lat="43.637409" lon="-79.409913"><ele>93.2</ele><time>2026-05-31T11:24:48.000Z</time></trkpt>
      <trkpt lat="43.63741" lon="-79.409825"><ele>93.2</ele><time>2026-05-31T11:24:49.000Z</time></trkpt>
      <trkpt lat="43.63741" lon="-79.409736"><ele>93.4</ele><time>2026-05-31T11:24:50.000Z</time></trkpt>
      <trkpt lat="43.63741" lon="-79.409649"><ele>93.4</ele><time>2026-05-31T11:24:51.000Z</time></trkpt>
      <trkpt lat="43.637411" lon="-79.409563"><ele>93.4</ele><time>2026-05-31T11:24:52.000Z</time></trkpt>
      <trkpt lat="43.637411" lon="-79.409476"><ele>93.4</ele><time>2026-05-31T11:24:53.000Z</time></trkpt>
      <trkpt lat="43.63741" lon="-79.409389"><ele>93.6</ele><time>2026-05-31T11:24:54.000Z</time></trkpt>
      <trkpt lat="43.637408" lon="-79.4093"><ele>93.6</ele><time>2026-05-31T11:24:55.000Z</time></trkpt>
      <trkpt lat="43.63741" lon="-79.409213"><ele>93.8</ele><time>2026-05-31T11:24:56.000Z</time></trkpt>
      <trkpt lat="43.637413" lon="-79.409125"><ele>94</ele><time>2026-05-31T11:24:57.000Z</time></trkpt>
      <trkpt lat="43.637416" lon="-79.409036"><ele>94</ele><time>2026-05-31T11:24:58.000Z</time></trkpt>
      <trkpt lat="43.637419" lon="-79.408947"><ele>94.2</ele><time>2026-05-31T11:24:59.000Z</time></trkpt>
      <trkpt lat="43.637421" lon="-79.408859"><ele>94.2</ele><time>2026-05-31T11:25:00.000Z</time></trkpt>
      <trkpt lat="43.637422" lon="-79.408771"><ele>94.2</ele><time>2026-05-31T11:25:01.000Z</time></trkpt>
      <trkpt lat="43.637423" lon="-79.408682"><ele>94.2</ele><time>2026-05-31T11:25:02.000Z</time></trkpt>
      <trkpt lat="43.637421" lon="-79.408591"><ele>94.2</ele><time>2026-05-31T11:25:03.000Z</time></trkpt>
      <trkpt lat="43.637423" lon="-79.4085"><ele>94.2</ele><time>2026-05-31T11:25:04.000Z</time></trkpt>
      <trkpt lat="43.637427" lon="-79.408409"><ele>94.2</ele><time>2026-05-31T11:25:05.000Z</time></trkpt>
      <trkpt lat="43.637429" lon="-79.408319"><ele>94.4</ele><time>2026-05-31T11:25:06.000Z</time></trkpt>
      <trkpt lat="43.63743" lon="-79.408229"><ele>94.4</ele><time>2026-05-31T11:25:07.000Z</time></trkpt>
      <trkpt lat="43.637433" lon="-79.40814"><ele>94.4</ele><time>2026-05-31T11:25:08.000Z</time></trkpt>
      <trkpt lat="43.637437" lon="-79.408054"><ele>94.6</ele><time>2026-05-31T11:25:09.000Z</time></trkpt>
      <trkpt lat="43.637441" lon="-79.407965"><ele>94.6</ele><time>2026-05-31T11:25:10.000Z</time></trkpt>
      <trkpt lat="43.637446" lon="-79.407875"><ele>94.6</ele><time>2026-05-31T11:25:11.000Z</time></trkpt>
      <trkpt lat="43.637453" lon="-79.407784"><ele>94.6</ele><time>2026-05-31T11:25:12.000Z</time></trkpt>
      <trkpt lat="43.63746" lon="-79.407694"><ele>94.6</ele><time>2026-05-31T11:25:13.000Z</time></trkpt>
      <trkpt lat="43.637468" lon="-79.407604"><ele>94.6</ele><time>2026-05-31T11:25:14.000Z</time></trkpt>
      <trkpt lat="43.637476" lon="-79.407514"><ele>94.6</ele><time>2026-05-31T11:25:15.000Z</time></trkpt>
      <trkpt lat="43.637483" lon="-79.407424"><ele>94.4</ele><time>2026-05-31T11:25:16.000Z</time></trkpt>
      <trkpt lat="43.63749" lon="-79.407335"><ele>94.4</ele><time>2026-05-31T11:25:17.000Z</time></trkpt>
      <trkpt lat="43.637495" lon="-79.407243"><ele>94.4</ele><time>2026-05-31T11:25:18.000Z</time></trkpt>
      <trkpt lat="43.637498" lon="-79.407156"><ele>94.4</ele><time>2026-05-31T11:25:19.000Z</time></trkpt>
      <trkpt lat="43.637505" lon="-79.407067"><ele>94.4</ele><time>2026-05-31T11:25:20.000Z</time></trkpt>
      <trkpt lat="43.63751" lon="-79.406978"><ele>94.4</ele><time>2026-05-31T11:25:21.000Z</time></trkpt>
      <trkpt lat="43.637515" lon="-79.406891"><ele>94.4</ele><time>2026-05-31T11:25:22.000Z</time></trkpt>
      <trkpt lat="43.637519" lon="-79.406804"><ele>94.4</ele><time>2026-05-31T11:25:23.000Z</time></trkpt>
      <trkpt lat="43.637523" lon="-79.406713"><ele>94.4</ele><time>2026-05-31T11:25:24.000Z</time></trkpt>
      <trkpt lat="43.637531" lon="-79.406623"><ele>94.4</ele><time>2026-05-31T11:25:25.000Z</time></trkpt>
      <trkpt lat="43.637539" lon="-79.40653"><ele>94.2</ele><time>2026-05-31T11:25:26.000Z</time></trkpt>
      <trkpt lat="43.637549" lon="-79.406437"><ele>94.2</ele><time>2026-05-31T11:25:27.000Z</time></trkpt>
      <trkpt lat="43.637561" lon="-79.406341"><ele>94.2</ele><time>2026-05-31T11:25:28.000Z</time></trkpt>
      <trkpt lat="43.637571" lon="-79.406242"><ele>94.2</ele><time>2026-05-31T11:25:29.000Z</time></trkpt>
      <trkpt lat="43.637578" lon="-79.406144"><ele>94.2</ele><time>2026-05-31T11:25:30.000Z</time></trkpt>
      <trkpt lat="43.637582" lon="-79.406044"><ele>94.2</ele><time>2026-05-31T11:25:31.000Z</time></trkpt>
      <trkpt lat="43.63759" lon="-79.405945"><ele>94.2</ele><time>2026-05-31T11:25:32.000Z</time></trkpt>
      <trkpt lat="43.6376" lon="-79.405844"><ele>94</ele><time>2026-05-31T11:25:33.000Z</time></trkpt>
      <trkpt lat="43.637609" lon="-79.40574"><ele>94</ele><time>2026-05-31T11:25:34.000Z</time></trkpt>
      <trkpt lat="43.637621" lon="-79.405639"><ele>93.8</ele><time>2026-05-31T11:25:35.000Z</time></trkpt>
      <trkpt lat="43.637631" lon="-79.40554"><ele>93.8</ele><time>2026-05-31T11:25:36.000Z</time></trkpt>
      <trkpt lat="43.63764" lon="-79.405438"><ele>93.6</ele><time>2026-05-31T11:25:37.000Z</time></trkpt>
      <trkpt lat="43.637652" lon="-79.405336"><ele>93.4</ele><time>2026-05-31T11:25:38.000Z</time></trkpt>
      <trkpt lat="43.637667" lon="-79.405235"><ele>93.4</ele><time>2026-05-31T11:25:39.000Z</time></trkpt>
      <trkpt lat="43.637676" lon="-79.405129"><ele>93.4</ele><time>2026-05-31T11:25:40.000Z</time></trkpt>
      <trkpt lat="43.637686" lon="-79.405021"><ele>93.2</ele><time>2026-05-31T11:25:41.000Z</time></trkpt>
      <trkpt lat="43.637699" lon="-79.404916"><ele>93</ele><time>2026-05-31T11:25:42.000Z</time></trkpt>
      <trkpt lat="43.637714" lon="-79.40481"><ele>92.8</ele><time>2026-05-31T11:25:43.000Z</time></trkpt>
      <trkpt lat="43.637724" lon="-79.404704"><ele>92.8</ele><time>2026-05-31T11:25:44.000Z</time></trkpt>
      <trkpt lat="43.637733" lon="-79.404596"><ele>92.8</ele><time>2026-05-31T11:25:45.000Z</time></trkpt>
      <trkpt lat="43.63774" lon="-79.404489"><ele>92.6</ele><time>2026-05-31T11:25:46.000Z</time></trkpt>
      <trkpt lat="43.637746" lon="-79.40438"><ele>92.6</ele><time>2026-05-31T11:25:47.000Z</time></trkpt>
      <trkpt lat="43.637757" lon="-79.404268"><ele>92.4</ele><time>2026-05-31T11:25:48.000Z</time></trkpt>
      <trkpt lat="43.637772" lon="-79.404158"><ele>92.2</ele><time>2026-05-31T11:25:49.000Z</time></trkpt>
      <trkpt lat="43.637786" lon="-79.40405"><ele>92</ele><time>2026-05-31T11:25:50.000Z</time></trkpt>
      <trkpt lat="43.637798" lon="-79.403942"><ele>92</ele><time>2026-05-31T11:25:51.000Z</time></trkpt>
      <trkpt lat="43.637806" lon="-79.403834"><ele>91.8</ele><time>2026-05-31T11:25:52.000Z</time></trkpt>
      <trkpt lat="43.637815" lon="-79.403727"><ele>91.6</ele><time>2026-05-31T11:25:53.000Z</time></trkpt>
      <trkpt lat="43.637826" lon="-79.403619"><ele>91.4</ele><time>2026-05-31T11:25:54.000Z</time></trkpt>
      <trkpt lat="43.637839" lon="-79.403509"><ele>91.2</ele><time>2026-05-31T11:25:55.000Z</time></trkpt>
      <trkpt lat="43.63785" lon="-79.4034"><ele>91.2</ele><time>2026-05-31T11:25:56.000Z</time></trkpt>
      <trkpt lat="43.637862" lon="-79.40329"><ele>91</ele><time>2026-05-31T11:25:57.000Z</time></trkpt>
      <trkpt lat="43.637872" lon="-79.403178"><ele>90.8</ele><time>2026-05-31T11:25:58.000Z</time></trkpt>
      <trkpt lat="43.63788" lon="-79.403064"><ele>90.8</ele><time>2026-05-31T11:25:59.000Z</time></trkpt>
      <trkpt lat="43.637884" lon="-79.402951"><ele>90.6</ele><time>2026-05-31T11:26:00.000Z</time></trkpt>
      <trkpt lat="43.637889" lon="-79.40284"><ele>90.6</ele><time>2026-05-31T11:26:01.000Z</time></trkpt>
      <trkpt lat="43.637896" lon="-79.40273"><ele>90.2</ele><time>2026-05-31T11:26:02.000Z</time></trkpt>
      <trkpt lat="43.637903" lon="-79.40262"><ele>89.8</ele><time>2026-05-31T11:26:03.000Z</time></trkpt>
      <trkpt lat="43.637909" lon="-79.402513"><ele>89.6</ele><time>2026-05-31T11:26:04.000Z</time></trkpt>
      <trkpt lat="43.637914" lon="-79.402404"><ele>89.6</ele><time>2026-05-31T11:26:05.000Z</time></trkpt>
      <trkpt lat="43.637918" lon="-79.402297"><ele>89.8</ele><time>2026-05-31T11:26:06.000Z</time></trkpt>
      <trkpt lat="43.637928" lon="-79.402191"><ele>90.4</ele><time>2026-05-31T11:26:07.000Z</time></trkpt>
      <trkpt lat="43.637932" lon="-79.402089"><ele>91</ele><time>2026-05-31T11:26:08.000Z</time></trkpt>
      <trkpt lat="43.637935" lon="-79.401988"><ele>91.4</ele><time>2026-05-31T11:26:09.000Z</time></trkpt>
      <trkpt lat="43.637937" lon="-79.401883"><ele>91.4</ele><time>2026-05-31T11:26:10.000Z</time></trkpt>
      <trkpt lat="43.637938" lon="-79.401778"><ele>91.4</ele><time>2026-05-31T11:26:11.000Z</time></trkpt>
      <trkpt lat="43.637937" lon="-79.401674"><ele>91.2</ele><time>2026-05-31T11:26:12.000Z</time></trkpt>
      <trkpt lat="43.637936" lon="-79.401572"><ele>91</ele><time>2026-05-31T11:26:13.000Z</time></trkpt>
      <trkpt lat="43.637931" lon="-79.401467"><ele>90.6</ele><time>2026-05-31T11:26:14.000Z</time></trkpt>
      <trkpt lat="43.63793" lon="-79.401361"><ele>90.4</ele><time>2026-05-31T11:26:15.000Z</time></trkpt>
      <trkpt lat="43.637926" lon="-79.401252"><ele>90.2</ele><time>2026-05-31T11:26:16.000Z</time></trkpt>
      <trkpt lat="43.63792" lon="-79.401141"><ele>90.2</ele><time>2026-05-31T11:26:17.000Z</time></trkpt>
      <trkpt lat="43.637915" lon="-79.40103"><ele>90.2</ele><time>2026-05-31T11:26:18.000Z</time></trkpt>
      <trkpt lat="43.637911" lon="-79.400913"><ele>90</ele><time>2026-05-31T11:26:19.000Z</time></trkpt>
      <trkpt lat="43.637904" lon="-79.400797"><ele>90</ele><time>2026-05-31T11:26:20.000Z</time></trkpt>
      <trkpt lat="43.637896" lon="-79.400682"><ele>90</ele><time>2026-05-31T11:26:21.000Z</time></trkpt>
      <trkpt lat="43.637893" lon="-79.400565"><ele>90</ele><time>2026-05-31T11:26:22.000Z</time></trkpt>
      <trkpt lat="43.637899" lon="-79.400452"><ele>89.8</ele><time>2026-05-31T11:26:23.000Z</time></trkpt>
      <trkpt lat="43.6379" lon="-79.400335"><ele>89.6</ele><time>2026-05-31T11:26:24.000Z</time></trkpt>
      <trkpt lat="43.637899" lon="-79.400218"><ele>89.6</ele><time>2026-05-31T11:26:25.000Z</time></trkpt>
      <trkpt lat="43.637893" lon="-79.400099"><ele>89.4</ele><time>2026-05-31T11:26:26.000Z</time></trkpt>
      <trkpt lat="43.637877" lon="-79.399977"><ele>89.4</ele><time>2026-05-31T11:26:27.000Z</time></trkpt>
      <trkpt lat="43.637873" lon="-79.399854"><ele>89.2</ele><time>2026-05-31T11:26:28.000Z</time></trkpt>
      <trkpt lat="43.637865" lon="-79.39974"><ele>89</ele><time>2026-05-31T11:26:29.000Z</time></trkpt>
      <trkpt lat="43.637864" lon="-79.399618"><ele>89</ele><time>2026-05-31T11:26:30.000Z</time></trkpt>
      <trkpt lat="43.637857" lon="-79.399493"><ele>88.8</ele><time>2026-05-31T11:26:31.000Z</time></trkpt>
      <trkpt lat="43.637856" lon="-79.399372"><ele>88.8</ele><time>2026-05-31T11:26:32.000Z</time></trkpt>
      <trkpt lat="43.637857" lon="-79.39925"><ele>88.8</ele><time>2026-05-31T11:26:33.000Z</time></trkpt>
      <trkpt lat="43.637856" lon="-79.399125"><ele>89</ele><time>2026-05-31T11:26:34.000Z</time></trkpt>
      <trkpt lat="43.637852" lon="-79.398999"><ele>88.8</ele><time>2026-05-31T11:26:35.000Z</time></trkpt>
      <trkpt lat="43.637841" lon="-79.39887"><ele>88.8</ele><time>2026-05-31T11:26:36.000Z</time></trkpt>
      <trkpt lat="43.637839" lon="-79.398742"><ele>88.8</ele><time>2026-05-31T11:26:37.000Z</time></trkpt>
      <trkpt lat="43.637836" lon="-79.398615"><ele>88.6</ele><time>2026-05-31T11:26:38.000Z</time></trkpt>
      <trkpt lat="43.637835" lon="-79.398489"><ele>88.4</ele><time>2026-05-31T11:26:39.000Z</time></trkpt>
      <trkpt lat="43.63783" lon="-79.398364"><ele>88.4</ele><time>2026-05-31T11:26:40.000Z</time></trkpt>
      <trkpt lat="43.637827" lon="-79.398233"><ele>88.4</ele><time>2026-05-31T11:26:41.000Z</time></trkpt>
      <trkpt lat="43.637827" lon="-79.398104"><ele>88.2</ele><time>2026-05-31T11:26:42.000Z</time></trkpt>
      <trkpt lat="43.637827" lon="-79.397969"><ele>88</ele><time>2026-05-31T11:26:43.000Z</time></trkpt>
      <trkpt lat="43.637828" lon="-79.397836"><ele>88</ele><time>2026-05-31T11:26:44.000Z</time></trkpt>
      <trkpt lat="43.637829" lon="-79.397701"><ele>87.8</ele><time>2026-05-31T11:26:45.000Z</time></trkpt>
      <trkpt lat="43.637832" lon="-79.397568"><ele>87.6</ele><time>2026-05-31T11:26:46.000Z</time></trkpt>
      <trkpt lat="43.637839" lon="-79.397438"><ele>87.4</ele><time>2026-05-31T11:26:47.000Z</time></trkpt>
      <trkpt lat="43.637848" lon="-79.39731"><ele>87.2</ele><time>2026-05-31T11:26:48.000Z</time></trkpt>
      <trkpt lat="43.637858" lon="-79.397178"><ele>86.8</ele><time>2026-05-31T11:26:49.000Z</time></trkpt>
      <trkpt lat="43.637869" lon="-79.397046"><ele>86.6</ele><time>2026-05-31T11:26:50.000Z</time></trkpt>
      <trkpt lat="43.637881" lon="-79.396909"><ele>86.4</ele><time>2026-05-31T11:26:51.000Z</time></trkpt>
      <trkpt lat="43.637895" lon="-79.396772"><ele>86.2</ele><time>2026-05-31T11:26:52.000Z</time></trkpt>
      <trkpt lat="43.637911" lon="-79.396633"><ele>86</ele><time>2026-05-31T11:26:53.000Z</time></trkpt>
      <trkpt lat="43.637926" lon="-79.396501"><ele>85.8</ele><time>2026-05-31T11:26:54.000Z</time></trkpt>
      <trkpt lat="43.637946" lon="-79.396371"><ele>85.6</ele><time>2026-05-31T11:26:55.000Z</time></trkpt>
      <trkpt lat="43.637967" lon="-79.39624"><ele>85.2</ele><time>2026-05-31T11:26:56.000Z</time></trkpt>
      <trkpt lat="43.637988" lon="-79.396106"><ele>84.8</ele><time>2026-05-31T11:26:57.000Z</time></trkpt>
      <trkpt lat="43.638011" lon="-79.39597"><ele>84.6</ele><time>2026-05-31T11:26:58.000Z</time></trkpt>
      <trkpt lat="43.638034" lon="-79.395836"><ele>84.4</ele><time>2026-05-31T11:26:59.000Z</time></trkpt>
      <trkpt lat="43.638055" lon="-79.395703"><ele>84.2</ele><time>2026-05-31T11:27:00.000Z</time></trkpt>
      <trkpt lat="43.638076" lon="-79.395572"><ele>84.2</ele><time>2026-05-31T11:27:01.000Z</time></trkpt>
      <trkpt lat="43.638097" lon="-79.39544"><ele>84</ele><time>2026-05-31T11:27:02.000Z</time></trkpt>
      <trkpt lat="43.638121" lon="-79.395308"><ele>83.8</ele><time>2026-05-31T11:27:03.000Z</time></trkpt>
      <trkpt lat="43.638144" lon="-79.395174"><ele>83.8</ele><time>2026-05-31T11:27:04.000Z</time></trkpt>
      <trkpt lat="43.638165" lon="-79.39504"><ele>83.8</ele><time>2026-05-31T11:27:05.000Z</time></trkpt>
      <trkpt lat="43.638185" lon="-79.394907"><ele>83.6</ele><time>2026-05-31T11:27:06.000Z</time></trkpt>
      <trkpt lat="43.638208" lon="-79.394774"><ele>83.6</ele><time>2026-05-31T11:27:07.000Z</time></trkpt>
      <trkpt lat="43.638234" lon="-79.394642"><ele>83.6</ele><time>2026-05-31T11:27:08.000Z</time></trkpt>
      <trkpt lat="43.63826" lon="-79.394512"><ele>83.4</ele><time>2026-05-31T11:27:09.000Z</time></trkpt>
      <trkpt lat="43.638283" lon="-79.39438"><ele>83.4</ele><time>2026-05-31T11:27:10.000Z</time></trkpt>
      <trkpt lat="43.638309" lon="-79.394251"><ele>83.4</ele><time>2026-05-31T11:27:11.000Z</time></trkpt>
      <trkpt lat="43.638333" lon="-79.394124"><ele>83.4</ele><time>2026-05-31T11:27:12.000Z</time></trkpt>
      <trkpt lat="43.638355" lon="-79.394"><ele>83.4</ele><time>2026-05-31T11:27:13.000Z</time></trkpt>
      <trkpt lat="43.638377" lon="-79.393871"><ele>83.4</ele><time>2026-05-31T11:27:14.000Z</time></trkpt>
      <trkpt lat="43.638398" lon="-79.39374"><ele>83.4</ele><time>2026-05-31T11:27:15.000Z</time></trkpt>
      <trkpt lat="43.638416" lon="-79.393613"><ele>83.4</ele><time>2026-05-31T11:27:16.000Z</time></trkpt>
      <trkpt lat="43.638435" lon="-79.393486"><ele>83.6</ele><time>2026-05-31T11:27:17.000Z</time></trkpt>
      <trkpt lat="43.638455" lon="-79.39336"><ele>83.6</ele><time>2026-05-31T11:27:18.000Z</time></trkpt>
      <trkpt lat="43.638476" lon="-79.393235"><ele>83.6</ele><time>2026-05-31T11:27:19.000Z</time></trkpt>
      <trkpt lat="43.638499" lon="-79.393106"><ele>83.4</ele><time>2026-05-31T11:27:20.000Z</time></trkpt>
      <trkpt lat="43.638524" lon="-79.392977"><ele>83.4</ele><time>2026-05-31T11:27:21.000Z</time></trkpt>
      <trkpt lat="43.638549" lon="-79.392847"><ele>83.2</ele><time>2026-05-31T11:27:22.000Z</time></trkpt>
      <trkpt lat="43.638569" lon="-79.392723"><ele>83.2</ele><time>2026-05-31T11:27:23.000Z</time></trkpt>
      <trkpt lat="43.638593" lon="-79.392602"><ele>83.4</ele><time>2026-05-31T11:27:24.000Z</time></trkpt>
      <trkpt lat="43.638615" lon="-79.392477"><ele>83.4</ele><time>2026-05-31T11:27:25.000Z</time></trkpt>
      <trkpt lat="43.63864" lon="-79.392348"><ele>83.6</ele><time>2026-05-31T11:27:26.000Z</time></trkpt>
      <trkpt lat="43.638664" lon="-79.392217"><ele>83.6</ele><time>2026-05-31T11:27:27.000Z</time></trkpt>
      <trkpt lat="43.638681" lon="-79.392085"><ele>83.6</ele><time>2026-05-31T11:27:28.000Z</time></trkpt>
      <trkpt lat="43.638698" lon="-79.391952"><ele>83.4</ele><time>2026-05-31T11:27:29.000Z</time></trkpt>
      <trkpt lat="43.638716" lon="-79.391823"><ele>83.4</ele><time>2026-05-31T11:27:30.000Z</time></trkpt>
      <trkpt lat="43.63874" lon="-79.391692"><ele>83.2</ele><time>2026-05-31T11:27:31.000Z</time></trkpt>
      <trkpt lat="43.638762" lon="-79.39156"><ele>83</ele><time>2026-05-31T11:27:32.000Z</time></trkpt>
      <trkpt lat="43.638782" lon="-79.391435"><ele>82.8</ele><time>2026-05-31T11:27:33.000Z</time></trkpt>
      <trkpt lat="43.638801" lon="-79.391306"><ele>82.8</ele><time>2026-05-31T11:27:34.000Z</time></trkpt>
      <trkpt lat="43.638823" lon="-79.391178"><ele>82.8</ele><time>2026-05-31T11:27:35.000Z</time></trkpt>
      <trkpt lat="43.638844" lon="-79.391047"><ele>82.6</ele><time>2026-05-31T11:27:36.000Z</time></trkpt>
      <trkpt lat="43.638863" lon="-79.390916"><ele>82.4</ele><time>2026-05-31T11:27:37.000Z</time></trkpt>
      <trkpt lat="43.638885" lon="-79.390788"><ele>82.4</ele><time>2026-05-31T11:27:38.000Z</time></trkpt>
      <trkpt lat="43.638904" lon="-79.390659"><ele>82.4</ele><time>2026-05-31T11:27:39.000Z</time></trkpt>
      <trkpt lat="43.63892" lon="-79.390534"><ele>82.2</ele><time>2026-05-31T11:27:40.000Z</time></trkpt>
      <trkpt lat="43.638941" lon="-79.390404"><ele>82.4</ele><time>2026-05-31T11:27:41.000Z</time></trkpt>
      <trkpt lat="43.638962" lon="-79.390277"><ele>82.4</ele><time>2026-05-31T11:27:42.000Z</time></trkpt>
      <trkpt lat="43.638981" lon="-79.390152"><ele>82.2</ele><time>2026-05-31T11:27:43.000Z</time></trkpt>
      <trkpt lat="43.639002" lon="-79.390026"><ele>82.2</ele><time>2026-05-31T11:27:44.000Z</time></trkpt>
      <trkpt lat="43.639023" lon="-79.389905"><ele>82.4</ele><time>2026-05-31T11:27:45.000Z</time></trkpt>
      <trkpt lat="43.639045" lon="-79.389781"><ele>82.2</ele><time>2026-05-31T11:27:46.000Z</time></trkpt>
      <trkpt lat="43.639069" lon="-79.389652"><ele>82.2</ele><time>2026-05-31T11:27:47.000Z</time></trkpt>
      <trkpt lat="43.639093" lon="-79.389525"><ele>82.2</ele><time>2026-05-31T11:27:48.000Z</time></trkpt>
      <trkpt lat="43.639117" lon="-79.389403"><ele>82.2</ele><time>2026-05-31T11:27:49.000Z</time></trkpt>
      <trkpt lat="43.639138" lon="-79.38928"><ele>82.2</ele><time>2026-05-31T11:27:50.000Z</time></trkpt>
      <trkpt lat="43.639158" lon="-79.389157"><ele>82.2</ele><time>2026-05-31T11:27:51.000Z</time></trkpt>
      <trkpt lat="43.639181" lon="-79.389033"><ele>82</ele><time>2026-05-31T11:27:52.000Z</time></trkpt>
      <trkpt lat="43.639204" lon="-79.388909"><ele>82</ele><time>2026-05-31T11:27:53.000Z</time></trkpt>
      <trkpt lat="43.63923" lon="-79.388784"><ele>81.6</ele><time>2026-05-31T11:27:54.000Z</time></trkpt>
      <trkpt lat="43.63925" lon="-79.388659"><ele>81.6</ele><time>2026-05-31T11:27:55.000Z</time></trkpt>
      <trkpt lat="43.63927" lon="-79.388535"><ele>81.6</ele><time>2026-05-31T11:27:56.000Z</time></trkpt>
      <trkpt lat="43.639292" lon="-79.388412"><ele>81.4</ele><time>2026-05-31T11:27:57.000Z</time></trkpt>
      <trkpt lat="43.639318" lon="-79.388287"><ele>81.4</ele><time>2026-05-31T11:27:58.000Z</time></trkpt>
      <trkpt lat="43.63934" lon="-79.388163"><ele>81.4</ele><time>2026-05-31T11:27:59.000Z</time></trkpt>
      <trkpt lat="43.63936" lon="-79.388044"><ele>81.4</ele><time>2026-05-31T11:28:00.000Z</time></trkpt>
      <trkpt lat="43.639382" lon="-79.387925"><ele>81.4</ele><time>2026-05-31T11:28:01.000Z</time></trkpt>
      <trkpt lat="43.639406" lon="-79.387812"><ele>81.4</ele><time>2026-05-31T11:28:02.000Z</time></trkpt>
      <trkpt lat="43.63943" lon="-79.387697"><ele>81.4</ele><time>2026-05-31T11:28:03.000Z</time></trkpt>
      <trkpt lat="43.639452" lon="-79.387578"><ele>81.4</ele><time>2026-05-31T11:28:04.000Z</time></trkpt>
      <trkpt lat="43.639474" lon="-79.387459"><ele>81.6</ele><time>2026-05-31T11:28:05.000Z</time></trkpt>
      <trkpt lat="43.639494" lon="-79.387344"><ele>81.6</ele><time>2026-05-31T11:28:06.000Z</time></trkpt>
      <trkpt lat="43.639515" lon="-79.387227"><ele>81.6</ele><time>2026-05-31T11:28:07.000Z</time></trkpt>
      <trkpt lat="43.639539" lon="-79.387114"><ele>81.8</ele><time>2026-05-31T11:28:08.000Z</time></trkpt>
      <trkpt lat="43.639566" lon="-79.386997"><ele>81.8</ele><time>2026-05-31T11:28:09.000Z</time></trkpt>
      <trkpt lat="43.63959" lon="-79.38688"><ele>81.8</ele><time>2026-05-31T11:28:10.000Z</time></trkpt>
      <trkpt lat="43.639613" lon="-79.386765"><ele>82</ele><time>2026-05-31T11:28:11.000Z</time></trkpt>
      <trkpt lat="43.639637" lon="-79.386653"><ele>82</ele><time>2026-05-31T11:28:12.000Z</time></trkpt>
      <trkpt lat="43.639659" lon="-79.386541"><ele>82.2</ele><time>2026-05-31T11:28:13.000Z</time></trkpt>
      <trkpt lat="43.639684" lon="-79.386431"><ele>82.2</ele><time>2026-05-31T11:28:14.000Z</time></trkpt>
      <trkpt lat="43.639706" lon="-79.386322"><ele>82.2</ele><time>2026-05-31T11:28:15.000Z</time></trkpt>
      <trkpt lat="43.639733" lon="-79.386213"><ele>82.2</ele><time>2026-05-31T11:28:16.000Z</time></trkpt>
      <trkpt lat="43.639759" lon="-79.386103"><ele>82.2</ele><time>2026-05-31T11:28:17.000Z</time></trkpt>
      <trkpt lat="43.639781" lon="-79.38599"><ele>82.2</ele><time>2026-05-31T11:28:18.000Z</time></trkpt>
      <trkpt lat="43.639803" lon="-79.38588"><ele>82.2</ele><time>2026-05-31T11:28:19.000Z</time></trkpt>
      <trkpt lat="43.639825" lon="-79.385767"><ele>82.2</ele><time>2026-05-31T11:28:20.000Z</time></trkpt>
      <trkpt lat="43.639852" lon="-79.385657"><ele>82.2</ele><time>2026-05-31T11:28:21.000Z</time></trkpt>
      <trkpt lat="43.639879" lon="-79.385546"><ele>82.2</ele><time>2026-05-31T11:28:22.000Z</time></trkpt>
      <trkpt lat="43.639905" lon="-79.385433"><ele>82.2</ele><time>2026-05-31T11:28:23.000Z</time></trkpt>
      <trkpt lat="43.639929" lon="-79.385325"><ele>82.2</ele><time>2026-05-31T11:28:24.000Z</time></trkpt>
      <trkpt lat="43.639956" lon="-79.385216"><ele>82.2</ele><time>2026-05-31T11:28:25.000Z</time></trkpt>
      <trkpt lat="43.639982" lon="-79.385108"><ele>82.2</ele><time>2026-05-31T11:28:26.000Z</time></trkpt>
      <trkpt lat="43.640009" lon="-79.384995"><ele>82.2</ele><time>2026-05-31T11:28:27.000Z</time></trkpt>
      <trkpt lat="43.640037" lon="-79.384885"><ele>82.2</ele><time>2026-05-31T11:28:28.000Z</time></trkpt>
      <trkpt lat="43.640068" lon="-79.384772"><ele>82</ele><time>2026-05-31T11:28:29.000Z</time></trkpt>
      <trkpt lat="43.640097" lon="-79.384661"><ele>82</ele><time>2026-05-31T11:28:30.000Z</time></trkpt>
      <trkpt lat="43.640125" lon="-79.384552"><ele>81.8</ele><time>2026-05-31T11:28:31.000Z</time></trkpt>
      <trkpt lat="43.640152" lon="-79.38445"><ele>81.8</ele><time>2026-05-31T11:28:32.000Z</time></trkpt>
      <trkpt lat="43.640178" lon="-79.384345"><ele>81.8</ele><time>2026-05-31T11:28:33.000Z</time></trkpt>
      <trkpt lat="43.640208" lon="-79.384238"><ele>81.6</ele><time>2026-05-31T11:28:34.000Z</time></trkpt>
      <trkpt lat="43.640239" lon="-79.38413"><ele>81.6</ele><time>2026-05-31T11:28:35.000Z</time></trkpt>
      <trkpt lat="43.640269" lon="-79.384025"><ele>81.6</ele><time>2026-05-31T11:28:36.000Z</time></trkpt>
      <trkpt lat="43.640297" lon="-79.38392"><ele>81.6</ele><time>2026-05-31T11:28:37.000Z</time></trkpt>
      <trkpt lat="43.640323" lon="-79.383815"><ele>81.8</ele><time>2026-05-31T11:28:38.000Z</time></trkpt>
      <trkpt lat="43.640352" lon="-79.383711"><ele>82</ele><time>2026-05-31T11:28:39.000Z</time></trkpt>
      <trkpt lat="43.640385" lon="-79.383612"><ele>82.2</ele><time>2026-05-31T11:28:40.000Z</time></trkpt>
      <trkpt lat="43.640421" lon="-79.383511"><ele>82.4</ele><time>2026-05-31T11:28:41.000Z</time></trkpt>
      <trkpt lat="43.640457" lon="-79.383411"><ele>82.4</ele><time>2026-05-31T11:28:42.000Z</time></trkpt>
      <trkpt lat="43.640489" lon="-79.38331"><ele>82.4</ele><time>2026-05-31T11:28:43.000Z</time></trkpt>
      <trkpt lat="43.640521" lon="-79.383213"><ele>82.6</ele><time>2026-05-31T11:28:44.000Z</time></trkpt>
      <trkpt lat="43.640553" lon="-79.383116"><ele>82.6</ele><time>2026-05-31T11:28:45.000Z</time></trkpt>
      <trkpt lat="43.640589" lon="-79.38302"><ele>82.6</ele><time>2026-05-31T11:28:46.000Z</time></trkpt>
      <trkpt lat="43.640624" lon="-79.382927"><ele>82.6</ele><time>2026-05-31T11:28:47.000Z</time></trkpt>
      <trkpt lat="43.640663" lon="-79.382835"><ele>82.8</ele><time>2026-05-31T11:28:48.000Z</time></trkpt>
      <trkpt lat="43.640704" lon="-79.382746"><ele>82.8</ele><time>2026-05-31T11:28:49.000Z</time></trkpt>
      <trkpt lat="43.640744" lon="-79.382657"><ele>82.8</ele><time>2026-05-31T11:28:50.000Z</time></trkpt>
      <trkpt lat="43.640781" lon="-79.382567"><ele>82.8</ele><time>2026-05-31T11:28:51.000Z</time></trkpt>
      <trkpt lat="43.640817" lon="-79.382479"><ele>83</ele><time>2026-05-31T11:28:52.000Z</time></trkpt>
      <trkpt lat="43.640858" lon="-79.382393"><ele>83</ele><time>2026-05-31T11:28:53.000Z</time></trkpt>
      <trkpt lat="43.640899" lon="-79.382305"><ele>83.2</ele><time>2026-05-31T11:28:54.000Z</time></trkpt>
      <trkpt lat="43.640938" lon="-79.382222"><ele>83.2</ele><time>2026-05-31T11:28:55.000Z</time></trkpt>
      <trkpt lat="43.640975" lon="-79.382136"><ele>83.2</ele><time>2026-05-31T11:28:56.000Z</time></trkpt>
      <trkpt lat="43.641011" lon="-79.382045"><ele>83.2</ele><time>2026-05-31T11:28:57.000Z</time></trkpt>
      <trkpt lat="43.641046" lon="-79.381957"><ele>83.2</ele><time>2026-05-31T11:28:58.000Z</time></trkpt>
      <trkpt lat="43.641086" lon="-79.381876"><ele>83</ele><time>2026-05-31T11:28:59.000Z</time></trkpt>
      <trkpt lat="43.641124" lon="-79.381789"><ele>83</ele><time>2026-05-31T11:29:00.000Z</time></trkpt>
      <trkpt lat="43.64116" lon="-79.381703"><ele>83.2</ele><time>2026-05-31T11:29:01.000Z</time></trkpt>
      <trkpt lat="43.641199" lon="-79.381624"><ele>83.2</ele><time>2026-05-31T11:29:02.000Z</time></trkpt>
      <trkpt lat="43.641239" lon="-79.381546"><ele>83</ele><time>2026-05-31T11:29:03.000Z</time></trkpt>
      <trkpt lat="43.641274" lon="-79.381455"><ele>83</ele><time>2026-05-31T11:29:04.000Z</time></trkpt>
      <trkpt lat="43.6413" lon="-79.381359"><ele>83</ele><time>2026-05-31T11:29:05.000Z</time></trkpt>
      <trkpt lat="43.641342" lon="-79.381283"><ele>83</ele><time>2026-05-31T11:29:06.000Z</time></trkpt>
      <trkpt lat="43.641374" lon="-79.381199"><ele>83</ele><time>2026-05-31T11:29:07.000Z</time></trkpt>
      <trkpt lat="43.641411" lon="-79.381124"><ele>83.2</ele><time>2026-05-31T11:29:08.000Z</time></trkpt>
      <trkpt lat="43.641454" lon="-79.381062"><ele>83.2</ele><time>2026-05-31T11:29:09.000Z</time></trkpt>
      <trkpt lat="43.641492" lon="-79.380984"><ele>83.4</ele><time>2026-05-31T11:29:10.000Z</time></trkpt>
      <trkpt lat="43.641534" lon="-79.380902"><ele>83.4</ele><time>2026-05-31T11:29:11.000Z</time></trkpt>
      <trkpt lat="43.641579" lon="-79.380826"><ele>83.4</ele><time>2026-05-31T11:29:12.000Z</time></trkpt>
      <trkpt lat="43.641607" lon="-79.380738"><ele>83.6</ele><time>2026-05-31T11:29:13.000Z</time></trkpt>
      <trkpt lat="43.641637" lon="-79.380654"><ele>83.6</ele><time>2026-05-31T11:29:14.000Z</time></trkpt>
      <trkpt lat="43.641668" lon="-79.380571"><ele>83.6</ele><time>2026-05-31T11:29:15.000Z</time></trkpt>
      <trkpt lat="43.641696" lon="-79.380481"><ele>83.8</ele><time>2026-05-31T11:29:16.000Z</time></trkpt>
      <trkpt lat="43.641726" lon="-79.380393"><ele>84</ele><time>2026-05-31T11:29:17.000Z</time></trkpt>
      <trkpt lat="43.641759" lon="-79.3803"><ele>84</ele><time>2026-05-31T11:29:18.000Z</time></trkpt>
      <trkpt lat="43.641778" lon="-79.380197"><ele>84</ele><time>2026-05-31T11:29:19.000Z</time></trkpt>
      <trkpt lat="43.641801" lon="-79.380084"><ele>84</ele><time>2026-05-31T11:29:20.000Z</time></trkpt>
      <trkpt lat="43.641822" lon="-79.379989"><ele>84</ele><time>2026-05-31T11:29:21.000Z</time></trkpt>
      <trkpt lat="43.641852" lon="-79.37992"><ele>84.2</ele><time>2026-05-31T11:29:22.000Z</time></trkpt>
      <trkpt lat="43.641883" lon="-79.379855"><ele>84.2</ele><time>2026-05-31T11:29:23.000Z</time></trkpt>
      <trkpt lat="43.641921" lon="-79.379795"><ele>84.2</ele><time>2026-05-31T11:29:24.000Z</time></trkpt>
      <trkpt lat="43.641956" lon="-79.379745"><ele>84.4</ele><time>2026-05-31T11:29:25.000Z</time></trkpt>
      <trkpt lat="43.642002" lon="-79.379712"><ele>84.4</ele><time>2026-05-31T11:29:26.000Z</time></trkpt>
      <trkpt lat="43.642048" lon="-79.379671"><ele>84.2</ele><time>2026-05-31T11:29:27.000Z</time></trkpt>
      <trkpt lat="43.642088" lon="-79.3796"><ele>84.2</ele><time>2026-05-31T11:29:28.000Z</time></trkpt>
      <trkpt lat="43.642129" lon="-79.379545"><ele>84.2</ele><time>2026-05-31T11:29:29.000Z</time></trkpt>
      <trkpt lat="43.642165" lon="-79.379491"><ele>84.2</ele><time>2026-05-31T11:29:30.000Z</time></trkpt>
      <trkpt lat="43.642207" lon="-79.379424"><ele>84.4</ele><time>2026-05-31T11:29:31.000Z</time></trkpt>
      <trkpt lat="43.642247" lon="-79.37936"><ele>84.4</ele><time>2026-05-31T11:29:32.000Z</time></trkpt>
      <trkpt lat="43.642289" lon="-79.379295"><ele>84.6</ele><time>2026-05-31T11:29:33.000Z</time></trkpt>
      <trkpt lat="43.642333" lon="-79.379233"><ele>84.6</ele><time>2026-05-31T11:29:34.000Z</time></trkpt>
      <trkpt lat="43.642375" lon="-79.379177"><ele>84.6</ele><time>2026-05-31T11:29:35.000Z</time></trkpt>
      <trkpt lat="43.642419" lon="-79.379113"><ele>84.6</ele><time>2026-05-31T11:29:36.000Z</time></trkpt>
      <trkpt lat="43.642463" lon="-79.379061"><ele>84.8</ele><time>2026-05-31T11:29:37.000Z</time></trkpt>
      <trkpt lat="43.642509" lon="-79.379004"><ele>84.8</ele><time>2026-05-31T11:29:38.000Z</time></trkpt>
      <trkpt lat="43.642553" lon="-79.378942"><ele>84.6</ele><time>2026-05-31T11:29:39.000Z</time></trkpt>
      <trkpt lat="43.642595" lon="-79.378885"><ele>84.8</ele><time>2026-05-31T11:29:40.000Z</time></trkpt>
      <trkpt lat="43.642632" lon="-79.378821"><ele>84.8</ele><time>2026-05-31T11:29:41.000Z</time></trkpt>
      <trkpt lat="43.64267" lon="-79.378749"><ele>84.8</ele><time>2026-05-31T11:29:42.000Z</time></trkpt>
      <trkpt lat="43.642713" lon="-79.378679"><ele>84.8</ele><time>2026-05-31T11:29:43.000Z</time></trkpt>
      <trkpt lat="43.642757" lon="-79.378614"><ele>84.8</ele><time>2026-05-31T11:29:44.000Z</time></trkpt>
      <trkpt lat="43.642798" lon="-79.378546"><ele>85</ele><time>2026-05-31T11:29:45.000Z</time></trkpt>
      <trkpt lat="43.642836" lon="-79.378473"><ele>85</ele><time>2026-05-31T11:29:46.000Z</time></trkpt>
      <trkpt lat="43.642872" lon="-79.378402"><ele>85</ele><time>2026-05-31T11:29:47.000Z</time></trkpt>
      <trkpt lat="43.642909" lon="-79.378335"><ele>85</ele><time>2026-05-31T11:29:48.000Z</time></trkpt>
      <trkpt lat="43.642946" lon="-79.378269"><ele>85</ele><time>2026-05-31T11:29:49.000Z</time></trkpt>
      <trkpt lat="43.642981" lon="-79.3782"><ele>85</ele><time>2026-05-31T11:29:50.000Z</time></trkpt>
      <trkpt lat="43.643014" lon="-79.378132"><ele>84.8</ele><time>2026-05-31T11:29:51.000Z</time></trkpt>
      <trkpt lat="43.643046" lon="-79.378067"><ele>84.6</ele><time>2026-05-31T11:29:52.000Z</time></trkpt>
      <trkpt lat="43.643076" lon="-79.378007"><ele>84.6</ele><time>2026-05-31T11:29:53.000Z</time></trkpt>
      <trkpt lat="43.643104" lon="-79.377947"><ele>84.6</ele><time>2026-05-31T11:29:54.000Z</time></trkpt>
      <trkpt lat="43.643132" lon="-79.377893"><ele>84.6</ele><time>2026-05-31T11:29:55.000Z</time></trkpt>
      <trkpt lat="43.643158" lon="-79.377836"><ele>84.8</ele><time>2026-05-31T11:29:56.000Z</time></trkpt>
      <trkpt lat="43.643185" lon="-79.377777"><ele>85</ele><time>2026-05-31T11:29:57.000Z</time></trkpt>
      <trkpt lat="43.643215" lon="-79.377716"><ele>85.2</ele><time>2026-05-31T11:29:58.000Z</time></trkpt>
      <trkpt lat="43.643247" lon="-79.377656"><ele>85.2</ele><time>2026-05-31T11:29:59.000Z</time></trkpt>
      <trkpt lat="43.643278" lon="-79.377595"><ele>85.2</ele><time>2026-05-31T11:30:00.000Z</time></trkpt>
      <trkpt lat="43.64331" lon="-79.377533"><ele>85.4</ele><time>2026-05-31T11:30:01.000Z</time></trkpt>
      <trkpt lat="43.643344" lon="-79.37747"><ele>85.4</ele><time>2026-05-31T11:30:02.000Z</time></trkpt>
      <trkpt lat="43.643378" lon="-79.377404"><ele>85.4</ele><time>2026-05-31T11:30:03.000Z</time></trkpt>
      <trkpt lat="43.643413" lon="-79.377341"><ele>85.4</ele><time>2026-05-31T11:30:04.000Z</time></trkpt>
      <trkpt lat="43.64345" lon="-79.377274"><ele>85.4</ele><time>2026-05-31T11:30:05.000Z</time></trkpt>
      <trkpt lat="43.643484" lon="-79.377204"><ele>85.6</ele><time>2026-05-31T11:30:06.000Z</time></trkpt>
      <trkpt lat="43.643519" lon="-79.377132"><ele>85.6</ele><time>2026-05-31T11:30:07.000Z</time></trkpt>
      <trkpt lat="43.643555" lon="-79.377056"><ele>85.8</ele><time>2026-05-31T11:30:08.000Z</time></trkpt>
      <trkpt lat="43.643586" lon="-79.376981"><ele>86</ele><time>2026-05-31T11:30:09.000Z</time></trkpt>
      <trkpt lat="43.643616" lon="-79.376899"><ele>86</ele><time>2026-05-31T11:30:10.000Z</time></trkpt>
      <trkpt lat="43.64364" lon="-79.376817"><ele>86</ele><time>2026-05-31T11:30:11.000Z</time></trkpt>
      <trkpt lat="43.643674" lon="-79.376745"><ele>86.2</ele><time>2026-05-31T11:30:12.000Z</time></trkpt>
      <trkpt lat="43.643709" lon="-79.376673"><ele>86.2</ele><time>2026-05-31T11:30:13.000Z</time></trkpt>
      <trkpt lat="43.643745" lon="-79.376596"><ele>86.2</ele><time>2026-05-31T11:30:14.000Z</time></trkpt>
      <trkpt lat="43.643782" lon="-79.376522"><ele>86.2</ele><time>2026-05-31T11:30:15.000Z</time></trkpt>
      <trkpt lat="43.643826" lon="-79.376443"><ele>86.2</ele><time>2026-05-31T11:30:16.000Z</time></trkpt>
      <trkpt lat="43.643867" lon="-79.37637"><ele>86.2</ele><time>2026-05-31T11:30:17.000Z</time></trkpt>
      <trkpt lat="43.64391" lon="-79.376295"><ele>86</ele><time>2026-05-31T11:30:18.000Z</time></trkpt>
      <trkpt lat="43.643954" lon="-79.376221"><ele>86</ele><time>2026-05-31T11:30:19.000Z</time></trkpt>
      <trkpt lat="43.643994" lon="-79.376138"><ele>85.8</ele><time>2026-05-31T11:30:20.000Z</time></trkpt>
      <trkpt lat="43.644032" lon="-79.376054"><ele>86</ele><time>2026-05-31T11:30:21.000Z</time></trkpt>
      <trkpt lat="43.644069" lon="-79.37597"><ele>86</ele><time>2026-05-31T11:30:22.000Z</time></trkpt>
      <trkpt lat="43.644108" lon="-79.375888"><ele>85.6</ele><time>2026-05-31T11:30:23.000Z</time></trkpt>
      <trkpt lat="43.644152" lon="-79.37581"><ele>85.4</ele><time>2026-05-31T11:30:24.000Z</time></trkpt>
      <trkpt lat="43.644198" lon="-79.375731"><ele>85.4</ele><time>2026-05-31T11:30:25.000Z</time></trkpt>
      <trkpt lat="43.644244" lon="-79.375654"><ele>85.4</ele><time>2026-05-31T11:30:26.000Z</time></trkpt>
      <trkpt lat="43.64429" lon="-79.375582"><ele>85.4</ele><time>2026-05-31T11:30:27.000Z</time></trkpt>
      <trkpt lat="43.644334" lon="-79.375501"><ele>85.6</ele><time>2026-05-31T11:30:28.000Z</time></trkpt>
      <trkpt lat="43.644377" lon="-79.375418"><ele>85.6</ele><time>2026-05-31T11:30:29.000Z</time></trkpt>
      <trkpt lat="43.644418" lon="-79.375329"><ele>85.4</ele><time>2026-05-31T11:30:30.000Z</time></trkpt>
      <trkpt lat="43.644457" lon="-79.375234"><ele>85.4</ele><time>2026-05-31T11:30:31.000Z</time></trkpt>
      <trkpt lat="43.644493" lon="-79.375139"><ele>85.2</ele><time>2026-05-31T11:30:32.000Z</time></trkpt>
      <trkpt lat="43.644532" lon="-79.375048"><ele>85</ele><time>2026-05-31T11:30:33.000Z</time></trkpt>
      <trkpt lat="43.644568" lon="-79.374956"><ele>84.8</ele><time>2026-05-31T11:30:34.000Z</time></trkpt>
      <trkpt lat="43.644601" lon="-79.374861"><ele>84.6</ele><time>2026-05-31T11:30:35.000Z</time></trkpt>
      <trkpt lat="43.64463" lon="-79.374767"><ele>84.4</ele><time>2026-05-31T11:30:36.000Z</time></trkpt>
      <trkpt lat="43.644659" lon="-79.374675"><ele>84.2</ele><time>2026-05-31T11:30:37.000Z</time></trkpt>
      <trkpt lat="43.644689" lon="-79.374582"><ele>84</ele><time>2026-05-31T11:30:38.000Z</time></trkpt>
      <trkpt lat="43.644716" lon="-79.374488"><ele>84</ele><time>2026-05-31T11:30:39.000Z</time></trkpt>
      <trkpt lat="43.644743" lon="-79.374394"><ele>83.8</ele><time>2026-05-31T11:30:40.000Z</time></trkpt>
      <trkpt lat="43.644768" lon="-79.374299"><ele>83.6</ele><time>2026-05-31T11:30:41.000Z</time></trkpt>
      <trkpt lat="43.644793" lon="-79.374207"><ele>83.6</ele><time>2026-05-31T11:30:42.000Z</time></trkpt>
      <trkpt lat="43.644819" lon="-79.374118"><ele>83.4</ele><time>2026-05-31T11:30:43.000Z</time></trkpt>
      <trkpt lat="43.644844" lon="-79.374032"><ele>83.4</ele><time>2026-05-31T11:30:44.000Z</time></trkpt>
      <trkpt lat="43.644862" lon="-79.373942"><ele>83.4</ele><time>2026-05-31T11:30:45.000Z</time></trkpt>
      <trkpt lat="43.644881" lon="-79.373853"><ele>83.4</ele><time>2026-05-31T11:30:46.000Z</time></trkpt>
      <trkpt lat="43.644905" lon="-79.373769"><ele>83.4</ele><time>2026-05-31T11:30:47.000Z</time></trkpt>
      <trkpt lat="43.644924" lon="-79.373685"><ele>83.4</ele><time>2026-05-31T11:30:48.000Z</time></trkpt>
      <trkpt lat="43.644938" lon="-79.3736"><ele>83.2</ele><time>2026-05-31T11:30:49.000Z</time></trkpt>
      <trkpt lat="43.644953" lon="-79.373518"><ele>83.4</ele><time>2026-05-31T11:30:50.000Z</time></trkpt>
      <trkpt lat="43.644968" lon="-79.373438"><ele>83.2</ele><time>2026-05-31T11:30:51.000Z</time></trkpt>
      <trkpt lat="43.64499" lon="-79.373357"><ele>83.2</ele><time>2026-05-31T11:30:52.000Z</time></trkpt>
      <trkpt lat="43.645012" lon="-79.373275"><ele>83.2</ele><time>2026-05-31T11:30:53.000Z</time></trkpt>
      <trkpt lat="43.645033" lon="-79.373188"><ele>83.2</ele><time>2026-05-31T11:30:54.000Z</time></trkpt>
      <trkpt lat="43.645051" lon="-79.373101"><ele>83</ele><time>2026-05-31T11:30:55.000Z</time></trkpt>
      <trkpt lat="43.645073" lon="-79.373012"><ele>83</ele><time>2026-05-31T11:30:56.000Z</time></trkpt>
      <trkpt lat="43.645097" lon="-79.372922"><ele>83</ele><time>2026-05-31T11:30:57.000Z</time></trkpt>
      <trkpt lat="43.645121" lon="-79.372825"><ele>83</ele><time>2026-05-31T11:30:58.000Z</time></trkpt>
      <trkpt lat="43.645142" lon="-79.372727"><ele>83</ele><time>2026-05-31T11:30:59.000Z</time></trkpt>
      <trkpt lat="43.64516" lon="-79.372627"><ele>83</ele><time>2026-05-31T11:31:00.000Z</time></trkpt>
      <trkpt lat="43.645181" lon="-79.372528"><ele>83</ele><time>2026-05-31T11:31:01.000Z</time></trkpt>
      <trkpt lat="43.645205" lon="-79.372431"><ele>82.8</ele><time>2026-05-31T11:31:02.000Z</time></trkpt>
      <trkpt lat="43.645228" lon="-79.372337"><ele>82.8</ele><time>2026-05-31T11:31:03.000Z</time></trkpt>
      <trkpt lat="43.645249" lon="-79.372237"><ele>82.8</ele><time>2026-05-31T11:31:04.000Z</time></trkpt>
      <trkpt lat="43.645269" lon="-79.372136"><ele>82.6</ele><time>2026-05-31T11:31:05.000Z</time></trkpt>
      <trkpt lat="43.645288" lon="-79.372036"><ele>82.6</ele><time>2026-05-31T11:31:06.000Z</time></trkpt>
      <trkpt lat="43.645306" lon="-79.371936"><ele>82.8</ele><time>2026-05-31T11:31:07.000Z</time></trkpt>
      <trkpt lat="43.645323" lon="-79.371837"><ele>82.8</ele><time>2026-05-31T11:31:08.000Z</time></trkpt>
      <trkpt lat="43.645343" lon="-79.371738"><ele>82.8</ele><time>2026-05-31T11:31:09.000Z</time></trkpt>
      <trkpt lat="43.645365" lon="-79.371641"><ele>83</ele><time>2026-05-31T11:31:10.000Z</time></trkpt>
      <trkpt lat="43.645389" lon="-79.371543"><ele>83</ele><time>2026-05-31T11:31:11.000Z</time></trkpt>
      <trkpt lat="43.645412" lon="-79.371444"><ele>83</ele><time>2026-05-31T11:31:12.000Z</time></trkpt>
      <trkpt lat="43.645432" lon="-79.371347"><ele>83</ele><time>2026-05-31T11:31:13.000Z</time></trkpt>
      <trkpt lat="43.645449" lon="-79.371248"><ele>83.2</ele><time>2026-05-31T11:31:14.000Z</time></trkpt>
      <trkpt lat="43.645468" lon="-79.371148"><ele>83.2</ele><time>2026-05-31T11:31:15.000Z</time></trkpt>
      <trkpt lat="43.645488" lon="-79.371052"><ele>83.2</ele><time>2026-05-31T11:31:16.000Z</time></trkpt>
      <trkpt lat="43.645505" lon="-79.370952"><ele>83.2</ele><time>2026-05-31T11:31:17.000Z</time></trkpt>
      <trkpt lat="43.645522" lon="-79.370854"><ele>83.2</ele><time>2026-05-31T11:31:18.000Z</time></trkpt>
      <trkpt lat="43.645545" lon="-79.370759"><ele>83</ele><time>2026-05-31T11:31:19.000Z</time></trkpt>
      <trkpt lat="43.645567" lon="-79.370665"><ele>83</ele><time>2026-05-31T11:31:20.000Z</time></trkpt>
      <trkpt lat="43.645589" lon="-79.370567"><ele>83</ele><time>2026-05-31T11:31:21.000Z</time></trkpt>
      <trkpt lat="43.645613" lon="-79.370468"><ele>82.8</ele><time>2026-05-31T11:31:22.000Z</time></trkpt>
      <trkpt lat="43.645636" lon="-79.370367"><ele>82.8</ele><time>2026-05-31T11:31:23.000Z</time></trkpt>
      <trkpt lat="43.645656" lon="-79.370268"><ele>82.8</ele><time>2026-05-31T11:31:24.000Z</time></trkpt>
      <trkpt lat="43.645676" lon="-79.370175"><ele>82.8</ele><time>2026-05-31T11:31:25.000Z</time></trkpt>
      <trkpt lat="43.645697" lon="-79.370081"><ele>82.8</ele><time>2026-05-31T11:31:26.000Z</time></trkpt>
      <trkpt lat="43.645718" lon="-79.369987"><ele>82.8</ele><time>2026-05-31T11:31:27.000Z</time></trkpt>
      <trkpt lat="43.645739" lon="-79.369888"><ele>82.8</ele><time>2026-05-31T11:31:28.000Z</time></trkpt>
      <trkpt lat="43.645758" lon="-79.36979"><ele>82.8</ele><time>2026-05-31T11:31:29.000Z</time></trkpt>
      <trkpt lat="43.645776" lon="-79.369687"><ele>82.8</ele><time>2026-05-31T11:31:30.000Z</time></trkpt>
      <trkpt lat="43.645798" lon="-79.369588"><ele>82.8</ele><time>2026-05-31T11:31:31.000Z</time></trkpt>
      <trkpt lat="43.645822" lon="-79.369486"><ele>82.6</ele><time>2026-05-31T11:31:32.000Z</time></trkpt>
      <trkpt lat="43.645843" lon="-79.369385"><ele>82.6</ele><time>2026-05-31T11:31:33.000Z</time></trkpt>
      <trkpt lat="43.645868" lon="-79.369286"><ele>82.6</ele><time>2026-05-31T11:31:34.000Z</time></trkpt>
      <trkpt lat="43.645889" lon="-79.369183"><ele>82.6</ele><time>2026-05-31T11:31:35.000Z</time></trkpt>
      <trkpt lat="43.645908" lon="-79.369081"><ele>82.6</ele><time>2026-05-31T11:31:36.000Z</time></trkpt>
      <trkpt lat="43.645928" lon="-79.36898"><ele>82.6</ele><time>2026-05-31T11:31:37.000Z</time></trkpt>
      <trkpt lat="43.645947" lon="-79.368875"><ele>82.6</ele><time>2026-05-31T11:31:38.000Z</time></trkpt>
      <trkpt lat="43.645968" lon="-79.368769"><ele>82.6</ele><time>2026-05-31T11:31:39.000Z</time></trkpt>
      <trkpt lat="43.645988" lon="-79.368664"><ele>82.8</ele><time>2026-05-31T11:31:40.000Z</time></trkpt>
      <trkpt lat="43.646011" lon="-79.36856"><ele>82.8</ele><time>2026-05-31T11:31:41.000Z</time></trkpt>
      <trkpt lat="43.646035" lon="-79.368458"><ele>82.8</ele><time>2026-05-31T11:31:42.000Z</time></trkpt>
      <trkpt lat="43.646056" lon="-79.368351"><ele>82.8</ele><time>2026-05-31T11:31:43.000Z</time></trkpt>
      <trkpt lat="43.646078" lon="-79.368248"><ele>82.8</ele><time>2026-05-31T11:31:44.000Z</time></trkpt>
      <trkpt lat="43.646101" lon="-79.368145"><ele>82.8</ele><time>2026-05-31T11:31:45.000Z</time></trkpt>
      <trkpt lat="43.64612" lon="-79.368043"><ele>82.8</ele><time>2026-05-31T11:31:46.000Z</time></trkpt>
      <trkpt lat="43.646144" lon="-79.367945"><ele>82.8</ele><time>2026-05-31T11:31:47.000Z</time></trkpt>
      <trkpt lat="43.646171" lon="-79.367845"><ele>82.8</ele><time>2026-05-31T11:31:48.000Z</time></trkpt>
      <trkpt lat="43.646196" lon="-79.367743"><ele>82.8</ele><time>2026-05-31T11:31:49.000Z</time></trkpt>
      <trkpt lat="43.646218" lon="-79.36764"><ele>82.8</ele><time>2026-05-31T11:31:50.000Z</time></trkpt>
      <trkpt lat="43.646238" lon="-79.367537"><ele>82.8</ele><time>2026-05-31T11:31:51.000Z</time></trkpt>
      <trkpt lat="43.64626" lon="-79.367435"><ele>82.8</ele><time>2026-05-31T11:31:52.000Z</time></trkpt>
      <trkpt lat="43.646285" lon="-79.367335"><ele>82.8</ele><time>2026-05-31T11:31:53.000Z</time></trkpt>
      <trkpt lat="43.646312" lon="-79.367239"><ele>83</ele><time>2026-05-31T11:31:54.000Z</time></trkpt>
      <trkpt lat="43.646336" lon="-79.367141"><ele>83</ele><time>2026-05-31T11:31:55.000Z</time></trkpt>
      <trkpt lat="43.64636" lon="-79.367041"><ele>83</ele><time>2026-05-31T11:31:56.000Z</time></trkpt>
      <trkpt lat="43.646382" lon="-79.366943"><ele>83</ele><time>2026-05-31T11:31:57.000Z</time></trkpt>
      <trkpt lat="43.646405" lon="-79.366841"><ele>83</ele><time>2026-05-31T11:31:58.000Z</time></trkpt>
      <trkpt lat="43.646427" lon="-79.366741"><ele>83</ele><time>2026-05-31T11:31:59.000Z</time></trkpt>
      <trkpt lat="43.646447" lon="-79.36664"><ele>83</ele><time>2026-05-31T11:32:00.000Z</time></trkpt>
      <trkpt lat="43.646469" lon="-79.366539"><ele>83</ele><time>2026-05-31T11:32:01.000Z</time></trkpt>
      <trkpt lat="43.64649" lon="-79.366441"><ele>83</ele><time>2026-05-31T11:32:02.000Z</time></trkpt>
      <trkpt lat="43.646511" lon="-79.366345"><ele>83.2</ele><time>2026-05-31T11:32:03.000Z</time></trkpt>
      <trkpt lat="43.646533" lon="-79.366246"><ele>83.2</ele><time>2026-05-31T11:32:04.000Z</time></trkpt>
      <trkpt lat="43.64655" lon="-79.366149"><ele>83.2</ele><time>2026-05-31T11:32:05.000Z</time></trkpt>
      <trkpt lat="43.646568" lon="-79.366053"><ele>83.2</ele><time>2026-05-31T11:32:06.000Z</time></trkpt>
      <trkpt lat="43.646588" lon="-79.365962"><ele>83.2</ele><time>2026-05-31T11:32:07.000Z</time></trkpt>
      <trkpt lat="43.646605" lon="-79.36587"><ele>83.2</ele><time>2026-05-31T11:32:08.000Z</time></trkpt>
      <trkpt lat="43.646625" lon="-79.365778"><ele>83</ele><time>2026-05-31T11:32:09.000Z</time></trkpt>
      <trkpt lat="43.646646" lon="-79.36569"><ele>83</ele><time>2026-05-31T11:32:10.000Z</time></trkpt>
      <trkpt lat="43.646666" lon="-79.365604"><ele>83</ele><time>2026-05-31T11:32:11.000Z</time></trkpt>
      <trkpt lat="43.646684" lon="-79.365517"><ele>82.8</ele><time>2026-05-31T11:32:12.000Z</time></trkpt>
      <trkpt lat="43.646701" lon="-79.365428"><ele>83</ele><time>2026-05-31T11:32:13.000Z</time></trkpt>
      <trkpt lat="43.646718" lon="-79.365344"><ele>83</ele><time>2026-05-31T11:32:14.000Z</time></trkpt>
      <trkpt lat="43.646735" lon="-79.365261"><ele>83</ele><time>2026-05-31T11:32:15.000Z</time></trkpt>
      <trkpt lat="43.646752" lon="-79.365178"><ele>83</ele><time>2026-05-31T11:32:16.000Z</time></trkpt>
      <trkpt lat="43.646766" lon="-79.365094"><ele>83.2</ele><time>2026-05-31T11:32:17.000Z</time></trkpt>
      <trkpt lat="43.646781" lon="-79.365011"><ele>83.2</ele><time>2026-05-31T11:32:18.000Z</time></trkpt>
      <trkpt lat="43.646795" lon="-79.364929"><ele>83.2</ele><time>2026-05-31T11:32:19.000Z</time></trkpt>
      <trkpt lat="43.646808" lon="-79.364848"><ele>83.2</ele><time>2026-05-31T11:32:20.000Z</time></trkpt>
      <trkpt lat="43.646823" lon="-79.364769"><ele>83.2</ele><time>2026-05-31T11:32:21.000Z</time></trkpt>
      <trkpt lat="43.64684" lon="-79.36469"><ele>83.2</ele><time>2026-05-31T11:32:22.000Z</time></trkpt>
      <trkpt lat="43.646861" lon="-79.36461"><ele>83.2</ele><time>2026-05-31T11:32:23.000Z</time></trkpt>
      <trkpt lat="43.646881" lon="-79.364527"><ele>83.2</ele><time>2026-05-31T11:32:24.000Z</time></trkpt>
      <trkpt lat="43.6469" lon="-79.364441"><ele>83.2</ele><time>2026-05-31T11:32:25.000Z</time></trkpt>
      <trkpt lat="43.646918" lon="-79.364358"><ele>83</ele><time>2026-05-31T11:32:26.000Z</time></trkpt>
      <trkpt lat="43.646932" lon="-79.364279"><ele>83</ele><time>2026-05-31T11:32:27.000Z</time></trkpt>
      <trkpt lat="43.646946" lon="-79.364193"><ele>83</ele><time>2026-05-31T11:32:28.000Z</time></trkpt>
      <trkpt lat="43.646958" lon="-79.364116"><ele>82.8</ele><time>2026-05-31T11:32:29.000Z</time></trkpt>
      <trkpt lat="43.646976" lon="-79.364041"><ele>82.8</ele><time>2026-05-31T11:32:30.000Z</time></trkpt>
      <trkpt lat="43.646996" lon="-79.363966"><ele>82.8</ele><time>2026-05-31T11:32:31.000Z</time></trkpt>
      <trkpt lat="43.647016" lon="-79.363889"><ele>82.6</ele><time>2026-05-31T11:32:32.000Z</time></trkpt>
      <trkpt lat="43.647034" lon="-79.363812"><ele>82.6</ele><time>2026-05-31T11:32:33.000Z</time></trkpt>
      <trkpt lat="43.647046" lon="-79.363737"><ele>82.6</ele><time>2026-05-31T11:32:34.000Z</time></trkpt>
      <trkpt lat="43.647063" lon="-79.363666"><ele>82.6</ele><time>2026-05-31T11:32:35.000Z</time></trkpt>
      <trkpt lat="43.647081" lon="-79.363599"><ele>82.6</ele><time>2026-05-31T11:32:36.000Z</time></trkpt>
      <trkpt lat="43.647094" lon="-79.363531"><ele>82.6</ele><time>2026-05-31T11:32:37.000Z</time></trkpt>
      <trkpt lat="43.647107" lon="-79.363466"><ele>82.6</ele><time>2026-05-31T11:32:38.000Z</time></trkpt>
      <trkpt lat="43.647122" lon="-79.363403"><ele>82.6</ele><time>2026-05-31T11:32:39.000Z</time></trkpt>
      <trkpt lat="43.647136" lon="-79.363332"><ele>82.6</ele><time>2026-05-31T11:32:40.000Z</time></trkpt>
      <trkpt lat="43.647151" lon="-79.36326"><ele>82.4</ele><time>2026-05-31T11:32:41.000Z</time></trkpt>
      <trkpt lat="43.647169" lon="-79.363187"><ele>82.4</ele><time>2026-05-31T11:32:42.000Z</time></trkpt>
      <trkpt lat="43.647187" lon="-79.363112"><ele>82.4</ele><time>2026-05-31T11:32:43.000Z</time></trkpt>
      <trkpt lat="43.647202" lon="-79.363034"><ele>82.2</ele><time>2026-05-31T11:32:44.000Z</time></trkpt>
      <trkpt lat="43.647222" lon="-79.362955"><ele>82.2</ele><time>2026-05-31T11:32:45.000Z</time></trkpt>
      <trkpt lat="43.647242" lon="-79.362876"><ele>82</ele><time>2026-05-31T11:32:46.000Z</time></trkpt>
      <trkpt lat="43.64726" lon="-79.362795"><ele>82</ele><time>2026-05-31T11:32:47.000Z</time></trkpt>
      <trkpt lat="43.647278" lon="-79.362712"><ele>82.2</ele><time>2026-05-31T11:32:48.000Z</time></trkpt>
      <trkpt lat="43.647297" lon="-79.362628"><ele>82.2</ele><time>2026-05-31T11:32:49.000Z</time></trkpt>
      <trkpt lat="43.647321" lon="-79.362544"><ele>82.4</ele><time>2026-05-31T11:32:50.000Z</time></trkpt>
      <trkpt lat="43.647343" lon="-79.36246"><ele>82.4</ele><time>2026-05-31T11:32:51.000Z</time></trkpt>
      <trkpt lat="43.647366" lon="-79.362376"><ele>82.6</ele><time>2026-05-31T11:32:52.000Z</time></trkpt>
      <trkpt lat="43.64739" lon="-79.36229"><ele>82.6</ele><time>2026-05-31T11:32:53.000Z</time></trkpt>
      <trkpt lat="43.647413" lon="-79.362203"><ele>82.6</ele><time>2026-05-31T11:32:54.000Z</time></trkpt>
      <trkpt lat="43.647436" lon="-79.362115"><ele>82.6</ele><time>2026-05-31T11:32:55.000Z</time></trkpt>
      <trkpt lat="43.647462" lon="-79.362029"><ele>82.6</ele><time>2026-05-31T11:32:56.000Z</time></trkpt>
      <trkpt lat="43.647489" lon="-79.361943"><ele>82.6</ele><time>2026-05-31T11:32:57.000Z</time></trkpt>
      <trkpt lat="43.647519" lon="-79.361858"><ele>82.6</ele><time>2026-05-31T11:32:58.000Z</time></trkpt>
      <trkpt lat="43.647549" lon="-79.361773"><ele>82.6</ele><time>2026-05-31T11:32:59.000Z</time></trkpt>
      <trkpt lat="43.647579" lon="-79.361688"><ele>82.6</ele><time>2026-05-31T11:33:00.000Z</time></trkpt>
      <trkpt lat="43.647606" lon="-79.361603"><ele>82.6</ele><time>2026-05-31T11:33:01.000Z</time></trkpt>
      <trkpt lat="43.647636" lon="-79.36152"><ele>82.6</ele><time>2026-05-31T11:33:02.000Z</time></trkpt>
      <trkpt lat="43.647667" lon="-79.361435"><ele>82.6</ele><time>2026-05-31T11:33:03.000Z</time></trkpt>
      <trkpt lat="43.647696" lon="-79.361349"><ele>82.8</ele><time>2026-05-31T11:33:04.000Z</time></trkpt>
      <trkpt lat="43.647727" lon="-79.361262"><ele>82.8</ele><time>2026-05-31T11:33:05.000Z</time></trkpt>
      <trkpt lat="43.647755" lon="-79.361181"><ele>82.8</ele><time>2026-05-31T11:33:06.000Z</time></trkpt>
      <trkpt lat="43.647783" lon="-79.361097"><ele>82.8</ele><time>2026-05-31T11:33:07.000Z</time></trkpt>
      <trkpt lat="43.64781" lon="-79.361009"><ele>82.8</ele><time>2026-05-31T11:33:08.000Z</time></trkpt>
      <trkpt lat="43.647837" lon="-79.360923"><ele>83</ele><time>2026-05-31T11:33:09.000Z</time></trkpt>
      <trkpt lat="43.647863" lon="-79.360834"><ele>83</ele><time>2026-05-31T11:33:10.000Z</time></trkpt>
      <trkpt lat="43.647892" lon="-79.360747"><ele>83.2</ele><time>2026-05-31T11:33:11.000Z</time></trkpt>
      <trkpt lat="43.647919" lon="-79.360662"><ele>83.2</ele><time>2026-05-31T11:33:12.000Z</time></trkpt>
      <trkpt lat="43.647948" lon="-79.360579"><ele>83.2</ele><time>2026-05-31T11:33:13.000Z</time></trkpt>
      <trkpt lat="43.647978" lon="-79.360497"><ele>83.2</ele><time>2026-05-31T11:33:14.000Z</time></trkpt>
      <trkpt lat="43.648009" lon="-79.360417"><ele>83.4</ele><time>2026-05-31T11:33:15.000Z</time></trkpt>
      <trkpt lat="43.64804" lon="-79.360335"><ele>83.4</ele><time>2026-05-31T11:33:16.000Z</time></trkpt>
      <trkpt lat="43.648067" lon="-79.360249"><ele>83.4</ele><time>2026-05-31T11:33:17.000Z</time></trkpt>
      <trkpt lat="43.648095" lon="-79.360161"><ele>83.4</ele><time>2026-05-31T11:33:18.000Z</time></trkpt>
      <trkpt lat="43.648124" lon="-79.360076"><ele>83.4</ele><time>2026-05-31T11:33:19.000Z</time></trkpt>
      <trkpt lat="43.648152" lon="-79.35999"><ele>83.4</ele><time>2026-05-31T11:33:20.000Z</time></trkpt>
      <trkpt lat="43.64818" lon="-79.359904"><ele>83.2</ele><time>2026-05-31T11:33:21.000Z</time></trkpt>
      <trkpt lat="43.648211" lon="-79.359821"><ele>83.4</ele><time>2026-05-31T11:33:22.000Z</time></trkpt>
      <trkpt lat="43.64824" lon="-79.359738"><ele>83.2</ele><time>2026-05-31T11:33:23.000Z</time></trkpt>
      <trkpt lat="43.648268" lon="-79.359657"><ele>83.4</ele><time>2026-05-31T11:33:24.000Z</time></trkpt>
      <trkpt lat="43.648296" lon="-79.359575"><ele>83.4</ele><time>2026-05-31T11:33:25.000Z</time></trkpt>
      <trkpt lat="43.648326" lon="-79.359491"><ele>83.6</ele><time>2026-05-31T11:33:26.000Z</time></trkpt>
      <trkpt lat="43.648355" lon="-79.359403"><ele>83.6</ele><time>2026-05-31T11:33:27.000Z</time></trkpt>
      <trkpt lat="43.648382" lon="-79.359318"><ele>83.8</ele><time>2026-05-31T11:33:28.000Z</time></trkpt>
      <trkpt lat="43.648407" lon="-79.359231"><ele>83.8</ele><time>2026-05-31T11:33:29.000Z</time></trkpt>
      <trkpt lat="43.648434" lon="-79.359145"><ele>84</ele><time>2026-05-31T11:33:30.000Z</time></trkpt>
      <trkpt lat="43.648462" lon="-79.359063"><ele>84</ele><time>2026-05-31T11:33:31.000Z</time></trkpt>
      <trkpt lat="43.648491" lon="-79.358979"><ele>84</ele><time>2026-05-31T11:33:32.000Z</time></trkpt>
      <trkpt lat="43.648519" lon="-79.358895"><ele>84</ele><time>2026-05-31T11:33:33.000Z</time></trkpt>
      <trkpt lat="43.648547" lon="-79.35881"><ele>84</ele><time>2026-05-31T11:33:34.000Z</time></trkpt>
      <trkpt lat="43.648579" lon="-79.358725"><ele>84</ele><time>2026-05-31T11:33:35.000Z</time></trkpt>
      <trkpt lat="43.648612" lon="-79.358642"><ele>84</ele><time>2026-05-31T11:33:36.000Z</time></trkpt>
      <trkpt lat="43.648643" lon="-79.358557"><ele>84.2</ele><time>2026-05-31T11:33:37.000Z</time></trkpt>
      <trkpt lat="43.648675" lon="-79.358473"><ele>84.2</ele><time>2026-05-31T11:33:38.000Z</time></trkpt>
      <trkpt lat="43.648703" lon="-79.358384"><ele>84.2</ele><time>2026-05-31T11:33:39.000Z</time></trkpt>
      <trkpt lat="43.648729" lon="-79.358298"><ele>84.2</ele><time>2026-05-31T11:33:40.000Z</time></trkpt>
      <trkpt lat="43.648756" lon="-79.358211"><ele>84.2</ele><time>2026-05-31T11:33:41.000Z</time></trkpt>
      <trkpt lat="43.648782" lon="-79.358123"><ele>84.4</ele><time>2026-05-31T11:33:42.000Z</time></trkpt>
      <trkpt lat="43.648806" lon="-79.358034"><ele>84.4</ele><time>2026-05-31T11:33:43.000Z</time></trkpt>
      <trkpt lat="43.648831" lon="-79.357945"><ele>84.4</ele><time>2026-05-31T11:33:44.000Z</time></trkpt>
      <trkpt lat="43.648856" lon="-79.357857"><ele>84.4</ele><time>2026-05-31T11:33:45.000Z</time></trkpt>
      <trkpt lat="43.648879" lon="-79.357769"><ele>84.6</ele><time>2026-05-31T11:33:46.000Z</time></trkpt>
      <trkpt lat="43.648901" lon="-79.357679"><ele>84.6</ele><time>2026-05-31T11:33:47.000Z</time></trkpt>
      <trkpt lat="43.648924" lon="-79.357589"><ele>84.6</ele><time>2026-05-31T11:33:48.000Z</time></trkpt>
      <trkpt lat="43.648945" lon="-79.357499"><ele>84.6</ele><time>2026-05-31T11:33:49.000Z</time></trkpt>
      <trkpt lat="43.648961" lon="-79.357404"><ele>84.8</ele><time>2026-05-31T11:33:50.000Z</time></trkpt>
      <trkpt lat="43.648979" lon="-79.35731"><ele>84.8</ele><time>2026-05-31T11:33:51.000Z</time></trkpt>
      <trkpt lat="43.648994" lon="-79.357216"><ele>85</ele><time>2026-05-31T11:33:52.000Z</time></trkpt>
      <trkpt lat="43.649006" lon="-79.357122"><ele>85</ele><time>2026-05-31T11:33:53.000Z</time></trkpt>
      <trkpt lat="43.649016" lon="-79.357028"><ele>85</ele><time>2026-05-31T11:33:54.000Z</time></trkpt>
      <trkpt lat="43.649027" lon="-79.356935"><ele>84.8</ele><time>2026-05-31T11:33:55.000Z</time></trkpt>
      <trkpt lat="43.649035" lon="-79.356841"><ele>85</ele><time>2026-05-31T11:33:56.000Z</time></trkpt>
      <trkpt lat="43.649042" lon="-79.356748"><ele>84.8</ele><time>2026-05-31T11:33:57.000Z</time></trkpt>
      <trkpt lat="43.649049" lon="-79.356654"><ele>84.8</ele><time>2026-05-31T11:33:58.000Z</time></trkpt>
      <trkpt lat="43.649052" lon="-79.356558"><ele>85</ele><time>2026-05-31T11:33:59.000Z</time></trkpt>
      <trkpt lat="43.649053" lon="-79.356459"><ele>85</ele><time>2026-05-31T11:34:00.000Z</time></trkpt>
      <trkpt lat="43.649055" lon="-79.356361"><ele>85.2</ele><time>2026-05-31T11:34:01.000Z</time></trkpt>
      <trkpt lat="43.649058" lon="-79.35626"><ele>85.2</ele><time>2026-05-31T11:34:02.000Z</time></trkpt>
      <trkpt lat="43.64906" lon="-79.356163"><ele>85.2</ele><time>2026-05-31T11:34:03.000Z</time></trkpt>
      <trkpt lat="43.649057" lon="-79.356068"><ele>85.2</ele><time>2026-05-31T11:34:04.000Z</time></trkpt>
      <trkpt lat="43.649053" lon="-79.355971"><ele>85</ele><time>2026-05-31T11:34:05.000Z</time></trkpt>
      <trkpt lat="43.649048" lon="-79.355873"><ele>85</ele><time>2026-05-31T11:34:06.000Z</time></trkpt>
      <trkpt lat="43.649045" lon="-79.355773"><ele>84.8</ele><time>2026-05-31T11:34:07.000Z</time></trkpt>
      <trkpt lat="43.649044" lon="-79.355671"><ele>84.8</ele><time>2026-05-31T11:34:08.000Z</time></trkpt>
      <trkpt lat="43.649042" lon="-79.35557"><ele>84.8</ele><time>2026-05-31T11:34:09.000Z</time></trkpt>
      <trkpt lat="43.649038" lon="-79.355466"><ele>84.6</ele><time>2026-05-31T11:34:10.000Z</time></trkpt>
      <trkpt lat="43.64903" lon="-79.355363"><ele>84.6</ele><time>2026-05-31T11:34:11.000Z</time></trkpt>
      <trkpt lat="43.649018" lon="-79.355259"><ele>84.6</ele><time>2026-05-31T11:34:12.000Z</time></trkpt>
      <trkpt lat="43.649009" lon="-79.355153"><ele>84.6</ele><time>2026-05-31T11:34:13.000Z</time></trkpt>
      <trkpt lat="43.648996" lon="-79.355048"><ele>84.4</ele><time>2026-05-31T11:34:14.000Z</time></trkpt>
      <trkpt lat="43.648982" lon="-79.354941"><ele>84.4</ele><time>2026-05-31T11:34:15.000Z</time></trkpt>
      <trkpt lat="43.648969" lon="-79.354831"><ele>84.4</ele><time>2026-05-31T11:34:16.000Z</time></trkpt>
      <trkpt lat="43.648959" lon="-79.354719"><ele>84.4</ele><time>2026-05-31T11:34:17.000Z</time></trkpt>
      <trkpt lat="43.648948" lon="-79.354608"><ele>84.2</ele><time>2026-05-31T11:34:18.000Z</time></trkpt>
      <trkpt lat="43.648937" lon="-79.354499"><ele>84.2</ele><time>2026-05-31T11:34:19.000Z</time></trkpt>
      <trkpt lat="43.648928" lon="-79.354389"><ele>84.2</ele><time>2026-05-31T11:34:20.000Z</time></trkpt>
      <trkpt lat="43.648917" lon="-79.354278"><ele>84</ele><time>2026-05-31T11:34:21.000Z</time></trkpt>
      <trkpt lat="43.648907" lon="-79.354164"><ele>84</ele><time>2026-05-31T11:34:22.000Z</time></trkpt>
      <trkpt lat="43.648896" lon="-79.354052"><ele>84</ele><time>2026-05-31T11:34:23.000Z</time></trkpt>
      <trkpt lat="43.648888" lon="-79.353938"><ele>84</ele><time>2026-05-31T11:34:24.000Z</time></trkpt>
      <trkpt lat="43.648881" lon="-79.353824"><ele>83.8</ele><time>2026-05-31T11:34:25.000Z</time></trkpt>
      <trkpt lat="43.648876" lon="-79.353709"><ele>83.8</ele><time>2026-05-31T11:34:26.000Z</time></trkpt>
      <trkpt lat="43.648872" lon="-79.353595"><ele>83.8</ele><time>2026-05-31T11:34:27.000Z</time></trkpt>
      <trkpt lat="43.648868" lon="-79.35348"><ele>83.8</ele><time>2026-05-31T11:34:28.000Z</time></trkpt>
      <trkpt lat="43.648867" lon="-79.353366"><ele>83.8</ele><time>2026-05-31T11:34:29.000Z</time></trkpt>
      <trkpt lat="43.648867" lon="-79.353253"><ele>83.8</ele><time>2026-05-31T11:34:30.000Z</time></trkpt>
      <trkpt lat="43.648868" lon="-79.35314"><ele>83.8</ele><time>2026-05-31T11:34:31.000Z</time></trkpt>
      <trkpt lat="43.648872" lon="-79.353026"><ele>83.8</ele><time>2026-05-31T11:34:32.000Z</time></trkpt>
      <trkpt lat="43.64888" lon="-79.35291"><ele>83.8</ele><time>2026-05-31T11:34:33.000Z</time></trkpt>
      <trkpt lat="43.64889" lon="-79.352795"><ele>83.8</ele><time>2026-05-31T11:34:34.000Z</time></trkpt>
      <trkpt lat="43.648899" lon="-79.352681"><ele>83.8</ele><time>2026-05-31T11:34:35.000Z</time></trkpt>
      <trkpt lat="43.648911" lon="-79.35257"><ele>83.8</ele><time>2026-05-31T11:34:36.000Z</time></trkpt>
      <trkpt lat="43.648927" lon="-79.352459"><ele>83.8</ele><time>2026-05-31T11:34:37.000Z</time></trkpt>
      <trkpt lat="43.648944" lon="-79.352351"><ele>83.8</ele><time>2026-05-31T11:34:38.000Z</time></trkpt>
      <trkpt lat="43.648963" lon="-79.352246"><ele>83.8</ele><time>2026-05-31T11:34:39.000Z</time></trkpt>
      <trkpt lat="43.648984" lon="-79.352146"><ele>83.8</ele><time>2026-05-31T11:34:40.000Z</time></trkpt>
      <trkpt lat="43.649009" lon="-79.352049"><ele>84</ele><time>2026-05-31T11:34:41.000Z</time></trkpt>
      <trkpt lat="43.649035" lon="-79.351951"><ele>84.2</ele><time>2026-05-31T11:34:42.000Z</time></trkpt>
      <trkpt lat="43.649059" lon="-79.351854"><ele>84.4</ele><time>2026-05-31T11:34:43.000Z</time></trkpt>
      <trkpt lat="43.649082" lon="-79.351762"><ele>84.8</ele><time>2026-05-31T11:34:44.000Z</time></trkpt>
      <trkpt lat="43.64911" lon="-79.351672"><ele>85</ele><time>2026-05-31T11:34:45.000Z</time></trkpt>
      <trkpt lat="43.64914" lon="-79.351587"><ele>85.2</ele><time>2026-05-31T11:34:46.000Z</time></trkpt>
      <trkpt lat="43.649169" lon="-79.351504"><ele>85.4</ele><time>2026-05-31T11:34:47.000Z</time></trkpt>
      <trkpt lat="43.649198" lon="-79.351427"><ele>85.6</ele><time>2026-05-31T11:34:48.000Z</time></trkpt>
      <trkpt lat="43.649229" lon="-79.351347"><ele>85.8</ele><time>2026-05-31T11:34:49.000Z</time></trkpt>
      <trkpt lat="43.649262" lon="-79.351271"><ele>86</ele><time>2026-05-31T11:34:50.000Z</time></trkpt>
      <trkpt lat="43.649292" lon="-79.351194"><ele>86.2</ele><time>2026-05-31T11:34:51.000Z</time></trkpt>
      <trkpt lat="43.649319" lon="-79.351119"><ele>86.4</ele><time>2026-05-31T11:34:52.000Z</time></trkpt>
      <trkpt lat="43.649347" lon="-79.351047"><ele>86.6</ele><time>2026-05-31T11:34:53.000Z</time></trkpt>
      <trkpt lat="43.649379" lon="-79.350975"><ele>86.8</ele><time>2026-05-31T11:34:54.000Z</time></trkpt>
      <trkpt lat="43.649413" lon="-79.350902"><ele>87</ele><time>2026-05-31T11:34:55.000Z</time></trkpt>
      <trkpt lat="43.649442" lon="-79.350828"><ele>87.4</ele><time>2026-05-31T11:34:56.000Z</time></trkpt>
      <trkpt lat="43.649472" lon="-79.350755"><ele>87.6</ele><time>2026-05-31T11:34:57.000Z</time></trkpt>
      <trkpt lat="43.649502" lon="-79.350684"><ele>87.8</ele><time>2026-05-31T11:34:58.000Z</time></trkpt>
      <trkpt lat="43.649532" lon="-79.350613"><ele>88</ele><time>2026-05-31T11:34:59.000Z</time></trkpt>
      <trkpt lat="43.64956" lon="-79.350543"><ele>88.2</ele><time>2026-05-31T11:35:00.000Z</time></trkpt>
      <trkpt lat="43.649593" lon="-79.350467"><ele>88.4</ele><time>2026-05-31T11:35:01.000Z</time></trkpt>
      <trkpt lat="43.649623" lon="-79.350397"><ele>88.4</ele><time>2026-05-31T11:35:02.000Z</time></trkpt>
      <trkpt lat="43.649649" lon="-79.350325"><ele>88.6</ele><time>2026-05-31T11:35:03.000Z</time></trkpt>
      <trkpt lat="43.649681" lon="-79.350258"><ele>88.6</ele><time>2026-05-31T11:35:04.000Z</time></trkpt>
      <trkpt lat="43.649712" lon="-79.350193"><ele>88.8</ele><time>2026-05-31T11:35:05.000Z</time></trkpt>
      <trkpt lat="43.649741" lon="-79.350124"><ele>88.8</ele><time>2026-05-31T11:35:06.000Z</time></trkpt>
      <trkpt lat="43.649771" lon="-79.350057"><ele>89</ele><time>2026-05-31T11:35:07.000Z</time></trkpt>
      <trkpt lat="43.6498" lon="-79.34999"><ele>89.2</ele><time>2026-05-31T11:35:08.000Z</time></trkpt>
      <trkpt lat="43.649829" lon="-79.349922"><ele>89.4</ele><time>2026-05-31T11:35:09.000Z</time></trkpt>
      <trkpt lat="43.649853" lon="-79.349854"><ele>89.6</ele><time>2026-05-31T11:35:10.000Z</time></trkpt>
      <trkpt lat="43.649878" lon="-79.349789"><ele>90</ele><time>2026-05-31T11:35:11.000Z</time></trkpt>
      <trkpt lat="43.649904" lon="-79.349722"><ele>90.4</ele><time>2026-05-31T11:35:12.000Z</time></trkpt>
      <trkpt lat="43.649933" lon="-79.349654"><ele>90.6</ele><time>2026-05-31T11:35:13.000Z</time></trkpt>
      <trkpt lat="43.649962" lon="-79.349585"><ele>90.8</ele><time>2026-05-31T11:35:14.000Z</time></trkpt>
      <trkpt lat="43.649997" lon="-79.349519"><ele>90.8</ele><time>2026-05-31T11:35:15.000Z</time></trkpt>
      <trkpt lat="43.650032" lon="-79.349457"><ele>90.8</ele><time>2026-05-31T11:35:16.000Z</time></trkpt>
      <trkpt lat="43.650066" lon="-79.349392"><ele>90.8</ele><time>2026-05-31T11:35:17.000Z</time></trkpt>
      <trkpt lat="43.650101" lon="-79.349329"><ele>90.8</ele><time>2026-05-31T11:35:18.000Z</time></trkpt>
      <trkpt lat="43.650137" lon="-79.349266"><ele>90.6</ele><time>2026-05-31T11:35:19.000Z</time></trkpt>
      <trkpt lat="43.650174" lon="-79.349202"><ele>90.6</ele><time>2026-05-31T11:35:20.000Z</time></trkpt>
      <trkpt lat="43.650215" lon="-79.34914"><ele>90.4</ele><time>2026-05-31T11:35:21.000Z</time></trkpt>
      <trkpt lat="43.650257" lon="-79.34908"><ele>90.4</ele><time>2026-05-31T11:35:22.000Z</time></trkpt>
      <trkpt lat="43.650297" lon="-79.349019"><ele>90.4</ele><time>2026-05-31T11:35:23.000Z</time></trkpt>
      <trkpt lat="43.650336" lon="-79.348961"><ele>90.2</ele><time>2026-05-31T11:35:24.000Z</time></trkpt>
      <trkpt lat="43.650375" lon="-79.348905"><ele>90</ele><time>2026-05-31T11:35:25.000Z</time></trkpt>
      <trkpt lat="43.650416" lon="-79.348853"><ele>90</ele><time>2026-05-31T11:35:26.000Z</time></trkpt>
      <trkpt lat="43.650458" lon="-79.3488"><ele>90</ele><time>2026-05-31T11:35:27.000Z</time></trkpt>
      <trkpt lat="43.650505" lon="-79.348748"><ele>90</ele><time>2026-05-31T11:35:28.000Z</time></trkpt>
      <trkpt lat="43.650559" lon="-79.348703"><ele>89.8</ele><time>2026-05-31T11:35:29.000Z</time></trkpt>
      <trkpt lat="43.650615" lon="-79.348661"><ele>89.6</ele><time>2026-05-31T11:35:30.000Z</time></trkpt>
      <trkpt lat="43.650672" lon="-79.348618"><ele>89.4</ele><time>2026-05-31T11:35:31.000Z</time></trkpt>
      <trkpt lat="43.650729" lon="-79.348574"><ele>89</ele><time>2026-05-31T11:35:32.000Z</time></trkpt>
      <trkpt lat="43.650786" lon="-79.348528"><ele>88.8</ele><time>2026-05-31T11:35:33.000Z</time></trkpt>
      <trkpt lat="43.650845" lon="-79.348486"><ele>88.6</ele><time>2026-05-31T11:35:34.000Z</time></trkpt>
      <trkpt lat="43.650905" lon="-79.348445"><ele>88.6</ele><time>2026-05-31T11:35:35.000Z</time></trkpt>
      <trkpt lat="43.650969" lon="-79.348405"><ele>88.4</ele><time>2026-05-31T11:35:36.000Z</time></trkpt>
      <trkpt lat="43.651035" lon="-79.348367"><ele>88</ele><time>2026-05-31T11:35:37.000Z</time></trkpt>
      <trkpt lat="43.651105" lon="-79.348335"><ele>87.8</ele><time>2026-05-31T11:35:38.000Z</time></trkpt>
      <trkpt lat="43.651178" lon="-79.348305"><ele>87.6</ele><time>2026-05-31T11:35:39.000Z</time></trkpt>
      <trkpt lat="43.651253" lon="-79.348274"><ele>87.2</ele><time>2026-05-31T11:35:40.000Z</time></trkpt>
      <trkpt lat="43.651331" lon="-79.348245"><ele>86.8</ele><time>2026-05-31T11:35:41.000Z</time></trkpt>
      <trkpt lat="43.651411" lon="-79.348215"><ele>86.6</ele><time>2026-05-31T11:35:42.000Z</time></trkpt>
      <trkpt lat="43.651496" lon="-79.348196"><ele>86</ele><time>2026-05-31T11:35:43.000Z</time></trkpt>
      <trkpt lat="43.651586" lon="-79.348185"><ele>85.6</ele><time>2026-05-31T11:35:44.000Z</time></trkpt>
      <trkpt lat="43.651676" lon="-79.348171"><ele>85.2</ele><time>2026-05-31T11:35:45.000Z</time></trkpt>
      <trkpt lat="43.651768" lon="-79.348155"><ele>84.8</ele><time>2026-05-31T11:35:46.000Z</time></trkpt>
      <trkpt lat="43.651861" lon="-79.348152"><ele>84</ele><time>2026-05-31T11:35:47.000Z</time></trkpt>
      <trkpt lat="43.651959" lon="-79.348158"><ele>83.4</ele><time>2026-05-31T11:35:48.000Z</time></trkpt>
      <trkpt lat="43.652055" lon="-79.348166"><ele>82.6</ele><time>2026-05-31T11:35:49.000Z</time></trkpt>
      <trkpt lat="43.652153" lon="-79.348186"><ele>82.2</ele><time>2026-05-31T11:35:50.000Z</time></trkpt>
      <trkpt lat="43.652252" lon="-79.34821"><ele>81.2</ele><time>2026-05-31T11:35:51.000Z</time></trkpt>
      <trkpt lat="43.652353" lon="-79.348239"><ele>80.6</ele><time>2026-05-31T11:35:52.000Z</time></trkpt>
      <trkpt lat="43.652453" lon="-79.34827"><ele>79.4</ele><time>2026-05-31T11:35:53.000Z</time></trkpt>
      <trkpt lat="43.652553" lon="-79.348311"><ele>78.6</ele><time>2026-05-31T11:35:54.000Z</time></trkpt>
      <trkpt lat="43.652654" lon="-79.348361"><ele>78.2</ele><time>2026-05-31T11:35:55.000Z</time></trkpt>
      <trkpt lat="43.652753" lon="-79.348415"><ele>77.6</ele><time>2026-05-31T11:35:56.000Z</time></trkpt>
      <trkpt lat="43.652852" lon="-79.348479"><ele>77.2</ele><time>2026-05-31T11:35:57.000Z</time></trkpt>
      <trkpt lat="43.652949" lon="-79.348549"><ele>76.2</ele><time>2026-05-31T11:35:58.000Z</time></trkpt>
      <trkpt lat="43.653048" lon="-79.348621"><ele>75.2</ele><time>2026-05-31T11:35:59.000Z</time></trkpt>
      <trkpt lat="43.653147" lon="-79.348698"><ele>74.2</ele><time>2026-05-31T11:36:00.000Z</time></trkpt>
      <trkpt lat="43.653247" lon="-79.348776"><ele>73.6</ele><time>2026-05-31T11:36:01.000Z</time></trkpt>
      <trkpt lat="43.653351" lon="-79.348853"><ele>73</ele><time>2026-05-31T11:36:02.000Z</time></trkpt>
      <trkpt lat="43.653454" lon="-79.348936"><ele>72.4</ele><time>2026-05-31T11:36:03.000Z</time></trkpt>
      <trkpt lat="43.653558" lon="-79.349021"><ele>71.8</ele><time>2026-05-31T11:36:04.000Z</time></trkpt>
      <trkpt lat="43.653664" lon="-79.349105"><ele>71</ele><time>2026-05-31T11:36:05.000Z</time></trkpt>
      <trkpt lat="43.653766" lon="-79.349184"><ele>70.4</ele><time>2026-05-31T11:36:06.000Z</time></trkpt>
      <trkpt lat="43.653872" lon="-79.349263"><ele>69.8</ele><time>2026-05-31T11:36:07.000Z</time></trkpt>
      <trkpt lat="43.65396" lon="-79.349346"><ele>69.2</ele><time>2026-05-31T11:36:08.000Z</time></trkpt>
      <trkpt lat="43.654048" lon="-79.349433"><ele>69</ele><time>2026-05-31T11:36:09.000Z</time></trkpt>
      <trkpt lat="43.654127" lon="-79.349517"><ele>68.8</ele><time>2026-05-31T11:36:10.000Z</time></trkpt>
      <trkpt lat="43.654218" lon="-79.349608"><ele>68.8</ele><time>2026-05-31T11:36:11.000Z</time></trkpt>
      <trkpt lat="43.654306" lon="-79.349701"><ele>69</ele><time>2026-05-31T11:36:12.000Z</time></trkpt>
      <trkpt lat="43.654388" lon="-79.349791"><ele>69.2</ele><time>2026-05-31T11:36:13.000Z</time></trkpt>
      <trkpt lat="43.654468" lon="-79.349878"><ele>69.2</ele><time>2026-05-31T11:36:14.000Z</time></trkpt>
      <trkpt lat="43.654546" lon="-79.349961"><ele>69.4</ele><time>2026-05-31T11:36:15.000Z</time></trkpt>
      <trkpt lat="43.654618" lon="-79.350043"><ele>69.6</ele><time>2026-05-31T11:36:16.000Z</time></trkpt>
      <trkpt lat="43.654689" lon="-79.35012"><ele>69.8</ele><time>2026-05-31T11:36:17.000Z</time></trkpt>
      <trkpt lat="43.654758" lon="-79.350198"><ele>70</ele><time>2026-05-31T11:36:18.000Z</time></trkpt>
      <trkpt lat="43.654823" lon="-79.350273"><ele>70.2</ele><time>2026-05-31T11:36:19.000Z</time></trkpt>
      <trkpt lat="43.654888" lon="-79.350346"><ele>70.6</ele><time>2026-05-31T11:36:20.000Z</time></trkpt>
      <trkpt lat="43.654952" lon="-79.350415"><ele>71</ele><time>2026-05-31T11:36:21.000Z</time></trkpt>
      <trkpt lat="43.655016" lon="-79.35048"><ele>71.2</ele><time>2026-05-31T11:36:22.000Z</time></trkpt>
      <trkpt lat="43.655078" lon="-79.35054"><ele>71.6</ele><time>2026-05-31T11:36:23.000Z</time></trkpt>
      <trkpt lat="43.655137" lon="-79.350602"><ele>72</ele><time>2026-05-31T11:36:24.000Z</time></trkpt>
      <trkpt lat="43.655196" lon="-79.350666"><ele>72.2</ele><time>2026-05-31T11:36:25.000Z</time></trkpt>
      <trkpt lat="43.655257" lon="-79.350729"><ele>72.6</ele><time>2026-05-31T11:36:26.000Z</time></trkpt>
      <trkpt lat="43.65532" lon="-79.35079"><ele>73</ele><time>2026-05-31T11:36:27.000Z</time></trkpt>
      <trkpt lat="43.65538" lon="-79.350861"><ele>73.2</ele><time>2026-05-31T11:36:28.000Z</time></trkpt>
      <trkpt lat="43.655437" lon="-79.35093"><ele>73.4</ele><time>2026-05-31T11:36:29.000Z</time></trkpt>
      <trkpt lat="43.655495" lon="-79.350996"><ele>73.6</ele><time>2026-05-31T11:36:30.000Z</time></trkpt>
      <trkpt lat="43.655553" lon="-79.351058"><ele>73.8</ele><time>2026-05-31T11:36:31.000Z</time></trkpt>
      <trkpt lat="43.65561" lon="-79.351121"><ele>73.8</ele><time>2026-05-31T11:36:32.000Z</time></trkpt>
      <trkpt lat="43.655665" lon="-79.351188"><ele>73.8</ele><time>2026-05-31T11:36:33.000Z</time></trkpt>
      <trkpt lat="43.65572" lon="-79.351257"><ele>73.8</ele><time>2026-05-31T11:36:34.000Z</time></trkpt>
      <trkpt lat="43.655778" lon="-79.351321"><ele>73.8</ele><time>2026-05-31T11:36:35.000Z</time></trkpt>
      <trkpt lat="43.655835" lon="-79.351386"><ele>73.4</ele><time>2026-05-31T11:36:36.000Z</time></trkpt>
      <trkpt lat="43.655894" lon="-79.351451"><ele>73.2</ele><time>2026-05-31T11:36:37.000Z</time></trkpt>
      <trkpt lat="43.655949" lon="-79.351517"><ele>73</ele><time>2026-05-31T11:36:38.000Z</time></trkpt>
      <trkpt lat="43.656004" lon="-79.351585"><ele>73</ele><time>2026-05-31T11:36:39.000Z</time></trkpt>
      <trkpt lat="43.656062" lon="-79.351651"><ele>73</ele><time>2026-05-31T11:36:40.000Z</time></trkpt>
      <trkpt lat="43.656122" lon="-79.351716"><ele>73</ele><time>2026-05-31T11:36:41.000Z</time></trkpt>
      <trkpt lat="43.656177" lon="-79.351786"><ele>73</ele><time>2026-05-31T11:36:42.000Z</time></trkpt>
      <trkpt lat="43.656236" lon="-79.351854"><ele>73</ele><time>2026-05-31T11:36:43.000Z</time></trkpt>
      <trkpt lat="43.6563" lon="-79.351914"><ele>73</ele><time>2026-05-31T11:36:44.000Z</time></trkpt>
      <trkpt lat="43.656362" lon="-79.351978"><ele>72.8</ele><time>2026-05-31T11:36:45.000Z</time></trkpt>
      <trkpt lat="43.656425" lon="-79.352043"><ele>72.8</ele><time>2026-05-31T11:36:46.000Z</time></trkpt>
      <trkpt lat="43.656486" lon="-79.35211"><ele>72.6</ele><time>2026-05-31T11:36:47.000Z</time></trkpt>
      <trkpt lat="43.656547" lon="-79.352176"><ele>72.6</ele><time>2026-05-31T11:36:48.000Z</time></trkpt>
      <trkpt lat="43.656605" lon="-79.352243"><ele>72.6</ele><time>2026-05-31T11:36:49.000Z</time></trkpt>
      <trkpt lat="43.656658" lon="-79.352311"><ele>72.4</ele><time>2026-05-31T11:36:50.000Z</time></trkpt>
      <trkpt lat="43.656716" lon="-79.352379"><ele>72.4</ele><time>2026-05-31T11:36:51.000Z</time></trkpt>
      <trkpt lat="43.656769" lon="-79.352442"><ele>72.4</ele><time>2026-05-31T11:36:52.000Z</time></trkpt>
      <trkpt lat="43.656824" lon="-79.352498"><ele>72.2</ele><time>2026-05-31T11:36:53.000Z</time></trkpt>
      <trkpt lat="43.65688" lon="-79.352554"><ele>72</ele><time>2026-05-31T11:36:54.000Z</time></trkpt>
      <trkpt lat="43.656942" lon="-79.352613"><ele>71.8</ele><time>2026-05-31T11:36:55.000Z</time></trkpt>
      <trkpt lat="43.657005" lon="-79.352674"><ele>71.8</ele><time>2026-05-31T11:36:56.000Z</time></trkpt>
      <trkpt lat="43.657068" lon="-79.352735"><ele>71.6</ele><time>2026-05-31T11:36:57.000Z</time></trkpt>
      <trkpt lat="43.657127" lon="-79.352798"><ele>71.6</ele><time>2026-05-31T11:36:58.000Z</time></trkpt>
      <trkpt lat="43.657186" lon="-79.352854"><ele>71.6</ele><time>2026-05-31T11:36:59.000Z</time></trkpt>
      <trkpt lat="43.65724" lon="-79.352908"><ele>71.6</ele><time>2026-05-31T11:37:00.000Z</time></trkpt>
      <trkpt lat="43.657294" lon="-79.352958"><ele>71.6</ele><time>2026-05-31T11:37:01.000Z</time></trkpt>
      <trkpt lat="43.65735" lon="-79.353007"><ele>71.8</ele><time>2026-05-31T11:37:02.000Z</time></trkpt>
      <trkpt lat="43.657402" lon="-79.353058"><ele>71.8</ele><time>2026-05-31T11:37:03.000Z</time></trkpt>
      <trkpt lat="43.657457" lon="-79.353107"><ele>72</ele><time>2026-05-31T11:37:04.000Z</time></trkpt>
      <trkpt lat="43.657512" lon="-79.353155"><ele>72</ele><time>2026-05-31T11:37:05.000Z</time></trkpt>
      <trkpt lat="43.657566" lon="-79.353205"><ele>72</ele><time>2026-05-31T11:37:06.000Z</time></trkpt>
      <trkpt lat="43.65762" lon="-79.353253"><ele>72.2</ele><time>2026-05-31T11:37:07.000Z</time></trkpt>
      <trkpt lat="43.657674" lon="-79.353295"><ele>72.2</ele><time>2026-05-31T11:37:08.000Z</time></trkpt>
      <trkpt lat="43.657728" lon="-79.353336"><ele>72.2</ele><time>2026-05-31T11:37:09.000Z</time></trkpt>
      <trkpt lat="43.657781" lon="-79.353373"><ele>71.6</ele><time>2026-05-31T11:37:10.000Z</time></trkpt>
      <trkpt lat="43.657832" lon="-79.353409"><ele>71</ele><time>2026-05-31T11:37:11.000Z</time></trkpt>
      <trkpt lat="43.657879" lon="-79.353447"><ele>70.6</ele><time>2026-05-31T11:37:12.000Z</time></trkpt>
      <trkpt lat="43.657927" lon="-79.353484"><ele>70.4</ele><time>2026-05-31T11:37:13.000Z</time></trkpt>
      <trkpt lat="43.657977" lon="-79.353519"><ele>70.6</ele><time>2026-05-31T11:37:14.000Z</time></trkpt>
      <trkpt lat="43.658029" lon="-79.353551"><ele>70.8</ele><time>2026-05-31T11:37:15.000Z</time></trkpt>
      <trkpt lat="43.658076" lon="-79.353576"><ele>71</ele><time>2026-05-31T11:37:16.000Z</time></trkpt>
      <trkpt lat="43.658118" lon="-79.353601"><ele>71.2</ele><time>2026-05-31T11:37:17.000Z</time></trkpt>
      <trkpt lat="43.658172" lon="-79.353636"><ele>71.2</ele><time>2026-05-31T11:37:18.000Z</time></trkpt>
      <trkpt lat="43.65823" lon="-79.353675"><ele>71</ele><time>2026-05-31T11:37:19.000Z</time></trkpt>
      <trkpt lat="43.658286" lon="-79.353711"><ele>71.2</ele><time>2026-05-31T11:37:20.000Z</time></trkpt>
      <trkpt lat="43.65834" lon="-79.353747"><ele>71.2</ele><time>2026-05-31T11:37:21.000Z</time></trkpt>
      <trkpt lat="43.658393" lon="-79.353782"><ele>71.2</ele><time>2026-05-31T11:37:22.000Z</time></trkpt>
      <trkpt lat="43.658444" lon="-79.353817"><ele>71.4</ele><time>2026-05-31T11:37:23.000Z</time></trkpt>
      <trkpt lat="43.658498" lon="-79.353849"><ele>71.4</ele><time>2026-05-31T11:37:24.000Z</time></trkpt>
      <trkpt lat="43.658552" lon="-79.353879"><ele>71.4</ele><time>2026-05-31T11:37:25.000Z</time></trkpt>
      <trkpt lat="43.658605" lon="-79.35391"><ele>71.4</ele><time>2026-05-31T11:37:26.000Z</time></trkpt>
      <trkpt lat="43.658659" lon="-79.353938"><ele>71.6</ele><time>2026-05-31T11:37:27.000Z</time></trkpt>
      <trkpt lat="43.658711" lon="-79.353966"><ele>71.8</ele><time>2026-05-31T11:37:28.000Z</time></trkpt>
      <trkpt lat="43.658764" lon="-79.353989"><ele>72</ele><time>2026-05-31T11:37:29.000Z</time></trkpt>
      <trkpt lat="43.65882" lon="-79.354012"><ele>72</ele><time>2026-05-31T11:37:30.000Z</time></trkpt>
      <trkpt lat="43.658875" lon="-79.354035"><ele>72.2</ele><time>2026-05-31T11:37:31.000Z</time></trkpt>
      <trkpt lat="43.65893" lon="-79.354055"><ele>72.2</ele><time>2026-05-31T11:37:32.000Z</time></trkpt>
      <trkpt lat="43.658981" lon="-79.354069"><ele>72.2</ele><time>2026-05-31T11:37:33.000Z</time></trkpt>
      <trkpt lat="43.65903" lon="-79.354088"><ele>72.2</ele><time>2026-05-31T11:37:34.000Z</time></trkpt>
      <trkpt lat="43.659079" lon="-79.354106"><ele>72.4</ele><time>2026-05-31T11:37:35.000Z</time></trkpt>
      <trkpt lat="43.659125" lon="-79.354124"><ele>72.4</ele><time>2026-05-31T11:37:36.000Z</time></trkpt>
      <trkpt lat="43.659168" lon="-79.354141"><ele>72.4</ele><time>2026-05-31T11:37:37.000Z</time></trkpt>
      <trkpt lat="43.659211" lon="-79.354152"><ele>72.6</ele><time>2026-05-31T11:37:38.000Z</time></trkpt>
      <trkpt lat="43.659252" lon="-79.354163"><ele>72.6</ele><time>2026-05-31T11:37:39.000Z</time></trkpt>
      <trkpt lat="43.659287" lon="-79.354174"><ele>72.6</ele><time>2026-05-31T11:37:40.000Z</time></trkpt>
      <trkpt lat="43.659325" lon="-79.354186"><ele>72.6</ele><time>2026-05-31T11:37:41.000Z</time></trkpt>
      <trkpt lat="43.659367" lon="-79.354201"><ele>72.6</ele><time>2026-05-31T11:37:42.000Z</time></trkpt>
      <trkpt lat="43.659414" lon="-79.354217"><ele>72.6</ele><time>2026-05-31T11:37:43.000Z</time></trkpt>
      <trkpt lat="43.659463" lon="-79.354235"><ele>72.6</ele><time>2026-05-31T11:37:44.000Z</time></trkpt>
      <trkpt lat="43.659514" lon="-79.354249"><ele>72.6</ele><time>2026-05-31T11:37:45.000Z</time></trkpt>
      <trkpt lat="43.659565" lon="-79.354267"><ele>72.4</ele><time>2026-05-31T11:37:46.000Z</time></trkpt>
      <trkpt lat="43.659612" lon="-79.354283"><ele>72.2</ele><time>2026-05-31T11:37:47.000Z</time></trkpt>
      <trkpt lat="43.65966" lon="-79.354292"><ele>72.2</ele><time>2026-05-31T11:37:48.000Z</time></trkpt>
      <trkpt lat="43.659708" lon="-79.354301"><ele>72.2</ele><time>2026-05-31T11:37:49.000Z</time></trkpt>
      <trkpt lat="43.659758" lon="-79.354312"><ele>72.4</ele><time>2026-05-31T11:37:50.000Z</time></trkpt>
      <trkpt lat="43.659806" lon="-79.354325"><ele>72.6</ele><time>2026-05-31T11:37:51.000Z</time></trkpt>
      <trkpt lat="43.659856" lon="-79.354341"><ele>72.8</ele><time>2026-05-31T11:37:52.000Z</time></trkpt>
      <trkpt lat="43.659906" lon="-79.354358"><ele>72.8</ele><time>2026-05-31T11:37:53.000Z</time></trkpt>
      <trkpt lat="43.659955" lon="-79.354374"><ele>73</ele><time>2026-05-31T11:37:54.000Z</time></trkpt>
      <trkpt lat="43.660007" lon="-79.354386"><ele>73</ele><time>2026-05-31T11:37:55.000Z</time></trkpt>
      <trkpt lat="43.660059" lon="-79.354395"><ele>73</ele><time>2026-05-31T11:37:56.000Z</time></trkpt>
      <trkpt lat="43.660113" lon="-79.354411"><ele>73</ele><time>2026-05-31T11:37:57.000Z</time></trkpt>
      <trkpt lat="43.660166" lon="-79.354426"><ele>73</ele><time>2026-05-31T11:37:58.000Z</time></trkpt>
      <trkpt lat="43.66022" lon="-79.354441"><ele>73</ele><time>2026-05-31T11:37:59.000Z</time></trkpt>
      <trkpt lat="43.660275" lon="-79.354453"><ele>72.8</ele><time>2026-05-31T11:38:00.000Z</time></trkpt>
      <trkpt lat="43.660331" lon="-79.354461"><ele>72.8</ele><time>2026-05-31T11:38:01.000Z</time></trkpt>
      <trkpt lat="43.660387" lon="-79.354475"><ele>72.8</ele><time>2026-05-31T11:38:02.000Z</time></trkpt>
      <trkpt lat="43.660443" lon="-79.354492"><ele>72.8</ele><time>2026-05-31T11:38:03.000Z</time></trkpt>
      <trkpt lat="43.660498" lon="-79.354508"><ele>72.6</ele><time>2026-05-31T11:38:04.000Z</time></trkpt>
      <trkpt lat="43.660552" lon="-79.354527"><ele>72.4</ele><time>2026-05-31T11:38:05.000Z</time></trkpt>
      <trkpt lat="43.660606" lon="-79.354545"><ele>72.4</ele><time>2026-05-31T11:38:06.000Z</time></trkpt>
      <trkpt lat="43.660661" lon="-79.354561"><ele>72.2</ele><time>2026-05-31T11:38:07.000Z</time></trkpt>
      <trkpt lat="43.660718" lon="-79.354578"><ele>72.2</ele><time>2026-05-31T11:38:08.000Z</time></trkpt>
      <trkpt lat="43.660773" lon="-79.354592"><ele>72.2</ele><time>2026-05-31T11:38:09.000Z</time></trkpt>
      <trkpt lat="43.66083" lon="-79.354605"><ele>72.2</ele><time>2026-05-31T11:38:10.000Z</time></trkpt>
      <trkpt lat="43.660888" lon="-79.35462"><ele>72.2</ele><time>2026-05-31T11:38:11.000Z</time></trkpt>
      <trkpt lat="43.660946" lon="-79.354632"><ele>72.2</ele><time>2026-05-31T11:38:12.000Z</time></trkpt>
      <trkpt lat="43.661004" lon="-79.354648"><ele>72.2</ele><time>2026-05-31T11:38:13.000Z</time></trkpt>
      <trkpt lat="43.661061" lon="-79.354665"><ele>72.2</ele><time>2026-05-31T11:38:14.000Z</time></trkpt>
      <trkpt lat="43.661115" lon="-79.35468"><ele>72.2</ele><time>2026-05-31T11:38:15.000Z</time></trkpt>
      <trkpt lat="43.661165" lon="-79.35469"><ele>72</ele><time>2026-05-31T11:38:16.000Z</time></trkpt>
      <trkpt lat="43.661215" lon="-79.354708"><ele>72.2</ele><time>2026-05-31T11:38:17.000Z</time></trkpt>
      <trkpt lat="43.661264" lon="-79.354726"><ele>72.2</ele><time>2026-05-31T11:38:18.000Z</time></trkpt>
      <trkpt lat="43.661313" lon="-79.354739"><ele>72.4</ele><time>2026-05-31T11:38:19.000Z</time></trkpt>
      <trkpt lat="43.661361" lon="-79.35475"><ele>72.4</ele><time>2026-05-31T11:38:20.000Z</time></trkpt>
      <trkpt lat="43.661405" lon="-79.354761"><ele>72.6</ele><time>2026-05-31T11:38:21.000Z</time></trkpt>
      <trkpt lat="43.661449" lon="-79.354772"><ele>72.6</ele><time>2026-05-31T11:38:22.000Z</time></trkpt>
      <trkpt lat="43.661496" lon="-79.354788"><ele>72.6</ele><time>2026-05-31T11:38:23.000Z</time></trkpt>
      <trkpt lat="43.661546" lon="-79.3548"><ele>72.4</ele><time>2026-05-31T11:38:24.000Z</time></trkpt>
      <trkpt lat="43.661597" lon="-79.354818"><ele>72.4</ele><time>2026-05-31T11:38:25.000Z</time></trkpt>
      <trkpt lat="43.661648" lon="-79.354832"><ele>72.4</ele><time>2026-05-31T11:38:26.000Z</time></trkpt>
      <trkpt lat="43.6617" lon="-79.354841"><ele>72.2</ele><time>2026-05-31T11:38:27.000Z</time></trkpt>
      <trkpt lat="43.661751" lon="-79.354858"><ele>72.2</ele><time>2026-05-31T11:38:28.000Z</time></trkpt>
      <trkpt lat="43.661803" lon="-79.354874"><ele>72.2</ele><time>2026-05-31T11:38:29.000Z</time></trkpt>
      <trkpt lat="43.661826" lon="-79.354905"><ele>72</ele><time>2026-05-31T11:38:30.000Z</time></trkpt>
      <trkpt lat="43.66188" lon="-79.354907"><ele>72</ele><time>2026-05-31T11:38:31.000Z</time></trkpt>
      <trkpt lat="43.661942" lon="-79.354918"><ele>71.8</ele><time>2026-05-31T11:38:32.000Z</time></trkpt>
      <trkpt lat="43.662004" lon="-79.354936"><ele>71.8</ele><time>2026-05-31T11:38:33.000Z</time></trkpt>
      <trkpt lat="43.662067" lon="-79.354957"><ele>71.8</ele><time>2026-05-31T11:38:34.000Z</time></trkpt>
      <trkpt lat="43.662128" lon="-79.354978"><ele>71.8</ele><time>2026-05-31T11:38:35.000Z</time></trkpt>
      <trkpt lat="43.66219" lon="-79.354999"><ele>71.8</ele><time>2026-05-31T11:38:36.000Z</time></trkpt>
      <trkpt lat="43.662249" lon="-79.35502"><ele>71.6</ele><time>2026-05-31T11:38:37.000Z</time></trkpt>
      <trkpt lat="43.662307" lon="-79.355043"><ele>71.6</ele><time>2026-05-31T11:38:38.000Z</time></trkpt>
      <trkpt lat="43.662365" lon="-79.355064"><ele>71.6</ele><time>2026-05-31T11:38:39.000Z</time></trkpt>
      <trkpt lat="43.662423" lon="-79.355083"><ele>71.4</ele><time>2026-05-31T11:38:40.000Z</time></trkpt>
      <trkpt lat="43.662481" lon="-79.3551"><ele>71.4</ele><time>2026-05-31T11:38:41.000Z</time></trkpt>
      <trkpt lat="43.662538" lon="-79.355129"><ele>71.4</ele><time>2026-05-31T11:38:42.000Z</time></trkpt>
      <trkpt lat="43.662593" lon="-79.355162"><ele>71.4</ele><time>2026-05-31T11:38:43.000Z</time></trkpt>
      <trkpt lat="43.66265" lon="-79.355195"><ele>71.2</ele><time>2026-05-31T11:38:44.000Z</time></trkpt>
      <trkpt lat="43.662712" lon="-79.355223"><ele>71.2</ele><time>2026-05-31T11:38:45.000Z</time></trkpt>
      <trkpt lat="43.662779" lon="-79.355251"><ele>71.2</ele><time>2026-05-31T11:38:46.000Z</time></trkpt>
      <trkpt lat="43.662846" lon="-79.355277"><ele>71.2</ele><time>2026-05-31T11:38:47.000Z</time></trkpt>
      <trkpt lat="43.662914" lon="-79.355302"><ele>71.2</ele><time>2026-05-31T11:38:48.000Z</time></trkpt>
      <trkpt lat="43.662984" lon="-79.355324"><ele>71.4</ele><time>2026-05-31T11:38:49.000Z</time></trkpt>
      <trkpt lat="43.663053" lon="-79.355346"><ele>71.6</ele><time>2026-05-31T11:38:50.000Z</time></trkpt>
      <trkpt lat="43.663123" lon="-79.355368"><ele>72</ele><time>2026-05-31T11:38:51.000Z</time></trkpt>
      <trkpt lat="43.663193" lon="-79.35539"><ele>72.2</ele><time>2026-05-31T11:38:52.000Z</time></trkpt>
      <trkpt lat="43.663262" lon="-79.35541"><ele>72.2</ele><time>2026-05-31T11:38:53.000Z</time></trkpt>
      <trkpt lat="43.66333" lon="-79.355426"><ele>72.2</ele><time>2026-05-31T11:38:54.000Z</time></trkpt>
      <trkpt lat="43.663397" lon="-79.355445"><ele>72.2</ele><time>2026-05-31T11:38:55.000Z</time></trkpt>
      <trkpt lat="43.663465" lon="-79.355467"><ele>72.2</ele><time>2026-05-31T11:38:56.000Z</time></trkpt>
      <trkpt lat="43.663532" lon="-79.355486"><ele>72.2</ele><time>2026-05-31T11:38:57.000Z</time></trkpt>
      <trkpt lat="43.663598" lon="-79.355507"><ele>72.2</ele><time>2026-05-31T11:38:58.000Z</time></trkpt>
      <trkpt lat="43.663665" lon="-79.355531"><ele>72.2</ele><time>2026-05-31T11:38:59.000Z</time></trkpt>
      <trkpt lat="43.663731" lon="-79.355552"><ele>72.2</ele><time>2026-05-31T11:39:00.000Z</time></trkpt>
      <trkpt lat="43.663797" lon="-79.355569"><ele>72.4</ele><time>2026-05-31T11:39:01.000Z</time></trkpt>
      <trkpt lat="43.663863" lon="-79.35559"><ele>72.4</ele><time>2026-05-31T11:39:02.000Z</time></trkpt>
      <trkpt lat="43.663928" lon="-79.35561"><ele>72.4</ele><time>2026-05-31T11:39:03.000Z</time></trkpt>
      <trkpt lat="43.663995" lon="-79.355626"><ele>72.4</ele><time>2026-05-31T11:39:04.000Z</time></trkpt>
      <trkpt lat="43.664065" lon="-79.355645"><ele>72.6</ele><time>2026-05-31T11:39:05.000Z</time></trkpt>
      <trkpt lat="43.664133" lon="-79.355665"><ele>72.6</ele><time>2026-05-31T11:39:06.000Z</time></trkpt>
      <trkpt lat="43.6642" lon="-79.355685"><ele>72.6</ele><time>2026-05-31T11:39:07.000Z</time></trkpt>
      <trkpt lat="43.664268" lon="-79.355704"><ele>72.8</ele><time>2026-05-31T11:39:08.000Z</time></trkpt>
      <trkpt lat="43.664335" lon="-79.355724"><ele>72.8</ele><time>2026-05-31T11:39:09.000Z</time></trkpt>
      <trkpt lat="43.664403" lon="-79.355742"><ele>72.8</ele><time>2026-05-31T11:39:10.000Z</time></trkpt>
      <trkpt lat="43.664473" lon="-79.355764"><ele>72.8</ele><time>2026-05-31T11:39:11.000Z</time></trkpt>
      <trkpt lat="43.66454" lon="-79.355784"><ele>72.8</ele><time>2026-05-31T11:39:12.000Z</time></trkpt>
      <trkpt lat="43.664609" lon="-79.355805"><ele>72.8</ele><time>2026-05-31T11:39:13.000Z</time></trkpt>
      <trkpt lat="43.66468" lon="-79.355825"><ele>72.8</ele><time>2026-05-31T11:39:14.000Z</time></trkpt>
      <trkpt lat="43.664728" lon="-79.355837"><ele>72.8</ele><time>2026-05-31T11:39:15.000Z</time></trkpt>
      <trkpt lat="43.6648" lon="-79.355858"><ele>73</ele><time>2026-05-31T11:39:16.000Z</time></trkpt>
      <trkpt lat="43.664872" lon="-79.355881"><ele>73</ele><time>2026-05-31T11:39:17.000Z</time></trkpt>
      <trkpt lat="43.664946" lon="-79.355903"><ele>73</ele><time>2026-05-31T11:39:18.000Z</time></trkpt>
      <trkpt lat="43.665019" lon="-79.355923"><ele>73</ele><time>2026-05-31T11:39:19.000Z</time></trkpt>
      <trkpt lat="43.665089" lon="-79.355942"><ele>73.2</ele><time>2026-05-31T11:39:20.000Z</time></trkpt>
      <trkpt lat="43.665158" lon="-79.355964"><ele>73.2</ele><time>2026-05-31T11:39:21.000Z</time></trkpt>
      <trkpt lat="43.665223" lon="-79.355982"><ele>73.4</ele><time>2026-05-31T11:39:22.000Z</time></trkpt>
      <trkpt lat="43.665289" lon="-79.356"><ele>73.6</ele><time>2026-05-31T11:39:23.000Z</time></trkpt>
      <trkpt lat="43.665355" lon="-79.356016"><ele>73.8</ele><time>2026-05-31T11:39:24.000Z</time></trkpt>
      <trkpt lat="43.665421" lon="-79.356037"><ele>73.8</ele><time>2026-05-31T11:39:25.000Z</time></trkpt>
      <trkpt lat="43.665487" lon="-79.356059"><ele>74</ele><time>2026-05-31T11:39:26.000Z</time></trkpt>
      <trkpt lat="43.665551" lon="-79.35608"><ele>74</ele><time>2026-05-31T11:39:27.000Z</time></trkpt>
      <trkpt lat="43.665616" lon="-79.356099"><ele>74</ele><time>2026-05-31T11:39:28.000Z</time></trkpt>
      <trkpt lat="43.665682" lon="-79.356117"><ele>74</ele><time>2026-05-31T11:39:29.000Z</time></trkpt>
      <trkpt lat="43.665748" lon="-79.356134"><ele>74</ele><time>2026-05-31T11:39:30.000Z</time></trkpt>
      <trkpt lat="43.665815" lon="-79.356151"><ele>74</ele><time>2026-05-31T11:39:31.000Z</time></trkpt>
      <trkpt lat="43.665882" lon="-79.356169"><ele>74.2</ele><time>2026-05-31T11:39:32.000Z</time></trkpt>
      <trkpt lat="43.665949" lon="-79.356187"><ele>74.2</ele><time>2026-05-31T11:39:33.000Z</time></trkpt>
      <trkpt lat="43.666015" lon="-79.356207"><ele>74.2</ele><time>2026-05-31T11:39:34.000Z</time></trkpt>
      <trkpt lat="43.666079" lon="-79.356226"><ele>74.4</ele><time>2026-05-31T11:39:35.000Z</time></trkpt>
      <trkpt lat="43.666143" lon="-79.356243"><ele>74.4</ele><time>2026-05-31T11:39:36.000Z</time></trkpt>
      <trkpt lat="43.666207" lon="-79.356266"><ele>74.4</ele><time>2026-05-31T11:39:37.000Z</time></trkpt>
      <trkpt lat="43.666272" lon="-79.356288"><ele>74.6</ele><time>2026-05-31T11:39:38.000Z</time></trkpt>
      <trkpt lat="43.666338" lon="-79.356308"><ele>74.8</ele><time>2026-05-31T11:39:39.000Z</time></trkpt>
      <trkpt lat="43.666404" lon="-79.356332"><ele>75</ele><time>2026-05-31T11:39:40.000Z</time></trkpt>
      <trkpt lat="43.666471" lon="-79.35636"><ele>75</ele><time>2026-05-31T11:39:41.000Z</time></trkpt>
      <trkpt lat="43.666538" lon="-79.356384"><ele>75</ele><time>2026-05-31T11:39:42.000Z</time></trkpt>
      <trkpt lat="43.666608" lon="-79.356402"><ele>75</ele><time>2026-05-31T11:39:43.000Z</time></trkpt>
      <trkpt lat="43.666676" lon="-79.356422"><ele>75</ele><time>2026-05-31T11:39:44.000Z</time></trkpt>
      <trkpt lat="43.666748" lon="-79.356438"><ele>75</ele><time>2026-05-31T11:39:45.000Z</time></trkpt>
      <trkpt lat="43.666822" lon="-79.356453"><ele>75</ele><time>2026-05-31T11:39:46.000Z</time></trkpt>
      <trkpt lat="43.666895" lon="-79.356472"><ele>75</ele><time>2026-05-31T11:39:47.000Z</time></trkpt>
      <trkpt lat="43.666967" lon="-79.356493"><ele>75</ele><time>2026-05-31T11:39:48.000Z</time></trkpt>
      <trkpt lat="43.667039" lon="-79.356513"><ele>74.8</ele><time>2026-05-31T11:39:49.000Z</time></trkpt>
      <trkpt lat="43.667112" lon="-79.356537"><ele>74.8</ele><time>2026-05-31T11:39:50.000Z</time></trkpt>
      <trkpt lat="43.667185" lon="-79.356557"><ele>74.8</ele><time>2026-05-31T11:39:51.000Z</time></trkpt>
      <trkpt lat="43.667258" lon="-79.356575"><ele>74.6</ele><time>2026-05-31T11:39:52.000Z</time></trkpt>
      <trkpt lat="43.667331" lon="-79.356596"><ele>74.6</ele><time>2026-05-31T11:39:53.000Z</time></trkpt>
      <trkpt lat="43.667404" lon="-79.356619"><ele>74.6</ele><time>2026-05-31T11:39:54.000Z</time></trkpt>
      <trkpt lat="43.667477" lon="-79.356643"><ele>74.4</ele><time>2026-05-31T11:39:55.000Z</time></trkpt>
      <trkpt lat="43.667551" lon="-79.356665"><ele>74.4</ele><time>2026-05-31T11:39:56.000Z</time></trkpt>
      <trkpt lat="43.667625" lon="-79.356687"><ele>74.4</ele><time>2026-05-31T11:39:57.000Z</time></trkpt>
      <trkpt lat="43.667699" lon="-79.35671"><ele>74.4</ele><time>2026-05-31T11:39:58.000Z</time></trkpt>
      <trkpt lat="43.667774" lon="-79.356733"><ele>74.4</ele><time>2026-05-31T11:39:59.000Z</time></trkpt>
      <trkpt lat="43.667845" lon="-79.356752"><ele>74.4</ele><time>2026-05-31T11:40:00.000Z</time></trkpt>
      <trkpt lat="43.667921" lon="-79.356774"><ele>74.2</ele><time>2026-05-31T11:40:01.000Z</time></trkpt>
      <trkpt lat="43.667996" lon="-79.356795"><ele>74.2</ele><time>2026-05-31T11:40:02.000Z</time></trkpt>
      <trkpt lat="43.668072" lon="-79.356813"><ele>74.2</ele><time>2026-05-31T11:40:03.000Z</time></trkpt>
      <trkpt lat="43.668148" lon="-79.356837"><ele>74</ele><time>2026-05-31T11:40:04.000Z</time></trkpt>
      <trkpt lat="43.668224" lon="-79.356862"><ele>74</ele><time>2026-05-31T11:40:05.000Z</time></trkpt>
      <trkpt lat="43.6683" lon="-79.356882"><ele>73.8</ele><time>2026-05-31T11:40:06.000Z</time></trkpt>
      <trkpt lat="43.668376" lon="-79.356905"><ele>73.8</ele><time>2026-05-31T11:40:07.000Z</time></trkpt>
      <trkpt lat="43.668451" lon="-79.35693"><ele>73.8</ele><time>2026-05-31T11:40:08.000Z</time></trkpt>
      <trkpt lat="43.668526" lon="-79.356952"><ele>73.6</ele><time>2026-05-31T11:40:09.000Z</time></trkpt>
      <trkpt lat="43.668601" lon="-79.356975"><ele>73.6</ele><time>2026-05-31T11:40:10.000Z</time></trkpt>
      <trkpt lat="43.668674" lon="-79.356999"><ele>73.6</ele><time>2026-05-31T11:40:11.000Z</time></trkpt>
      <trkpt lat="43.66875" lon="-79.357021"><ele>73.6</ele><time>2026-05-31T11:40:12.000Z</time></trkpt>
      <trkpt lat="43.668824" lon="-79.357043"><ele>73.6</ele><time>2026-05-31T11:40:13.000Z</time></trkpt>
      <trkpt lat="43.668898" lon="-79.357067"><ele>73.6</ele><time>2026-05-31T11:40:14.000Z</time></trkpt>
      <trkpt lat="43.668971" lon="-79.357091"><ele>73.6</ele><time>2026-05-31T11:40:15.000Z</time></trkpt>
      <trkpt lat="43.669045" lon="-79.357113"><ele>73.8</ele><time>2026-05-31T11:40:16.000Z</time></trkpt>
      <trkpt lat="43.669116" lon="-79.357139"><ele>73.8</ele><time>2026-05-31T11:40:17.000Z</time></trkpt>
      <trkpt lat="43.669188" lon="-79.357163"><ele>73.8</ele><time>2026-05-31T11:40:18.000Z</time></trkpt>
      <trkpt lat="43.669259" lon="-79.357185"><ele>73.8</ele><time>2026-05-31T11:40:19.000Z</time></trkpt>
      <trkpt lat="43.669329" lon="-79.357206"><ele>73.8</ele><time>2026-05-31T11:40:20.000Z</time></trkpt>
      <trkpt lat="43.669398" lon="-79.357235"><ele>74</ele><time>2026-05-31T11:40:21.000Z</time></trkpt>
      <trkpt lat="43.669467" lon="-79.357264"><ele>74</ele><time>2026-05-31T11:40:22.000Z</time></trkpt>
      <trkpt lat="43.669534" lon="-79.357296"><ele>74.2</ele><time>2026-05-31T11:40:23.000Z</time></trkpt>
      <trkpt lat="43.669599" lon="-79.357326"><ele>74.2</ele><time>2026-05-31T11:40:24.000Z</time></trkpt>
      <trkpt lat="43.669663" lon="-79.357356"><ele>74.4</ele><time>2026-05-31T11:40:25.000Z</time></trkpt>
      <trkpt lat="43.669726" lon="-79.357388"><ele>74.6</ele><time>2026-05-31T11:40:26.000Z</time></trkpt>
      <trkpt lat="43.669788" lon="-79.357424"><ele>74.8</ele><time>2026-05-31T11:40:27.000Z</time></trkpt>
      <trkpt lat="43.66985" lon="-79.357461"><ele>74.8</ele><time>2026-05-31T11:40:28.000Z</time></trkpt>
      <trkpt lat="43.669911" lon="-79.357492"><ele>75</ele><time>2026-05-31T11:40:29.000Z</time></trkpt>
      <trkpt lat="43.669972" lon="-79.357522"><ele>75.2</ele><time>2026-05-31T11:40:30.000Z</time></trkpt>
      <trkpt lat="43.670031" lon="-79.357555"><ele>75.2</ele><time>2026-05-31T11:40:31.000Z</time></trkpt>
      <trkpt lat="43.67009" lon="-79.35759"><ele>75.4</ele><time>2026-05-31T11:40:32.000Z</time></trkpt>
      <trkpt lat="43.670148" lon="-79.357628"><ele>75.6</ele><time>2026-05-31T11:40:33.000Z</time></trkpt>
      <trkpt lat="43.670205" lon="-79.357667"><ele>75.8</ele><time>2026-05-31T11:40:34.000Z</time></trkpt>
      <trkpt lat="43.670261" lon="-79.357705"><ele>75.8</ele><time>2026-05-31T11:40:35.000Z</time></trkpt>
      <trkpt lat="43.670315" lon="-79.357743"><ele>76</ele><time>2026-05-31T11:40:36.000Z</time></trkpt>
      <trkpt lat="43.670369" lon="-79.357781"><ele>76.2</ele><time>2026-05-31T11:40:37.000Z</time></trkpt>
      <trkpt lat="43.670422" lon="-79.35782"><ele>76.2</ele><time>2026-05-31T11:40:38.000Z</time></trkpt>
      <trkpt lat="43.670476" lon="-79.357859"><ele>76.4</ele><time>2026-05-31T11:40:39.000Z</time></trkpt>
      <trkpt lat="43.670528" lon="-79.357896"><ele>76.4</ele><time>2026-05-31T11:40:40.000Z</time></trkpt>
      <trkpt lat="43.670579" lon="-79.357937"><ele>76.6</ele><time>2026-05-31T11:40:41.000Z</time></trkpt>
      <trkpt lat="43.670629" lon="-79.357976"><ele>76.8</ele><time>2026-05-31T11:40:42.000Z</time></trkpt>
      <trkpt lat="43.670681" lon="-79.358016"><ele>77</ele><time>2026-05-31T11:40:43.000Z</time></trkpt>
      <trkpt lat="43.670732" lon="-79.358057"><ele>77.2</ele><time>2026-05-31T11:40:44.000Z</time></trkpt>
      <trkpt lat="43.67078" lon="-79.358101"><ele>77.4</ele><time>2026-05-31T11:40:45.000Z</time></trkpt>
      <trkpt lat="43.670828" lon="-79.358145"><ele>77.6</ele><time>2026-05-31T11:40:46.000Z</time></trkpt>
      <trkpt lat="43.670873" lon="-79.358185"><ele>77.8</ele><time>2026-05-31T11:40:47.000Z</time></trkpt>
      <trkpt lat="43.670918" lon="-79.358222"><ele>78</ele><time>2026-05-31T11:40:48.000Z</time></trkpt>
      <trkpt lat="43.670964" lon="-79.358262"><ele>78.2</ele><time>2026-05-31T11:40:49.000Z</time></trkpt>
      <trkpt lat="43.671008" lon="-79.358305"><ele>78.4</ele><time>2026-05-31T11:40:50.000Z</time></trkpt>
      <trkpt lat="43.671053" lon="-79.358348"><ele>78.6</ele><time>2026-05-31T11:40:51.000Z</time></trkpt>
      <trkpt lat="43.671098" lon="-79.35839"><ele>78.8</ele><time>2026-05-31T11:40:52.000Z</time></trkpt>
      <trkpt lat="43.671144" lon="-79.358436"><ele>79</ele><time>2026-05-31T11:40:53.000Z</time></trkpt>
      <trkpt lat="43.671188" lon="-79.35848"><ele>79</ele><time>2026-05-31T11:40:54.000Z</time></trkpt>
      <trkpt lat="43.671233" lon="-79.358524"><ele>79</ele><time>2026-05-31T11:40:55.000Z</time></trkpt>
      <trkpt lat="43.671279" lon="-79.358564"><ele>79.2</ele><time>2026-05-31T11:40:56.000Z</time></trkpt>
      <trkpt lat="43.671324" lon="-79.358602"><ele>79.4</ele><time>2026-05-31T11:40:57.000Z</time></trkpt>
      <trkpt lat="43.671372" lon="-79.358638"><ele>79.4</ele><time>2026-05-31T11:40:58.000Z</time></trkpt>
      <trkpt lat="43.671418" lon="-79.358677"><ele>79.6</ele><time>2026-05-31T11:40:59.000Z</time></trkpt>
      <trkpt lat="43.671464" lon="-79.358719"><ele>79.8</ele><time>2026-05-31T11:41:00.000Z</time></trkpt>
      <trkpt lat="43.671508" lon="-79.358763"><ele>79.8</ele><time>2026-05-31T11:41:01.000Z</time></trkpt>
      <trkpt lat="43.671551" lon="-79.358808"><ele>80</ele><time>2026-05-31T11:41:02.000Z</time></trkpt>
      <trkpt lat="43.671596" lon="-79.358851"><ele>80</ele><time>2026-05-31T11:41:03.000Z</time></trkpt>
      <trkpt lat="43.671641" lon="-79.358892"><ele>80.2</ele><time>2026-05-31T11:41:04.000Z</time></trkpt>
      <trkpt lat="43.671686" lon="-79.358935"><ele>80.2</ele><time>2026-05-31T11:41:05.000Z</time></trkpt>
      <trkpt lat="43.671731" lon="-79.35898"><ele>80.2</ele><time>2026-05-31T11:41:06.000Z</time></trkpt>
      <trkpt lat="43.671776" lon="-79.359018"><ele>80.4</ele><time>2026-05-31T11:41:07.000Z</time></trkpt>
      <trkpt lat="43.671821" lon="-79.359054"><ele>80.4</ele><time>2026-05-31T11:41:08.000Z</time></trkpt>
      <trkpt lat="43.671859" lon="-79.359096"><ele>80.6</ele><time>2026-05-31T11:41:09.000Z</time></trkpt>
      <trkpt lat="43.671889" lon="-79.359142"><ele>80.8</ele><time>2026-05-31T11:41:10.000Z</time></trkpt>
      <trkpt lat="43.671927" lon="-79.359183"><ele>80.8</ele><time>2026-05-31T11:41:11.000Z</time></trkpt>
      <trkpt lat="43.671968" lon="-79.35922"><ele>80.8</ele><time>2026-05-31T11:41:12.000Z</time></trkpt>
      <trkpt lat="43.672012" lon="-79.359255"><ele>81</ele><time>2026-05-31T11:41:13.000Z</time></trkpt>
      <trkpt lat="43.672054" lon="-79.359288"><ele>81</ele><time>2026-05-31T11:41:14.000Z</time></trkpt>
      <trkpt lat="43.672098" lon="-79.359323"><ele>81</ele><time>2026-05-31T11:41:15.000Z</time></trkpt>
      <trkpt lat="43.67214" lon="-79.359363"><ele>81</ele><time>2026-05-31T11:41:16.000Z</time></trkpt>
      <trkpt lat="43.672183" lon="-79.359397"><ele>81</ele><time>2026-05-31T11:41:17.000Z</time></trkpt>
      <trkpt lat="43.672225" lon="-79.359435"><ele>81</ele><time>2026-05-31T11:41:18.000Z</time></trkpt>
      <trkpt lat="43.672269" lon="-79.35947"><ele>81.2</ele><time>2026-05-31T11:41:19.000Z</time></trkpt>
      <trkpt lat="43.67231" lon="-79.359507"><ele>81.4</ele><time>2026-05-31T11:41:20.000Z</time></trkpt>
      <trkpt lat="43.67235" lon="-79.359548"><ele>81.6</ele><time>2026-05-31T11:41:21.000Z</time></trkpt>
      <trkpt lat="43.672393" lon="-79.359587"><ele>81.6</ele><time>2026-05-31T11:41:22.000Z</time></trkpt>
      <trkpt lat="43.672433" lon="-79.359629"><ele>81.8</ele><time>2026-05-31T11:41:23.000Z</time></trkpt>
      <trkpt lat="43.672473" lon="-79.359666"><ele>82</ele><time>2026-05-31T11:41:24.000Z</time></trkpt>
      <trkpt lat="43.672516" lon="-79.3597"><ele>82</ele><time>2026-05-31T11:41:25.000Z</time></trkpt>
      <trkpt lat="43.672557" lon="-79.359734"><ele>82.2</ele><time>2026-05-31T11:41:26.000Z</time></trkpt>
      <trkpt lat="43.672597" lon="-79.359774"><ele>82.2</ele><time>2026-05-31T11:41:27.000Z</time></trkpt>
      <trkpt lat="43.672642" lon="-79.359811"><ele>82.4</ele><time>2026-05-31T11:41:28.000Z</time></trkpt>
      <trkpt lat="43.672684" lon="-79.359848"><ele>82.4</ele><time>2026-05-31T11:41:29.000Z</time></trkpt>
      <trkpt lat="43.672726" lon="-79.359885"><ele>82.4</ele><time>2026-05-31T11:41:30.000Z</time></trkpt>
      <trkpt lat="43.67277" lon="-79.359924"><ele>82.4</ele><time>2026-05-31T11:41:31.000Z</time></trkpt>
      <trkpt lat="43.672816" lon="-79.359957"><ele>82.6</ele><time>2026-05-31T11:41:32.000Z</time></trkpt>
      <trkpt lat="43.672862" lon="-79.359989"><ele>82.6</ele><time>2026-05-31T11:41:33.000Z</time></trkpt>
      <trkpt lat="43.672909" lon="-79.360029"><ele>82.8</ele><time>2026-05-31T11:41:34.000Z</time></trkpt>
      <trkpt lat="43.672956" lon="-79.360067"><ele>82.8</ele><time>2026-05-31T11:41:35.000Z</time></trkpt>
      <trkpt lat="43.673003" lon="-79.360105"><ele>82.8</ele><time>2026-05-31T11:41:36.000Z</time></trkpt>
      <trkpt lat="43.673051" lon="-79.36014"><ele>82.8</ele><time>2026-05-31T11:41:37.000Z</time></trkpt>
      <trkpt lat="43.673098" lon="-79.360175"><ele>82.8</ele><time>2026-05-31T11:41:38.000Z</time></trkpt>
      <trkpt lat="43.673144" lon="-79.360211"><ele>83</ele><time>2026-05-31T11:41:39.000Z</time></trkpt>
      <trkpt lat="43.673191" lon="-79.360245"><ele>83</ele><time>2026-05-31T11:41:40.000Z</time></trkpt>
      <trkpt lat="43.673241" lon="-79.360277"><ele>83</ele><time>2026-05-31T11:41:41.000Z</time></trkpt>
      <trkpt lat="43.673291" lon="-79.36031"><ele>83.2</ele><time>2026-05-31T11:41:42.000Z</time></trkpt>
      <trkpt lat="43.67334" lon="-79.36034"><ele>83.4</ele><time>2026-05-31T11:41:43.000Z</time></trkpt>
      <trkpt lat="43.673391" lon="-79.360367"><ele>83.4</ele><time>2026-05-31T11:41:44.000Z</time></trkpt>
      <trkpt lat="43.673443" lon="-79.360394"><ele>83.6</ele><time>2026-05-31T11:41:45.000Z</time></trkpt>
      <trkpt lat="43.673494" lon="-79.360425"><ele>83.8</ele><time>2026-05-31T11:41:46.000Z</time></trkpt>
      <trkpt lat="43.673544" lon="-79.360458"><ele>83.8</ele><time>2026-05-31T11:41:47.000Z</time></trkpt>
      <trkpt lat="43.673594" lon="-79.360491"><ele>84</ele><time>2026-05-31T11:41:48.000Z</time></trkpt>
      <trkpt lat="43.673645" lon="-79.360522"><ele>84</ele><time>2026-05-31T11:41:49.000Z</time></trkpt>
      <trkpt lat="43.673696" lon="-79.360554"><ele>84.2</ele><time>2026-05-31T11:41:50.000Z</time></trkpt>
      <trkpt lat="43.673745" lon="-79.360589"><ele>84.4</ele><time>2026-05-31T11:41:51.000Z</time></trkpt>
      <trkpt lat="43.673793" lon="-79.360623"><ele>84.6</ele><time>2026-05-31T11:41:52.000Z</time></trkpt>
      <trkpt lat="43.673842" lon="-79.360654"><ele>84.6</ele><time>2026-05-31T11:41:53.000Z</time></trkpt>
      <trkpt lat="43.673891" lon="-79.360682"><ele>84.8</ele><time>2026-05-31T11:41:54.000Z</time></trkpt>
      <trkpt lat="43.673941" lon="-79.360712"><ele>84.8</ele><time>2026-05-31T11:41:55.000Z</time></trkpt>
      <trkpt lat="43.673991" lon="-79.360739"><ele>84.8</ele><time>2026-05-31T11:41:56.000Z</time></trkpt>
      <trkpt lat="43.674041" lon="-79.360766"><ele>85</ele><time>2026-05-31T11:41:57.000Z</time></trkpt>
      <trkpt lat="43.67409" lon="-79.360796"><ele>85</ele><time>2026-05-31T11:41:58.000Z</time></trkpt>
      <trkpt lat="43.67414" lon="-79.360825"><ele>85.2</ele><time>2026-05-31T11:41:59.000Z</time></trkpt>
      <trkpt lat="43.674189" lon="-79.360851"><ele>85.4</ele><time>2026-05-31T11:42:00.000Z</time></trkpt>
      <trkpt lat="43.674238" lon="-79.360873"><ele>85.4</ele><time>2026-05-31T11:42:01.000Z</time></trkpt>
      <trkpt lat="43.674289" lon="-79.360895"><ele>85.6</ele><time>2026-05-31T11:42:02.000Z</time></trkpt>
      <trkpt lat="43.674341" lon="-79.360917"><ele>85.6</ele><time>2026-05-31T11:42:03.000Z</time></trkpt>
      <trkpt lat="43.674394" lon="-79.360944"><ele>85.6</ele><time>2026-05-31T11:42:04.000Z</time></trkpt>
      <trkpt lat="43.674444" lon="-79.360971"><ele>85.6</ele><time>2026-05-31T11:42:05.000Z</time></trkpt>
      <trkpt lat="43.674496" lon="-79.360998"><ele>85.8</ele><time>2026-05-31T11:42:06.000Z</time></trkpt>
      <trkpt lat="43.674547" lon="-79.361022"><ele>85.8</ele><time>2026-05-31T11:42:07.000Z</time></trkpt>
      <trkpt lat="43.674599" lon="-79.361046"><ele>85.8</ele><time>2026-05-31T11:42:08.000Z</time></trkpt>
      <trkpt lat="43.674649" lon="-79.361075"><ele>85.8</ele><time>2026-05-31T11:42:09.000Z</time></trkpt>
      <trkpt lat="43.674696" lon="-79.361105"><ele>86</ele><time>2026-05-31T11:42:10.000Z</time></trkpt>
      <trkpt lat="43.674744" lon="-79.361128"><ele>86</ele><time>2026-05-31T11:42:11.000Z</time></trkpt>
      <trkpt lat="43.674795" lon="-79.361149"><ele>86.2</ele><time>2026-05-31T11:42:12.000Z</time></trkpt>
      <trkpt lat="43.674846" lon="-79.361168"><ele>86.2</ele><time>2026-05-31T11:42:13.000Z</time></trkpt>
      <trkpt lat="43.674898" lon="-79.361189"><ele>86.4</ele><time>2026-05-31T11:42:14.000Z</time></trkpt>
      <trkpt lat="43.674952" lon="-79.361209"><ele>86.4</ele><time>2026-05-31T11:42:15.000Z</time></trkpt>
      <trkpt lat="43.675006" lon="-79.361227"><ele>86.6</ele><time>2026-05-31T11:42:16.000Z</time></trkpt>
      <trkpt lat="43.675059" lon="-79.361244"><ele>86.8</ele><time>2026-05-31T11:42:17.000Z</time></trkpt>
      <trkpt lat="43.675112" lon="-79.361262"><ele>86.8</ele><time>2026-05-31T11:42:18.000Z</time></trkpt>
      <trkpt lat="43.675166" lon="-79.361284"><ele>87</ele><time>2026-05-31T11:42:19.000Z</time></trkpt>
      <trkpt lat="43.675219" lon="-79.361306"><ele>87</ele><time>2026-05-31T11:42:20.000Z</time></trkpt>
      <trkpt lat="43.675271" lon="-79.361325"><ele>87.2</ele><time>2026-05-31T11:42:21.000Z</time></trkpt>
      <trkpt lat="43.675322" lon="-79.361342"><ele>87.2</ele><time>2026-05-31T11:42:22.000Z</time></trkpt>
      <trkpt lat="43.675375" lon="-79.36136"><ele>87.4</ele><time>2026-05-31T11:42:23.000Z</time></trkpt>
      <trkpt lat="43.675427" lon="-79.361379"><ele>87.6</ele><time>2026-05-31T11:42:24.000Z</time></trkpt>
      <trkpt lat="43.675479" lon="-79.361396"><ele>87.6</ele><time>2026-05-31T11:42:25.000Z</time></trkpt>
      <trkpt lat="43.675533" lon="-79.361413"><ele>87.8</ele><time>2026-05-31T11:42:26.000Z</time></trkpt>
      <trkpt lat="43.675588" lon="-79.361431"><ele>88</ele><time>2026-05-31T11:42:27.000Z</time></trkpt>
      <trkpt lat="43.67564" lon="-79.361449"><ele>88</ele><time>2026-05-31T11:42:28.000Z</time></trkpt>
      <trkpt lat="43.675684" lon="-79.361454"><ele>88</ele><time>2026-05-31T11:42:29.000Z</time></trkpt>
      <trkpt lat="43.67573" lon="-79.361463"><ele>88</ele><time>2026-05-31T11:42:30.000Z</time></trkpt>
      <trkpt lat="43.675773" lon="-79.361475"><ele>88</ele><time>2026-05-31T11:42:31.000Z</time></trkpt>
      <trkpt lat="43.675824" lon="-79.361505"><ele>88</ele><time>2026-05-31T11:42:32.000Z</time></trkpt>
      <trkpt lat="43.675879" lon="-79.361523"><ele>88.2</ele><time>2026-05-31T11:42:33.000Z</time></trkpt>
      <trkpt lat="43.675935" lon="-79.361539"><ele>88.2</ele><time>2026-05-31T11:42:34.000Z</time></trkpt>
      <trkpt lat="43.675989" lon="-79.361556"><ele>88.4</ele><time>2026-05-31T11:42:35.000Z</time></trkpt>
      <trkpt lat="43.676041" lon="-79.361576"><ele>88.6</ele><time>2026-05-31T11:42:36.000Z</time></trkpt>
      <trkpt lat="43.676095" lon="-79.361595"><ele>88.6</ele><time>2026-05-31T11:42:37.000Z</time></trkpt>
      <trkpt lat="43.676153" lon="-79.361611"><ele>88.8</ele><time>2026-05-31T11:42:38.000Z</time></trkpt>
      <trkpt lat="43.67621" lon="-79.361628"><ele>88.8</ele><time>2026-05-31T11:42:39.000Z</time></trkpt>
      <trkpt lat="43.676266" lon="-79.361639"><ele>89</ele><time>2026-05-31T11:42:40.000Z</time></trkpt>
      <trkpt lat="43.676321" lon="-79.361653"><ele>89</ele><time>2026-05-31T11:42:41.000Z</time></trkpt>
      <trkpt lat="43.676376" lon="-79.361667"><ele>89.2</ele><time>2026-05-31T11:42:42.000Z</time></trkpt>
      <trkpt lat="43.676431" lon="-79.361687"><ele>89.2</ele><time>2026-05-31T11:42:43.000Z</time></trkpt>
      <trkpt lat="43.676484" lon="-79.361707"><ele>89.4</ele><time>2026-05-31T11:42:44.000Z</time></trkpt>
      <trkpt lat="43.676537" lon="-79.361724"><ele>89.6</ele><time>2026-05-31T11:42:45.000Z</time></trkpt>
      <trkpt lat="43.67659" lon="-79.361741"><ele>89.6</ele><time>2026-05-31T11:42:46.000Z</time></trkpt>
      <trkpt lat="43.676644" lon="-79.361755"><ele>89.6</ele><time>2026-05-31T11:42:47.000Z</time></trkpt>
      <trkpt lat="43.676696" lon="-79.361771"><ele>89.8</ele><time>2026-05-31T11:42:48.000Z</time></trkpt>
      <trkpt lat="43.676748" lon="-79.361784"><ele>89.6</ele><time>2026-05-31T11:42:49.000Z</time></trkpt>
      <trkpt lat="43.676799" lon="-79.361796"><ele>89.6</ele><time>2026-05-31T11:42:50.000Z</time></trkpt>
      <trkpt lat="43.67685" lon="-79.361809"><ele>89.8</ele><time>2026-05-31T11:42:51.000Z</time></trkpt>
      <trkpt lat="43.676903" lon="-79.361824"><ele>89.6</ele><time>2026-05-31T11:42:52.000Z</time></trkpt>
      <trkpt lat="43.676957" lon="-79.36184"><ele>89.8</ele><time>2026-05-31T11:42:53.000Z</time></trkpt>
      <trkpt lat="43.67701" lon="-79.361853"><ele>89.8</ele><time>2026-05-31T11:42:54.000Z</time></trkpt>
      <trkpt lat="43.677062" lon="-79.361868"><ele>89.8</ele><time>2026-05-31T11:42:55.000Z</time></trkpt>
      <trkpt lat="43.677113" lon="-79.36188"><ele>90</ele><time>2026-05-31T11:42:56.000Z</time></trkpt>
      <trkpt lat="43.677164" lon="-79.361897"><ele>90.2</ele><time>2026-05-31T11:42:57.000Z</time></trkpt>
      <trkpt lat="43.677214" lon="-79.361913"><ele>90.2</ele><time>2026-05-31T11:42:58.000Z</time></trkpt>
      <trkpt lat="43.677266" lon="-79.361928"><ele>90.2</ele><time>2026-05-31T11:42:59.000Z</time></trkpt>
      <trkpt lat="43.677317" lon="-79.361938"><ele>90.4</ele><time>2026-05-31T11:43:00.000Z</time></trkpt>
      <trkpt lat="43.677368" lon="-79.361948"><ele>90.2</ele><time>2026-05-31T11:43:01.000Z</time></trkpt>
      <trkpt lat="43.677419" lon="-79.361961"><ele>90.2</ele><time>2026-05-31T11:43:02.000Z</time></trkpt>
      <trkpt lat="43.677469" lon="-79.36197"><ele>90.4</ele><time>2026-05-31T11:43:03.000Z</time></trkpt>
      <trkpt lat="43.677519" lon="-79.36198"><ele>90.4</ele><time>2026-05-31T11:43:04.000Z</time></trkpt>
      <trkpt lat="43.677569" lon="-79.361992"><ele>90.4</ele><time>2026-05-31T11:43:05.000Z</time></trkpt>
      <trkpt lat="43.677619" lon="-79.362002"><ele>90.6</ele><time>2026-05-31T11:43:06.000Z</time></trkpt>
      <trkpt lat="43.67767" lon="-79.362008"><ele>90.6</ele><time>2026-05-31T11:43:07.000Z</time></trkpt>
      <trkpt lat="43.677721" lon="-79.362019"><ele>90.8</ele><time>2026-05-31T11:43:08.000Z</time></trkpt>
      <trkpt lat="43.677769" lon="-79.362027"><ele>90.8</ele><time>2026-05-31T11:43:09.000Z</time></trkpt>
      <trkpt lat="43.677818" lon="-79.362037"><ele>91</ele><time>2026-05-31T11:43:10.000Z</time></trkpt>
      <trkpt lat="43.677866" lon="-79.362047"><ele>91</ele><time>2026-05-31T11:43:11.000Z</time></trkpt>
      <trkpt lat="43.677915" lon="-79.362058"><ele>91</ele><time>2026-05-31T11:43:12.000Z</time></trkpt>
      <trkpt lat="43.677966" lon="-79.362069"><ele>91</ele><time>2026-05-31T11:43:13.000Z</time></trkpt>
      <trkpt lat="43.678016" lon="-79.36208"><ele>91.2</ele><time>2026-05-31T11:43:14.000Z</time></trkpt>
      <trkpt lat="43.678067" lon="-79.362091"><ele>91.2</ele><time>2026-05-31T11:43:15.000Z</time></trkpt>
      <trkpt lat="43.678117" lon="-79.362096"><ele>91.2</ele><time>2026-05-31T11:43:16.000Z</time></trkpt>
      <trkpt lat="43.678167" lon="-79.362103"><ele>91.4</ele><time>2026-05-31T11:43:17.000Z</time></trkpt>
      <trkpt lat="43.678218" lon="-79.362104"><ele>91.4</ele><time>2026-05-31T11:43:18.000Z</time></trkpt>
      <trkpt lat="43.678272" lon="-79.362111"><ele>91.6</ele><time>2026-05-31T11:43:19.000Z</time></trkpt>
      <trkpt lat="43.678325" lon="-79.362121"><ele>91.6</ele><time>2026-05-31T11:43:20.000Z</time></trkpt>
      <trkpt lat="43.678378" lon="-79.362131"><ele>91.8</ele><time>2026-05-31T11:43:21.000Z</time></trkpt>
      <trkpt lat="43.678431" lon="-79.36214"><ele>91.8</ele><time>2026-05-31T11:43:22.000Z</time></trkpt>
      <trkpt lat="43.678483" lon="-79.36215"><ele>91.8</ele><time>2026-05-31T11:43:23.000Z</time></trkpt>
      <trkpt lat="43.678537" lon="-79.362157"><ele>91.6</ele><time>2026-05-31T11:43:24.000Z</time></trkpt>
      <trkpt lat="43.678591" lon="-79.362164"><ele>91.6</ele><time>2026-05-31T11:43:25.000Z</time></trkpt>
      <trkpt lat="43.678644" lon="-79.362173"><ele>91.6</ele><time>2026-05-31T11:43:26.000Z</time></trkpt>
      <trkpt lat="43.678697" lon="-79.362181"><ele>91.6</ele><time>2026-05-31T11:43:27.000Z</time></trkpt>
      <trkpt lat="43.67875" lon="-79.362189"><ele>91.6</ele><time>2026-05-31T11:43:28.000Z</time></trkpt>
      <trkpt lat="43.678804" lon="-79.362195"><ele>91.8</ele><time>2026-05-31T11:43:29.000Z</time></trkpt>
      <trkpt lat="43.678856" lon="-79.362204"><ele>91.8</ele><time>2026-05-31T11:43:30.000Z</time></trkpt>
      <trkpt lat="43.678909" lon="-79.362215"><ele>92</ele><time>2026-05-31T11:43:31.000Z</time></trkpt>
      <trkpt lat="43.678959" lon="-79.362219"><ele>92.2</ele><time>2026-05-31T11:43:32.000Z</time></trkpt>
      <trkpt lat="43.679011" lon="-79.362224"><ele>92.2</ele><time>2026-05-31T11:43:33.000Z</time></trkpt>
      <trkpt lat="43.679063" lon="-79.362229"><ele>92.4</ele><time>2026-05-31T11:43:34.000Z</time></trkpt>
      <trkpt lat="43.679114" lon="-79.362236"><ele>92.4</ele><time>2026-05-31T11:43:35.000Z</time></trkpt>
      <trkpt lat="43.679166" lon="-79.36224"><ele>92.6</ele><time>2026-05-31T11:43:36.000Z</time></trkpt>
      <trkpt lat="43.679218" lon="-79.362244"><ele>92.6</ele><time>2026-05-31T11:43:37.000Z</time></trkpt>
      <trkpt lat="43.679271" lon="-79.362248"><ele>92.8</ele><time>2026-05-31T11:43:38.000Z</time></trkpt>
      <trkpt lat="43.679325" lon="-79.362256"><ele>93</ele><time>2026-05-31T11:43:39.000Z</time></trkpt>
      <trkpt lat="43.679377" lon="-79.362258"><ele>93</ele><time>2026-05-31T11:43:40.000Z</time></trkpt>
      <trkpt lat="43.679428" lon="-79.362265"><ele>93.2</ele><time>2026-05-31T11:43:41.000Z</time></trkpt>
      <trkpt lat="43.679479" lon="-79.362273"><ele>93</ele><time>2026-05-31T11:43:42.000Z</time></trkpt>
      <trkpt lat="43.679531" lon="-79.362279"><ele>93</ele><time>2026-05-31T11:43:43.000Z</time></trkpt>
      <trkpt lat="43.679582" lon="-79.362285"><ele>93</ele><time>2026-05-31T11:43:44.000Z</time></trkpt>
      <trkpt lat="43.679635" lon="-79.362294"><ele>93.2</ele><time>2026-05-31T11:43:45.000Z</time></trkpt>
      <trkpt lat="43.679689" lon="-79.362298"><ele>93.2</ele><time>2026-05-31T11:43:46.000Z</time></trkpt>
      <trkpt lat="43.679743" lon="-79.362303"><ele>93.4</ele><time>2026-05-31T11:43:47.000Z</time></trkpt>
      <trkpt lat="43.679796" lon="-79.362311"><ele>93.4</ele><time>2026-05-31T11:43:48.000Z</time></trkpt>
      <trkpt lat="43.679847" lon="-79.362317"><ele>93.4</ele><time>2026-05-31T11:43:49.000Z</time></trkpt>
      <trkpt lat="43.679898" lon="-79.36232"><ele>93.4</ele><time>2026-05-31T11:43:50.000Z</time></trkpt>
      <trkpt lat="43.679947" lon="-79.362327"><ele>93.2</ele><time>2026-05-31T11:43:51.000Z</time></trkpt>
      <trkpt lat="43.679995" lon="-79.36233"><ele>93.2</ele><time>2026-05-31T11:43:52.000Z</time></trkpt>
      <trkpt lat="43.680042" lon="-79.362336"><ele>93</ele><time>2026-05-31T11:43:53.000Z</time></trkpt>
      <trkpt lat="43.680091" lon="-79.362345"><ele>93</ele><time>2026-05-31T11:43:54.000Z</time></trkpt>
      <trkpt lat="43.68014" lon="-79.362354"><ele>93</ele><time>2026-05-31T11:43:55.000Z</time></trkpt>
      <trkpt lat="43.680188" lon="-79.362363"><ele>93</ele><time>2026-05-31T11:43:56.000Z</time></trkpt>
      <trkpt lat="43.680236" lon="-79.362367"><ele>93.2</ele><time>2026-05-31T11:43:57.000Z</time></trkpt>
      <trkpt lat="43.680284" lon="-79.362372"><ele>93.2</ele><time>2026-05-31T11:43:58.000Z</time></trkpt>
      <trkpt lat="43.680333" lon="-79.362374"><ele>93.4</ele><time>2026-05-31T11:43:59.000Z</time></trkpt>
      <trkpt lat="43.680385" lon="-79.362377"><ele>93.6</ele><time>2026-05-31T11:44:00.000Z</time></trkpt>
      <trkpt lat="43.680436" lon="-79.362383"><ele>93.6</ele><time>2026-05-31T11:44:01.000Z</time></trkpt>
      <trkpt lat="43.680486" lon="-79.362388"><ele>93.8</ele><time>2026-05-31T11:44:02.000Z</time></trkpt>
      <trkpt lat="43.680536" lon="-79.362386"><ele>93.8</ele><time>2026-05-31T11:44:03.000Z</time></trkpt>
      <trkpt lat="43.680587" lon="-79.362384"><ele>93.8</ele><time>2026-05-31T11:44:04.000Z</time></trkpt>
      <trkpt lat="43.68064" lon="-79.36239"><ele>93.8</ele><time>2026-05-31T11:44:05.000Z</time></trkpt>
      <trkpt lat="43.680694" lon="-79.362394"><ele>93.8</ele><time>2026-05-31T11:44:06.000Z</time></trkpt>
      <trkpt lat="43.68075" lon="-79.362392"><ele>93.8</ele><time>2026-05-31T11:44:07.000Z</time></trkpt>
      <trkpt lat="43.680805" lon="-79.362397"><ele>94</ele><time>2026-05-31T11:44:08.000Z</time></trkpt>
      <trkpt lat="43.680861" lon="-79.362402"><ele>94</ele><time>2026-05-31T11:44:09.000Z</time></trkpt>
      <trkpt lat="43.680916" lon="-79.362413"><ele>94</ele><time>2026-05-31T11:44:10.000Z</time></trkpt>
      <trkpt lat="43.68097" lon="-79.362424"><ele>94</ele><time>2026-05-31T11:44:11.000Z</time></trkpt>
      <trkpt lat="43.681022" lon="-79.362425"><ele>94</ele><time>2026-05-31T11:44:12.000Z</time></trkpt>
      <trkpt lat="43.681071" lon="-79.362423"><ele>94</ele><time>2026-05-31T11:44:13.000Z</time></trkpt>
      <trkpt lat="43.681121" lon="-79.362423"><ele>94</ele><time>2026-05-31T11:44:14.000Z</time></trkpt>
      <trkpt lat="43.681176" lon="-79.36242"><ele>94</ele><time>2026-05-31T11:44:15.000Z</time></trkpt>
      <trkpt lat="43.681231" lon="-79.362416"><ele>94</ele><time>2026-05-31T11:44:16.000Z</time></trkpt>
      <trkpt lat="43.681289" lon="-79.362419"><ele>93.8</ele><time>2026-05-31T11:44:17.000Z</time></trkpt>
      <trkpt lat="43.681347" lon="-79.362417"><ele>93.6</ele><time>2026-05-31T11:44:18.000Z</time></trkpt>
      <trkpt lat="43.681406" lon="-79.362416"><ele>93.6</ele><time>2026-05-31T11:44:19.000Z</time></trkpt>
      <trkpt lat="43.681468" lon="-79.362413"><ele>93.4</ele><time>2026-05-31T11:44:20.000Z</time></trkpt>
      <trkpt lat="43.681531" lon="-79.362415"><ele>93.2</ele><time>2026-05-31T11:44:21.000Z</time></trkpt>
      <trkpt lat="43.681595" lon="-79.362422"><ele>93.2</ele><time>2026-05-31T11:44:22.000Z</time></trkpt>
      <trkpt lat="43.681661" lon="-79.362424"><ele>92.8</ele><time>2026-05-31T11:44:23.000Z</time></trkpt>
      <trkpt lat="43.681729" lon="-79.362421"><ele>92.8</ele><time>2026-05-31T11:44:24.000Z</time></trkpt>
      <trkpt lat="43.6818" lon="-79.362417"><ele>92.6</ele><time>2026-05-31T11:44:25.000Z</time></trkpt>
      <trkpt lat="43.681873" lon="-79.362413"><ele>92.2</ele><time>2026-05-31T11:44:26.000Z</time></trkpt>
      <trkpt lat="43.681947" lon="-79.362404"><ele>92</ele><time>2026-05-31T11:44:27.000Z</time></trkpt>
      <trkpt lat="43.682021" lon="-79.36239"><ele>91.8</ele><time>2026-05-31T11:44:28.000Z</time></trkpt>
      <trkpt lat="43.682095" lon="-79.362373"><ele>91.6</ele><time>2026-05-31T11:44:29.000Z</time></trkpt>
      <trkpt lat="43.682168" lon="-79.362354"><ele>91.2</ele><time>2026-05-31T11:44:30.000Z</time></trkpt>
      <trkpt lat="43.682243" lon="-79.362333"><ele>90.8</ele><time>2026-05-31T11:44:31.000Z</time></trkpt>
      <trkpt lat="43.682318" lon="-79.362307"><ele>90.2</ele><time>2026-05-31T11:44:32.000Z</time></trkpt>
      <trkpt lat="43.682393" lon="-79.362285"><ele>89.6</ele><time>2026-05-31T11:44:33.000Z</time></trkpt>
      <trkpt lat="43.682467" lon="-79.362256"><ele>89</ele><time>2026-05-31T11:44:34.000Z</time></trkpt>
      <trkpt lat="43.682542" lon="-79.36222"><ele>89</ele><time>2026-05-31T11:44:35.000Z</time></trkpt>
      <trkpt lat="43.682617" lon="-79.362189"><ele>88.6</ele><time>2026-05-31T11:44:36.000Z</time></trkpt>
      <trkpt lat="43.682691" lon="-79.362153"><ele>88.4</ele><time>2026-05-31T11:44:37.000Z</time></trkpt>
      <trkpt lat="43.682767" lon="-79.36212"><ele>88</ele><time>2026-05-31T11:44:38.000Z</time></trkpt>
      <trkpt lat="43.682845" lon="-79.362088"><ele>87.8</ele><time>2026-05-31T11:44:39.000Z</time></trkpt>
      <trkpt lat="43.682921" lon="-79.36205"><ele>87.4</ele><time>2026-05-31T11:44:40.000Z</time></trkpt>
      <trkpt lat="43.682996" lon="-79.362009"><ele>87</ele><time>2026-05-31T11:44:41.000Z</time></trkpt>
      <trkpt lat="43.683073" lon="-79.361966"><ele>86.6</ele><time>2026-05-31T11:44:42.000Z</time></trkpt>
      <trkpt lat="43.683152" lon="-79.361926"><ele>86.4</ele><time>2026-05-31T11:44:43.000Z</time></trkpt>
      <trkpt lat="43.683232" lon="-79.361885"><ele>86</ele><time>2026-05-31T11:44:44.000Z</time></trkpt>
      <trkpt lat="43.683312" lon="-79.361845"><ele>85.6</ele><time>2026-05-31T11:44:45.000Z</time></trkpt>
      <trkpt lat="43.683394" lon="-79.361811"><ele>85.4</ele><time>2026-05-31T11:44:46.000Z</time></trkpt>
      <trkpt lat="43.683476" lon="-79.361769"><ele>84.8</ele><time>2026-05-31T11:44:47.000Z</time></trkpt>
      <trkpt lat="43.683557" lon="-79.361729"><ele>84.4</ele><time>2026-05-31T11:44:48.000Z</time></trkpt>
      <trkpt lat="43.68364" lon="-79.361695"><ele>84</ele><time>2026-05-31T11:44:49.000Z</time></trkpt>
      <trkpt lat="43.683721" lon="-79.361652"><ele>84</ele><time>2026-05-31T11:44:50.000Z</time></trkpt>
      <trkpt lat="43.683801" lon="-79.361609"><ele>83.6</ele><time>2026-05-31T11:44:51.000Z</time></trkpt>
      <trkpt lat="43.683881" lon="-79.361575"><ele>83.2</ele><time>2026-05-31T11:44:52.000Z</time></trkpt>
      <trkpt lat="43.683958" lon="-79.361535"><ele>83</ele><time>2026-05-31T11:44:53.000Z</time></trkpt>
      <trkpt lat="43.684036" lon="-79.361494"><ele>83</ele><time>2026-05-31T11:44:54.000Z</time></trkpt>
      <trkpt lat="43.684115" lon="-79.36146"><ele>82.8</ele><time>2026-05-31T11:44:55.000Z</time></trkpt>
      <trkpt lat="43.684192" lon="-79.36143"><ele>82.4</ele><time>2026-05-31T11:44:56.000Z</time></trkpt>
      <trkpt lat="43.684265" lon="-79.361397"><ele>82.4</ele><time>2026-05-31T11:44:57.000Z</time></trkpt>
      <trkpt lat="43.684339" lon="-79.361363"><ele>82</ele><time>2026-05-31T11:44:58.000Z</time></trkpt>
      <trkpt lat="43.684412" lon="-79.361325"><ele>81.6</ele><time>2026-05-31T11:44:59.000Z</time></trkpt>
      <trkpt lat="43.684485" lon="-79.361289"><ele>81.6</ele><time>2026-05-31T11:45:00.000Z</time></trkpt>
      <trkpt lat="43.684559" lon="-79.361257"><ele>81.4</ele><time>2026-05-31T11:45:01.000Z</time></trkpt>
      <trkpt lat="43.684631" lon="-79.361225"><ele>81.4</ele><time>2026-05-31T11:45:02.000Z</time></trkpt>
      <trkpt lat="43.684702" lon="-79.361196"><ele>81.4</ele><time>2026-05-31T11:45:03.000Z</time></trkpt>
      <trkpt lat="43.684773" lon="-79.361167"><ele>81.6</ele><time>2026-05-31T11:45:04.000Z</time></trkpt>
      <trkpt lat="43.684845" lon="-79.361138"><ele>81.4</ele><time>2026-05-31T11:45:05.000Z</time></trkpt>
      <trkpt lat="43.684915" lon="-79.361112"><ele>81.6</ele><time>2026-05-31T11:45:06.000Z</time></trkpt>
      <trkpt lat="43.684987" lon="-79.361086"><ele>81.6</ele><time>2026-05-31T11:45:07.000Z</time></trkpt>
      <trkpt lat="43.685058" lon="-79.361061"><ele>81.8</ele><time>2026-05-31T11:45:08.000Z</time></trkpt>
      <trkpt lat="43.685128" lon="-79.361038"><ele>81.8</ele><time>2026-05-31T11:45:09.000Z</time></trkpt>
      <trkpt lat="43.685197" lon="-79.361016"><ele>82.2</ele><time>2026-05-31T11:45:10.000Z</time></trkpt>
      <trkpt lat="43.685266" lon="-79.360997"><ele>82.4</ele><time>2026-05-31T11:45:11.000Z</time></trkpt>
      <trkpt lat="43.685334" lon="-79.36098"><ele>82.4</ele><time>2026-05-31T11:45:12.000Z</time></trkpt>
      <trkpt lat="43.6854" lon="-79.360961"><ele>82.4</ele><time>2026-05-31T11:45:13.000Z</time></trkpt>
      <trkpt lat="43.685463" lon="-79.360942"><ele>82.4</ele><time>2026-05-31T11:45:14.000Z</time></trkpt>
      <trkpt lat="43.685523" lon="-79.360927"><ele>82.4</ele><time>2026-05-31T11:45:15.000Z</time></trkpt>
      <trkpt lat="43.68558" lon="-79.360908"><ele>82.4</ele><time>2026-05-31T11:45:16.000Z</time></trkpt>
      <trkpt lat="43.685634" lon="-79.360899"><ele>82.4</ele><time>2026-05-31T11:45:17.000Z</time></trkpt>
      <trkpt lat="43.685688" lon="-79.360891"><ele>82.6</ele><time>2026-05-31T11:45:18.000Z</time></trkpt>
      <trkpt lat="43.685741" lon="-79.360883"><ele>82.6</ele><time>2026-05-31T11:45:19.000Z</time></trkpt>
      <trkpt lat="43.685793" lon="-79.360879"><ele>82.8</ele><time>2026-05-31T11:45:20.000Z</time></trkpt>
      <trkpt lat="43.685848" lon="-79.360872"><ele>83</ele><time>2026-05-31T11:45:21.000Z</time></trkpt>
      <trkpt lat="43.685901" lon="-79.360866"><ele>83.2</ele><time>2026-05-31T11:45:22.000Z</time></trkpt>
      <trkpt lat="43.685955" lon="-79.360861"><ele>83.4</ele><time>2026-05-31T11:45:23.000Z</time></trkpt>
      <trkpt lat="43.686009" lon="-79.360853"><ele>83.4</ele><time>2026-05-31T11:45:24.000Z</time></trkpt>
      <trkpt lat="43.686062" lon="-79.360843"><ele>83.4</ele><time>2026-05-31T11:45:25.000Z</time></trkpt>
      <trkpt lat="43.686114" lon="-79.360826"><ele>83.6</ele><time>2026-05-31T11:45:26.000Z</time></trkpt>
      <trkpt lat="43.686165" lon="-79.360812"><ele>84</ele><time>2026-05-31T11:45:27.000Z</time></trkpt>
      <trkpt lat="43.686217" lon="-79.360806"><ele>84.2</ele><time>2026-05-31T11:45:28.000Z</time></trkpt>
      <trkpt lat="43.686267" lon="-79.360801"><ele>84.4</ele><time>2026-05-31T11:45:29.000Z</time></trkpt>
      <trkpt lat="43.686316" lon="-79.360796"><ele>84.8</ele><time>2026-05-31T11:45:30.000Z</time></trkpt>
      <trkpt lat="43.686363" lon="-79.360793"><ele>85</ele><time>2026-05-31T11:45:31.000Z</time></trkpt>
      <trkpt lat="43.68641" lon="-79.360786"><ele>85</ele><time>2026-05-31T11:45:32.000Z</time></trkpt>
      <trkpt lat="43.686457" lon="-79.360781"><ele>85.2</ele><time>2026-05-31T11:45:33.000Z</time></trkpt>
      <trkpt lat="43.686504" lon="-79.360779"><ele>85.4</ele><time>2026-05-31T11:45:34.000Z</time></trkpt>
      <trkpt lat="43.68655" lon="-79.360781"><ele>85.4</ele><time>2026-05-31T11:45:35.000Z</time></trkpt>
      <trkpt lat="43.686596" lon="-79.360784"><ele>85.6</ele><time>2026-05-31T11:45:36.000Z</time></trkpt>
      <trkpt lat="43.686641" lon="-79.360779"><ele>85.6</ele><time>2026-05-31T11:45:37.000Z</time></trkpt>
      <trkpt lat="43.686685" lon="-79.360771"><ele>85.8</ele><time>2026-05-31T11:45:38.000Z</time></trkpt>
      <trkpt lat="43.68673" lon="-79.360762"><ele>85.8</ele><time>2026-05-31T11:45:39.000Z</time></trkpt>
      <trkpt lat="43.686775" lon="-79.360765"><ele>86</ele><time>2026-05-31T11:45:40.000Z</time></trkpt>
      <trkpt lat="43.686819" lon="-79.360769"><ele>86.2</ele><time>2026-05-31T11:45:41.000Z</time></trkpt>
      <trkpt lat="43.686862" lon="-79.360768"><ele>86.4</ele><time>2026-05-31T11:45:42.000Z</time></trkpt>
      <trkpt lat="43.686904" lon="-79.360762"><ele>86.4</ele><time>2026-05-31T11:45:43.000Z</time></trkpt>
      <trkpt lat="43.686944" lon="-79.360758"><ele>86.6</ele><time>2026-05-31T11:45:44.000Z</time></trkpt>
      <trkpt lat="43.686989" lon="-79.360757"><ele>86.8</ele><time>2026-05-31T11:45:45.000Z</time></trkpt>
      <trkpt lat="43.687035" lon="-79.360753"><ele>87</ele><time>2026-05-31T11:45:46.000Z</time></trkpt>
      <trkpt lat="43.687079" lon="-79.36075"><ele>87.2</ele><time>2026-05-31T11:45:47.000Z</time></trkpt>
      <trkpt lat="43.687124" lon="-79.360748"><ele>87.6</ele><time>2026-05-31T11:45:48.000Z</time></trkpt>
      <trkpt lat="43.687167" lon="-79.360748"><ele>87.8</ele><time>2026-05-31T11:45:49.000Z</time></trkpt>
      <trkpt lat="43.687211" lon="-79.360747"><ele>87.8</ele><time>2026-05-31T11:45:50.000Z</time></trkpt>
      <trkpt lat="43.687254" lon="-79.360744"><ele>88</ele><time>2026-05-31T11:45:51.000Z</time></trkpt>
      <trkpt lat="43.687297" lon="-79.360742"><ele>88</ele><time>2026-05-31T11:45:52.000Z</time></trkpt>
      <trkpt lat="43.687341" lon="-79.360742"><ele>88.2</ele><time>2026-05-31T11:45:53.000Z</time></trkpt>
      <trkpt lat="43.687384" lon="-79.360737"><ele>88.2</ele><time>2026-05-31T11:45:54.000Z</time></trkpt>
      <trkpt lat="43.687426" lon="-79.360731"><ele>88.2</ele><time>2026-05-31T11:45:55.000Z</time></trkpt>
      <trkpt lat="43.687468" lon="-79.360728"><ele>88.4</ele><time>2026-05-31T11:45:56.000Z</time></trkpt>
      <trkpt lat="43.68751" lon="-79.360725"><ele>88.6</ele><time>2026-05-31T11:45:57.000Z</time></trkpt>
      <trkpt lat="43.687551" lon="-79.360722"><ele>88.8</ele><time>2026-05-31T11:45:58.000Z</time></trkpt>
      <trkpt lat="43.687592" lon="-79.360717"><ele>89</ele><time>2026-05-31T11:45:59.000Z</time></trkpt>
      <trkpt lat="43.687632" lon="-79.360712"><ele>89</ele><time>2026-05-31T11:46:00.000Z</time></trkpt>
      <trkpt lat="43.687676" lon="-79.36071"><ele>89</ele><time>2026-05-31T11:46:01.000Z</time></trkpt>
      <trkpt lat="43.687719" lon="-79.360707"><ele>89</ele><time>2026-05-31T11:46:02.000Z</time></trkpt>
      <trkpt lat="43.687762" lon="-79.360701"><ele>89.2</ele><time>2026-05-31T11:46:03.000Z</time></trkpt>
      <trkpt lat="43.687806" lon="-79.360696"><ele>89.4</ele><time>2026-05-31T11:46:04.000Z</time></trkpt>
      <trkpt lat="43.687848" lon="-79.36069"><ele>89.6</ele><time>2026-05-31T11:46:05.000Z</time></trkpt>
      <trkpt lat="43.68789" lon="-79.360684"><ele>89.8</ele><time>2026-05-31T11:46:06.000Z</time></trkpt>
      <trkpt lat="43.687934" lon="-79.360678"><ele>90</ele><time>2026-05-31T11:46:07.000Z</time></trkpt>
      <trkpt lat="43.687979" lon="-79.360671"><ele>90</ele><time>2026-05-31T11:46:08.000Z</time></trkpt>
      <trkpt lat="43.688023" lon="-79.360664"><ele>90.2</ele><time>2026-05-31T11:46:09.000Z</time></trkpt>
      <trkpt lat="43.688069" lon="-79.36066"><ele>90.4</ele><time>2026-05-31T11:46:10.000Z</time></trkpt>
      <trkpt lat="43.688114" lon="-79.360652"><ele>90.4</ele><time>2026-05-31T11:46:11.000Z</time></trkpt>
      <trkpt lat="43.688157" lon="-79.360646"><ele>90.6</ele><time>2026-05-31T11:46:12.000Z</time></trkpt>
      <trkpt lat="43.688203" lon="-79.360638"><ele>90.6</ele><time>2026-05-31T11:46:13.000Z</time></trkpt>
      <trkpt lat="43.688247" lon="-79.360632"><ele>90.8</ele><time>2026-05-31T11:46:14.000Z</time></trkpt>
      <trkpt lat="43.688295" lon="-79.360622"><ele>90.6</ele><time>2026-05-31T11:46:15.000Z</time></trkpt>
      <trkpt lat="43.688344" lon="-79.360611"><ele>90.8</ele><time>2026-05-31T11:46:16.000Z</time></trkpt>
      <trkpt lat="43.688392" lon="-79.360598"><ele>90.6</ele><time>2026-05-31T11:46:17.000Z</time></trkpt>
      <trkpt lat="43.68844" lon="-79.360585"><ele>90.8</ele><time>2026-05-31T11:46:18.000Z</time></trkpt>
      <trkpt lat="43.68849" lon="-79.360573"><ele>90.6</ele><time>2026-05-31T11:46:19.000Z</time></trkpt>
      <trkpt lat="43.688542" lon="-79.360562"><ele>90.6</ele><time>2026-05-31T11:46:20.000Z</time></trkpt>
      <trkpt lat="43.688592" lon="-79.360545"><ele>90.6</ele><time>2026-05-31T11:46:21.000Z</time></trkpt>
      <trkpt lat="43.688645" lon="-79.360528"><ele>90.6</ele><time>2026-05-31T11:46:22.000Z</time></trkpt>
      <trkpt lat="43.688699" lon="-79.360511"><ele>90.6</ele><time>2026-05-31T11:46:23.000Z</time></trkpt>
      <trkpt lat="43.688755" lon="-79.360497"><ele>90.6</ele><time>2026-05-31T11:46:24.000Z</time></trkpt>
      <trkpt lat="43.688812" lon="-79.36048"><ele>90.4</ele><time>2026-05-31T11:46:25.000Z</time></trkpt>
      <trkpt lat="43.688868" lon="-79.360463"><ele>90.4</ele><time>2026-05-31T11:46:26.000Z</time></trkpt>
      <trkpt lat="43.688925" lon="-79.360448"><ele>90.4</ele><time>2026-05-31T11:46:27.000Z</time></trkpt>
      <trkpt lat="43.688981" lon="-79.360425"><ele>90.2</ele><time>2026-05-31T11:46:28.000Z</time></trkpt>
      <trkpt lat="43.68904" lon="-79.360401"><ele>90.2</ele><time>2026-05-31T11:46:29.000Z</time></trkpt>
      <trkpt lat="43.689101" lon="-79.360377"><ele>90</ele><time>2026-05-31T11:46:30.000Z</time></trkpt>
      <trkpt lat="43.689165" lon="-79.36035"><ele>90</ele><time>2026-05-31T11:46:31.000Z</time></trkpt>
      <trkpt lat="43.68923" lon="-79.360321"><ele>89.8</ele><time>2026-05-31T11:46:32.000Z</time></trkpt>
      <trkpt lat="43.689296" lon="-79.360299"><ele>89.6</ele><time>2026-05-31T11:46:33.000Z</time></trkpt>
      <trkpt lat="43.689364" lon="-79.360274"><ele>89.4</ele><time>2026-05-31T11:46:34.000Z</time></trkpt>
      <trkpt lat="43.689432" lon="-79.360247"><ele>88.8</ele><time>2026-05-31T11:46:35.000Z</time></trkpt>
      <trkpt lat="43.6895" lon="-79.360215"><ele>88.6</ele><time>2026-05-31T11:46:36.000Z</time></trkpt>
      <trkpt lat="43.689567" lon="-79.360183"><ele>88</ele><time>2026-05-31T11:46:37.000Z</time></trkpt>
      <trkpt lat="43.689636" lon="-79.36015"><ele>87.6</ele><time>2026-05-31T11:46:38.000Z</time></trkpt>
      <trkpt lat="43.689704" lon="-79.360119"><ele>87.4</ele><time>2026-05-31T11:46:39.000Z</time></trkpt>
      <trkpt lat="43.689772" lon="-79.360086"><ele>87</ele><time>2026-05-31T11:46:40.000Z</time></trkpt>
      <trkpt lat="43.68984" lon="-79.360056"><ele>86.8</ele><time>2026-05-31T11:46:41.000Z</time></trkpt>
      <trkpt lat="43.689909" lon="-79.360021"><ele>86.6</ele><time>2026-05-31T11:46:42.000Z</time></trkpt>
      <trkpt lat="43.689978" lon="-79.359987"><ele>86.2</ele><time>2026-05-31T11:46:43.000Z</time></trkpt>
      <trkpt lat="43.690043" lon="-79.359947"><ele>86</ele><time>2026-05-31T11:46:44.000Z</time></trkpt>
      <trkpt lat="43.690107" lon="-79.359917"><ele>85.8</ele><time>2026-05-31T11:46:45.000Z</time></trkpt>
      <trkpt lat="43.69017" lon="-79.359888"><ele>85.6</ele><time>2026-05-31T11:46:46.000Z</time></trkpt>
      <trkpt lat="43.690231" lon="-79.359851"><ele>85.4</ele><time>2026-05-31T11:46:47.000Z</time></trkpt>
      <trkpt lat="43.690292" lon="-79.359815"><ele>85.4</ele><time>2026-05-31T11:46:48.000Z</time></trkpt>
      <trkpt lat="43.690352" lon="-79.359779"><ele>85.4</ele><time>2026-05-31T11:46:49.000Z</time></trkpt>
      <trkpt lat="43.690413" lon="-79.359739"><ele>85.4</ele><time>2026-05-31T11:46:50.000Z</time></trkpt>
      <trkpt lat="43.690474" lon="-79.359702"><ele>85.4</ele><time>2026-05-31T11:46:51.000Z</time></trkpt>
      <trkpt lat="43.690537" lon="-79.359665"><ele>85.4</ele><time>2026-05-31T11:46:52.000Z</time></trkpt>
      <trkpt lat="43.690598" lon="-79.359626"><ele>85.4</ele><time>2026-05-31T11:46:53.000Z</time></trkpt>
      <trkpt lat="43.690658" lon="-79.359588"><ele>85.6</ele><time>2026-05-31T11:46:54.000Z</time></trkpt>
      <trkpt lat="43.690718" lon="-79.359547"><ele>85.6</ele><time>2026-05-31T11:46:55.000Z</time></trkpt>
      <trkpt lat="43.690777" lon="-79.359505"><ele>85.6</ele><time>2026-05-31T11:46:56.000Z</time></trkpt>
      <trkpt lat="43.690836" lon="-79.359464"><ele>85.8</ele><time>2026-05-31T11:46:57.000Z</time></trkpt>
      <trkpt lat="43.690893" lon="-79.359421"><ele>85.8</ele><time>2026-05-31T11:46:58.000Z</time></trkpt>
      <trkpt lat="43.69095" lon="-79.35938"><ele>85.8</ele><time>2026-05-31T11:46:59.000Z</time></trkpt>
      <trkpt lat="43.691006" lon="-79.359341"><ele>85.8</ele><time>2026-05-31T11:47:00.000Z</time></trkpt>
      <trkpt lat="43.69106" lon="-79.3593"><ele>85.8</ele><time>2026-05-31T11:47:01.000Z</time></trkpt>
      <trkpt lat="43.691113" lon="-79.359262"><ele>85.8</ele><time>2026-05-31T11:47:02.000Z</time></trkpt>
      <trkpt lat="43.691164" lon="-79.359226"><ele>85.8</ele><time>2026-05-31T11:47:03.000Z</time></trkpt>
      <trkpt lat="43.691216" lon="-79.359189"><ele>85.8</ele><time>2026-05-31T11:47:04.000Z</time></trkpt>
      <trkpt lat="43.691264" lon="-79.359151"><ele>86</ele><time>2026-05-31T11:47:05.000Z</time></trkpt>
      <trkpt lat="43.691311" lon="-79.359117"><ele>86.2</ele><time>2026-05-31T11:47:06.000Z</time></trkpt>
      <trkpt lat="43.691354" lon="-79.35908"><ele>86.2</ele><time>2026-05-31T11:47:07.000Z</time></trkpt>
      <trkpt lat="43.691397" lon="-79.359044"><ele>86.6</ele><time>2026-05-31T11:47:08.000Z</time></trkpt>
      <trkpt lat="43.691441" lon="-79.359009"><ele>86.8</ele><time>2026-05-31T11:47:09.000Z</time></trkpt>
      <trkpt lat="43.691482" lon="-79.358975"><ele>87.2</ele><time>2026-05-31T11:47:10.000Z</time></trkpt>
      <trkpt lat="43.691523" lon="-79.358942"><ele>87.4</ele><time>2026-05-31T11:47:11.000Z</time></trkpt>
      <trkpt lat="43.691565" lon="-79.35891"><ele>87.6</ele><time>2026-05-31T11:47:12.000Z</time></trkpt>
      <trkpt lat="43.691608" lon="-79.358876"><ele>87.8</ele><time>2026-05-31T11:47:13.000Z</time></trkpt>
      <trkpt lat="43.691645" lon="-79.358836"><ele>88</ele><time>2026-05-31T11:47:14.000Z</time></trkpt>
      <trkpt lat="43.691683" lon="-79.358797"><ele>88.2</ele><time>2026-05-31T11:47:15.000Z</time></trkpt>
      <trkpt lat="43.691723" lon="-79.358758"><ele>88.4</ele><time>2026-05-31T11:47:16.000Z</time></trkpt>
      <trkpt lat="43.691762" lon="-79.358722"><ele>88.8</ele><time>2026-05-31T11:47:17.000Z</time></trkpt>
      <trkpt lat="43.691799" lon="-79.358684"><ele>89</ele><time>2026-05-31T11:47:18.000Z</time></trkpt>
      <trkpt lat="43.691837" lon="-79.358648"><ele>89.2</ele><time>2026-05-31T11:47:19.000Z</time></trkpt>
      <trkpt lat="43.691875" lon="-79.35861"><ele>89.4</ele><time>2026-05-31T11:47:20.000Z</time></trkpt>
      <trkpt lat="43.691913" lon="-79.358575"><ele>89.6</ele><time>2026-05-31T11:47:21.000Z</time></trkpt>
      <trkpt lat="43.69195" lon="-79.358538"><ele>89.8</ele><time>2026-05-31T11:47:22.000Z</time></trkpt>
      <trkpt lat="43.691985" lon="-79.358501"><ele>90</ele><time>2026-05-31T11:47:23.000Z</time></trkpt>
      <trkpt lat="43.69202" lon="-79.358462"><ele>90.4</ele><time>2026-05-31T11:47:24.000Z</time></trkpt>
      <trkpt lat="43.692056" lon="-79.358429"><ele>90.6</ele><time>2026-05-31T11:47:25.000Z</time></trkpt>
      <trkpt lat="43.692093" lon="-79.358395"><ele>90.8</ele><time>2026-05-31T11:47:26.000Z</time></trkpt>
      <trkpt lat="43.692131" lon="-79.358358"><ele>91</ele><time>2026-05-31T11:47:27.000Z</time></trkpt>
      <trkpt lat="43.692166" lon="-79.358323"><ele>91.4</ele><time>2026-05-31T11:47:28.000Z</time></trkpt>
      <trkpt lat="43.6922" lon="-79.358291"><ele>91.6</ele><time>2026-05-31T11:47:29.000Z</time></trkpt>
      <trkpt lat="43.692233" lon="-79.358259"><ele>91.8</ele><time>2026-05-31T11:47:30.000Z</time></trkpt>
      <trkpt lat="43.692266" lon="-79.358226"><ele>91.8</ele><time>2026-05-31T11:47:31.000Z</time></trkpt>
      <trkpt lat="43.692299" lon="-79.358192"><ele>92</ele><time>2026-05-31T11:47:32.000Z</time></trkpt>
      <trkpt lat="43.692329" lon="-79.358157"><ele>92.2</ele><time>2026-05-31T11:47:33.000Z</time></trkpt>
      <trkpt lat="43.692361" lon="-79.358122"><ele>92.4</ele><time>2026-05-31T11:47:34.000Z</time></trkpt>
      <trkpt lat="43.692394" lon="-79.358091"><ele>92.6</ele><time>2026-05-31T11:47:35.000Z</time></trkpt>
      <trkpt lat="43.692426" lon="-79.358057"><ele>92.6</ele><time>2026-05-31T11:47:36.000Z</time></trkpt>
      <trkpt lat="43.692458" lon="-79.358021"><ele>92.8</ele><time>2026-05-31T11:47:37.000Z</time></trkpt>
      <trkpt lat="43.69249" lon="-79.357983"><ele>92.8</ele><time>2026-05-31T11:47:38.000Z</time></trkpt>
      <trkpt lat="43.692523" lon="-79.357949"><ele>93</ele><time>2026-05-31T11:47:39.000Z</time></trkpt>
      <trkpt lat="43.692555" lon="-79.357914"><ele>93</ele><time>2026-05-31T11:47:40.000Z</time></trkpt>
      <trkpt lat="43.692586" lon="-79.357875"><ele>93.2</ele><time>2026-05-31T11:47:41.000Z</time></trkpt>
      <trkpt lat="43.692616" lon="-79.357837"><ele>93.2</ele><time>2026-05-31T11:47:42.000Z</time></trkpt>
      <trkpt lat="43.69265" lon="-79.357801"><ele>93.2</ele><time>2026-05-31T11:47:43.000Z</time></trkpt>
      <trkpt lat="43.692682" lon="-79.357762"><ele>93.2</ele><time>2026-05-31T11:47:44.000Z</time></trkpt>
      <trkpt lat="43.692714" lon="-79.357726"><ele>93.2</ele><time>2026-05-31T11:47:45.000Z</time></trkpt>
      <trkpt lat="43.692748" lon="-79.357695"><ele>93.2</ele><time>2026-05-31T11:47:46.000Z</time></trkpt>
      <trkpt lat="43.692783" lon="-79.357659"><ele>93.2</ele><time>2026-05-31T11:47:47.000Z</time></trkpt>
      <trkpt lat="43.692818" lon="-79.357625"><ele>93.4</ele><time>2026-05-31T11:47:48.000Z</time></trkpt>
      <trkpt lat="43.692849" lon="-79.357585"><ele>93.4</ele><time>2026-05-31T11:47:49.000Z</time></trkpt>
      <trkpt lat="43.69288" lon="-79.357547"><ele>93.4</ele><time>2026-05-31T11:47:50.000Z</time></trkpt>
      <trkpt lat="43.692914" lon="-79.357511"><ele>93.6</ele><time>2026-05-31T11:47:51.000Z</time></trkpt>
      <trkpt lat="43.69295" lon="-79.357476"><ele>93.6</ele><time>2026-05-31T11:47:52.000Z</time></trkpt>
      <trkpt lat="43.692982" lon="-79.357433"><ele>93.6</ele><time>2026-05-31T11:47:53.000Z</time></trkpt>
      <trkpt lat="43.693014" lon="-79.35739"><ele>93.6</ele><time>2026-05-31T11:47:54.000Z</time></trkpt>
      <trkpt lat="43.693048" lon="-79.357352"><ele>93.8</ele><time>2026-05-31T11:47:55.000Z</time></trkpt>
      <trkpt lat="43.693083" lon="-79.357318"><ele>93.8</ele><time>2026-05-31T11:47:56.000Z</time></trkpt>
      <trkpt lat="43.693117" lon="-79.357276"><ele>94</ele><time>2026-05-31T11:47:57.000Z</time></trkpt>
      <trkpt lat="43.693153" lon="-79.357233"><ele>94</ele><time>2026-05-31T11:47:58.000Z</time></trkpt>
      <trkpt lat="43.693191" lon="-79.357192"><ele>94</ele><time>2026-05-31T11:47:59.000Z</time></trkpt>
      <trkpt lat="43.69323" lon="-79.357153"><ele>94</ele><time>2026-05-31T11:48:00.000Z</time></trkpt>
      <trkpt lat="43.693267" lon="-79.357106"><ele>94</ele><time>2026-05-31T11:48:01.000Z</time></trkpt>
      <trkpt lat="43.693306" lon="-79.357057"><ele>93.8</ele><time>2026-05-31T11:48:02.000Z</time></trkpt>
      <trkpt lat="43.693342" lon="-79.357007"><ele>93.6</ele><time>2026-05-31T11:48:03.000Z</time></trkpt>
      <trkpt lat="43.693383" lon="-79.356962"><ele>93.4</ele><time>2026-05-31T11:48:04.000Z</time></trkpt>
      <trkpt lat="43.693425" lon="-79.356916"><ele>93.2</ele><time>2026-05-31T11:48:05.000Z</time></trkpt>
      <trkpt lat="43.693469" lon="-79.356873"><ele>93.2</ele><time>2026-05-31T11:48:06.000Z</time></trkpt>
      <trkpt lat="43.693514" lon="-79.356826"><ele>93.2</ele><time>2026-05-31T11:48:07.000Z</time></trkpt>
      <trkpt lat="43.693556" lon="-79.356775"><ele>93.2</ele><time>2026-05-31T11:48:08.000Z</time></trkpt>
      <trkpt lat="43.693601" lon="-79.356721"><ele>93.2</ele><time>2026-05-31T11:48:09.000Z</time></trkpt>
      <trkpt lat="43.693644" lon="-79.356667"><ele>93.2</ele><time>2026-05-31T11:48:10.000Z</time></trkpt>
      <trkpt lat="43.693688" lon="-79.356613"><ele>93</ele><time>2026-05-31T11:48:11.000Z</time></trkpt>
      <trkpt lat="43.693732" lon="-79.35656"><ele>93</ele><time>2026-05-31T11:48:12.000Z</time></trkpt>
      <trkpt lat="43.693776" lon="-79.356508"><ele>93</ele><time>2026-05-31T11:48:13.000Z</time></trkpt>
      <trkpt lat="43.69382" lon="-79.356458"><ele>93</ele><time>2026-05-31T11:48:14.000Z</time></trkpt>
      <trkpt lat="43.693865" lon="-79.35641"><ele>92.8</ele><time>2026-05-31T11:48:15.000Z</time></trkpt>
      <trkpt lat="43.693909" lon="-79.356364"><ele>92.8</ele><time>2026-05-31T11:48:16.000Z</time></trkpt>
      <trkpt lat="43.69395" lon="-79.356317"><ele>92.6</ele><time>2026-05-31T11:48:17.000Z</time></trkpt>
      <trkpt lat="43.693992" lon="-79.356271"><ele>92.6</ele><time>2026-05-31T11:48:18.000Z</time></trkpt>
      <trkpt lat="43.694031" lon="-79.35622"><ele>92.4</ele><time>2026-05-31T11:48:19.000Z</time></trkpt>
      <trkpt lat="43.69407" lon="-79.35617"><ele>92.4</ele><time>2026-05-31T11:48:20.000Z</time></trkpt>
      <trkpt lat="43.694114" lon="-79.35612"><ele>92.4</ele><time>2026-05-31T11:48:21.000Z</time></trkpt>
      <trkpt lat="43.694158" lon="-79.35607"><ele>92.4</ele><time>2026-05-31T11:48:22.000Z</time></trkpt>
      <trkpt lat="43.694201" lon="-79.35602"><ele>92.6</ele><time>2026-05-31T11:48:23.000Z</time></trkpt>
      <trkpt lat="43.694242" lon="-79.355969"><ele>92.6</ele><time>2026-05-31T11:48:24.000Z</time></trkpt>
      <trkpt lat="43.69428" lon="-79.355915"><ele>92.6</ele><time>2026-05-31T11:48:25.000Z</time></trkpt>
      <trkpt lat="43.694317" lon="-79.355865"><ele>92.8</ele><time>2026-05-31T11:48:26.000Z</time></trkpt>
      <trkpt lat="43.694357" lon="-79.355819"><ele>92.6</ele><time>2026-05-31T11:48:27.000Z</time></trkpt>
      <trkpt lat="43.694392" lon="-79.355773"><ele>92.6</ele><time>2026-05-31T11:48:28.000Z</time></trkpt>
      <trkpt lat="43.694427" lon="-79.355727"><ele>92.4</ele><time>2026-05-31T11:48:29.000Z</time></trkpt>
      <trkpt lat="43.69446" lon="-79.355686"><ele>92.4</ele><time>2026-05-31T11:48:30.000Z</time></trkpt>
      <trkpt lat="43.694497" lon="-79.35565"><ele>92.6</ele><time>2026-05-31T11:48:31.000Z</time></trkpt>
      <trkpt lat="43.694532" lon="-79.355614"><ele>92.6</ele><time>2026-05-31T11:48:32.000Z</time></trkpt>
      <trkpt lat="43.694565" lon="-79.355577"><ele>92.8</ele><time>2026-05-31T11:48:33.000Z</time></trkpt>
      <trkpt lat="43.694592" lon="-79.355542"><ele>93</ele><time>2026-05-31T11:48:34.000Z</time></trkpt>
      <trkpt lat="43.69462" lon="-79.355507"><ele>93.2</ele><time>2026-05-31T11:48:35.000Z</time></trkpt>
      <trkpt lat="43.694648" lon="-79.355467"><ele>93.2</ele><time>2026-05-31T11:48:36.000Z</time></trkpt>
      <trkpt lat="43.694678" lon="-79.355425"><ele>93.2</ele><time>2026-05-31T11:48:37.000Z</time></trkpt>
      <trkpt lat="43.694707" lon="-79.355385"><ele>93.4</ele><time>2026-05-31T11:48:38.000Z</time></trkpt>
      <trkpt lat="43.694738" lon="-79.355349"><ele>93.4</ele><time>2026-05-31T11:48:39.000Z</time></trkpt>
      <trkpt lat="43.694769" lon="-79.355312"><ele>93.4</ele><time>2026-05-31T11:48:40.000Z</time></trkpt>
      <trkpt lat="43.694799" lon="-79.355274"><ele>93.4</ele><time>2026-05-31T11:48:41.000Z</time></trkpt>
      <trkpt lat="43.69483" lon="-79.355239"><ele>93.6</ele><time>2026-05-31T11:48:42.000Z</time></trkpt>
      <trkpt lat="43.694861" lon="-79.355202"><ele>93.6</ele><time>2026-05-31T11:48:43.000Z</time></trkpt>
      <trkpt lat="43.694889" lon="-79.355169"><ele>93.6</ele><time>2026-05-31T11:48:44.000Z</time></trkpt>
      <trkpt lat="43.694914" lon="-79.355137"><ele>93.8</ele><time>2026-05-31T11:48:45.000Z</time></trkpt>
      <trkpt lat="43.694933" lon="-79.355105"><ele>94</ele><time>2026-05-31T11:48:46.000Z</time></trkpt>
      <trkpt lat="43.694957" lon="-79.355076"><ele>94</ele><time>2026-05-31T11:48:47.000Z</time></trkpt>
      <trkpt lat="43.694984" lon="-79.355045"><ele>94</ele><time>2026-05-31T11:48:48.000Z</time></trkpt>
      <trkpt lat="43.695014" lon="-79.355011"><ele>94.2</ele><time>2026-05-31T11:48:49.000Z</time></trkpt>
      <trkpt lat="43.695046" lon="-79.354972"><ele>94.2</ele><time>2026-05-31T11:48:50.000Z</time></trkpt>
      <trkpt lat="43.695074" lon="-79.354935"><ele>94.4</ele><time>2026-05-31T11:48:51.000Z</time></trkpt>
      <trkpt lat="43.6951" lon="-79.3549"><ele>94.6</ele><time>2026-05-31T11:48:52.000Z</time></trkpt>
      <trkpt lat="43.695124" lon="-79.354871"><ele>94.8</ele><time>2026-05-31T11:48:53.000Z</time></trkpt>
      <trkpt lat="43.695145" lon="-79.354841"><ele>95</ele><time>2026-05-31T11:48:54.000Z</time></trkpt>
      <trkpt lat="43.695169" lon="-79.354809"><ele>95.4</ele><time>2026-05-31T11:48:55.000Z</time></trkpt>
      <trkpt lat="43.695187" lon="-79.354776"><ele>95.6</ele><time>2026-05-31T11:48:56.000Z</time></trkpt>
      <trkpt lat="43.695206" lon="-79.354747"><ele>95.6</ele><time>2026-05-31T11:48:57.000Z</time></trkpt>
      <trkpt lat="43.695226" lon="-79.354717"><ele>95.8</ele><time>2026-05-31T11:48:58.000Z</time></trkpt>
      <trkpt lat="43.695248" lon="-79.354694"><ele>96</ele><time>2026-05-31T11:48:59.000Z</time></trkpt>
      <trkpt lat="43.695272" lon="-79.354669"><ele>96</ele><time>2026-05-31T11:49:00.000Z</time></trkpt>
      <trkpt lat="43.695299" lon="-79.354641"><ele>96</ele><time>2026-05-31T11:49:01.000Z</time></trkpt>
      <trkpt lat="43.695325" lon="-79.354608"><ele>96.2</ele><time>2026-05-31T11:49:02.000Z</time></trkpt>
      <trkpt lat="43.695351" lon="-79.354576"><ele>96.2</ele><time>2026-05-31T11:49:03.000Z</time></trkpt>
      <trkpt lat="43.695376" lon="-79.354546"><ele>96.4</ele><time>2026-05-31T11:49:04.000Z</time></trkpt>
      <trkpt lat="43.695399" lon="-79.354514"><ele>96.6</ele><time>2026-05-31T11:49:05.000Z</time></trkpt>
      <trkpt lat="43.695424" lon="-79.354484"><ele>96.8</ele><time>2026-05-31T11:49:06.000Z</time></trkpt>
      <trkpt lat="43.695449" lon="-79.354458"><ele>96.8</ele><time>2026-05-31T11:49:07.000Z</time></trkpt>
      <trkpt lat="43.695477" lon="-79.354433"><ele>97</ele><time>2026-05-31T11:49:08.000Z</time></trkpt>
      <trkpt lat="43.695504" lon="-79.354405"><ele>97.2</ele><time>2026-05-31T11:49:09.000Z</time></trkpt>
      <trkpt lat="43.695531" lon="-79.354378"><ele>97.2</ele><time>2026-05-31T11:49:10.000Z</time></trkpt>
      <trkpt lat="43.69556" lon="-79.354349"><ele>97.4</ele><time>2026-05-31T11:49:11.000Z</time></trkpt>
      <trkpt lat="43.695588" lon="-79.35432"><ele>97.4</ele><time>2026-05-31T11:49:12.000Z</time></trkpt>
      <trkpt lat="43.695615" lon="-79.35429"><ele>97.6</ele><time>2026-05-31T11:49:13.000Z</time></trkpt>
      <trkpt lat="43.695642" lon="-79.354257"><ele>97.6</ele><time>2026-05-31T11:49:14.000Z</time></trkpt>
      <trkpt lat="43.69567" lon="-79.354227"><ele>97.8</ele><time>2026-05-31T11:49:15.000Z</time></trkpt>
      <trkpt lat="43.695697" lon="-79.354197"><ele>98</ele><time>2026-05-31T11:49:16.000Z</time></trkpt>
      <trkpt lat="43.695724" lon="-79.354167"><ele>98.2</ele><time>2026-05-31T11:49:17.000Z</time></trkpt>
      <trkpt lat="43.695748" lon="-79.354133"><ele>98.2</ele><time>2026-05-31T11:49:18.000Z</time></trkpt>
      <trkpt lat="43.695775" lon="-79.354103"><ele>98.4</ele><time>2026-05-31T11:49:19.000Z</time></trkpt>
      <trkpt lat="43.695803" lon="-79.354073"><ele>98.4</ele><time>2026-05-31T11:49:20.000Z</time></trkpt>
      <trkpt lat="43.69601" lon="-79.353823"><ele>99.8</ele><time>2026-05-31T11:50:37.000Z</time></trkpt>
      <trkpt lat="43.696028" lon="-79.353798"><ele>99.6</ele><time>2026-05-31T11:50:38.000Z</time></trkpt>
      <trkpt lat="43.696049" lon="-79.353769"><ele>99.6</ele><time>2026-05-31T11:50:39.000Z</time></trkpt>
      <trkpt lat="43.69607" lon="-79.353739"><ele>99.6</ele><time>2026-05-31T11:50:40.000Z</time></trkpt>
      <trkpt lat="43.696096" lon="-79.353712"><ele>99.8</ele><time>2026-05-31T11:50:41.000Z</time></trkpt>
      <trkpt lat="43.696126" lon="-79.353683"><ele>99.8</ele><time>2026-05-31T11:50:42.000Z</time></trkpt>
      <trkpt lat="43.696155" lon="-79.353649"><ele>99.8</ele><time>2026-05-31T11:50:43.000Z</time></trkpt>
      <trkpt lat="43.696186" lon="-79.353621"><ele>99.8</ele><time>2026-05-31T11:50:44.000Z</time></trkpt>
      <trkpt lat="43.69622" lon="-79.353588"><ele>100</ele><time>2026-05-31T11:50:45.000Z</time></trkpt>
      <trkpt lat="43.696255" lon="-79.353548"><ele>100</ele><time>2026-05-31T11:50:46.000Z</time></trkpt>
      <trkpt lat="43.696289" lon="-79.353508"><ele>100</ele><time>2026-05-31T11:50:47.000Z</time></trkpt>
      <trkpt lat="43.696325" lon="-79.353468"><ele>100</ele><time>2026-05-31T11:50:48.000Z</time></trkpt>
      <trkpt lat="43.696362" lon="-79.353426"><ele>100</ele><time>2026-05-31T11:50:49.000Z</time></trkpt>
      <trkpt lat="43.696399" lon="-79.35338"><ele>100</ele><time>2026-05-31T11:50:50.000Z</time></trkpt>
      <trkpt lat="43.696437" lon="-79.353335"><ele>100</ele><time>2026-05-31T11:50:51.000Z</time></trkpt>
      <trkpt lat="43.696477" lon="-79.353291"><ele>99.8</ele><time>2026-05-31T11:50:52.000Z</time></trkpt>
      <trkpt lat="43.696518" lon="-79.353242"><ele>99.6</ele><time>2026-05-31T11:50:53.000Z</time></trkpt>
      <trkpt lat="43.696556" lon="-79.35319"><ele>99.6</ele><time>2026-05-31T11:50:54.000Z</time></trkpt>
      <trkpt lat="43.696593" lon="-79.353137"><ele>99.4</ele><time>2026-05-31T11:50:55.000Z</time></trkpt>
      <trkpt lat="43.696635" lon="-79.353086"><ele>99.2</ele><time>2026-05-31T11:50:56.000Z</time></trkpt>
      <trkpt lat="43.696678" lon="-79.353032"><ele>99.2</ele><time>2026-05-31T11:50:57.000Z</time></trkpt>
      <trkpt lat="43.696722" lon="-79.352977"><ele>99.2</ele><time>2026-05-31T11:50:58.000Z</time></trkpt>
      <trkpt lat="43.696763" lon="-79.352917"><ele>99</ele><time>2026-05-31T11:50:59.000Z</time></trkpt>
      <trkpt lat="43.696804" lon="-79.352852"><ele>99</ele><time>2026-05-31T11:51:00.000Z</time></trkpt>
      <trkpt lat="43.696847" lon="-79.352788"><ele>98.8</ele><time>2026-05-31T11:51:01.000Z</time></trkpt>
      <trkpt lat="43.696892" lon="-79.352724"><ele>98.6</ele><time>2026-05-31T11:51:02.000Z</time></trkpt>
      <trkpt lat="43.696937" lon="-79.352653"><ele>98.4</ele><time>2026-05-31T11:51:03.000Z</time></trkpt>
      <trkpt lat="43.696981" lon="-79.352577"><ele>98.4</ele><time>2026-05-31T11:51:04.000Z</time></trkpt>
      <trkpt lat="43.697025" lon="-79.352499"><ele>98.2</ele><time>2026-05-31T11:51:05.000Z</time></trkpt>
      <trkpt lat="43.697071" lon="-79.35242"><ele>98</ele><time>2026-05-31T11:51:06.000Z</time></trkpt>
      <trkpt lat="43.697111" lon="-79.352335"><ele>97.6</ele><time>2026-05-31T11:51:07.000Z</time></trkpt>
      <trkpt lat="43.697155" lon="-79.352252"><ele>97.2</ele><time>2026-05-31T11:51:08.000Z</time></trkpt>
      <trkpt lat="43.697202" lon="-79.35217"><ele>96.8</ele><time>2026-05-31T11:51:09.000Z</time></trkpt>
      <trkpt lat="43.697249" lon="-79.352086"><ele>96.6</ele><time>2026-05-31T11:51:10.000Z</time></trkpt>
      <trkpt lat="43.697295" lon="-79.352"><ele>96.4</ele><time>2026-05-31T11:51:11.000Z</time></trkpt>
      <trkpt lat="43.697337" lon="-79.351908"><ele>96.2</ele><time>2026-05-31T11:51:12.000Z</time></trkpt>
      <trkpt lat="43.697378" lon="-79.351814"><ele>96</ele><time>2026-05-31T11:51:13.000Z</time></trkpt>
      <trkpt lat="43.697414" lon="-79.351716"><ele>95.8</ele><time>2026-05-31T11:51:14.000Z</time></trkpt>
      <trkpt lat="43.69745" lon="-79.351614"><ele>95.8</ele><time>2026-05-31T11:51:15.000Z</time></trkpt>
      <trkpt lat="43.697486" lon="-79.351516"><ele>95.8</ele><time>2026-05-31T11:51:16.000Z</time></trkpt>
      <trkpt lat="43.697519" lon="-79.351412"><ele>95.6</ele><time>2026-05-31T11:51:17.000Z</time></trkpt>
      <trkpt lat="43.697553" lon="-79.35131"><ele>95.6</ele><time>2026-05-31T11:51:18.000Z</time></trkpt>
      <trkpt lat="43.697584" lon="-79.351205"><ele>95.4</ele><time>2026-05-31T11:51:19.000Z</time></trkpt>
      <trkpt lat="43.697616" lon="-79.351098"><ele>95.2</ele><time>2026-05-31T11:51:20.000Z</time></trkpt>
      <trkpt lat="43.697643" lon="-79.350992"><ele>95</ele><time>2026-05-31T11:51:21.000Z</time></trkpt>
      <trkpt lat="43.697664" lon="-79.350885"><ele>95</ele><time>2026-05-31T11:51:22.000Z</time></trkpt>
      <trkpt lat="43.697686" lon="-79.350778"><ele>94.8</ele><time>2026-05-31T11:51:23.000Z</time></trkpt>
      <trkpt lat="43.697709" lon="-79.350673"><ele>95</ele><time>2026-05-31T11:51:24.000Z</time></trkpt>
      <trkpt lat="43.697731" lon="-79.35057"><ele>95</ele><time>2026-05-31T11:51:25.000Z</time></trkpt>
      <trkpt lat="43.697752" lon="-79.350467"><ele>95.2</ele><time>2026-05-31T11:51:26.000Z</time></trkpt>
      <trkpt lat="43.697769" lon="-79.350368"><ele>95.4</ele><time>2026-05-31T11:51:27.000Z</time></trkpt>
      <trkpt lat="43.697781" lon="-79.350268"><ele>95.6</ele><time>2026-05-31T11:51:28.000Z</time></trkpt>
      <trkpt lat="43.697788" lon="-79.350168"><ele>95.8</ele><time>2026-05-31T11:51:29.000Z</time></trkpt>
      <trkpt lat="43.697795" lon="-79.350071"><ele>96</ele><time>2026-05-31T11:51:30.000Z</time></trkpt>
      <trkpt lat="43.697804" lon="-79.349978"><ele>96.2</ele><time>2026-05-31T11:51:31.000Z</time></trkpt>
      <trkpt lat="43.697812" lon="-79.349884"><ele>96.4</ele><time>2026-05-31T11:51:32.000Z</time></trkpt>
      <trkpt lat="43.697821" lon="-79.349795"><ele>96.6</ele><time>2026-05-31T11:51:33.000Z</time></trkpt>
      <trkpt lat="43.697823" lon="-79.34972"><ele>96.8</ele><time>2026-05-31T11:51:34.000Z</time></trkpt>
      <trkpt lat="43.697828" lon="-79.349631"><ele>97.2</ele><time>2026-05-31T11:51:35.000Z</time></trkpt>
      <trkpt lat="43.697833" lon="-79.349545"><ele>97.4</ele><time>2026-05-31T11:51:36.000Z</time></trkpt>
      <trkpt lat="43.697837" lon="-79.34945"><ele>97.8</ele><time>2026-05-31T11:51:37.000Z</time></trkpt>
      <trkpt lat="43.697843" lon="-79.349364"><ele>98.2</ele><time>2026-05-31T11:51:38.000Z</time></trkpt>
      <trkpt lat="43.697845" lon="-79.349277"><ele>98.4</ele><time>2026-05-31T11:51:39.000Z</time></trkpt>
      <trkpt lat="43.697847" lon="-79.349194"><ele>98.6</ele><time>2026-05-31T11:51:40.000Z</time></trkpt>
      <trkpt lat="43.697846" lon="-79.349116"><ele>98.8</ele><time>2026-05-31T11:51:41.000Z</time></trkpt>
      <trkpt lat="43.697845" lon="-79.349035"><ele>99</ele><time>2026-05-31T11:51:42.000Z</time></trkpt>
      <trkpt lat="43.69784" lon="-79.348954"><ele>99.2</ele><time>2026-05-31T11:51:43.000Z</time></trkpt>
      <trkpt lat="43.697837" lon="-79.348871"><ele>99.4</ele><time>2026-05-31T11:51:44.000Z</time></trkpt>
      <trkpt lat="43.697836" lon="-79.348792"><ele>99.6</ele><time>2026-05-31T11:51:45.000Z</time></trkpt>
      <trkpt lat="43.697833" lon="-79.348712"><ele>100</ele><time>2026-05-31T11:51:46.000Z</time></trkpt>
      <trkpt lat="43.697827" lon="-79.348637"><ele>100.2</ele><time>2026-05-31T11:51:47.000Z</time></trkpt>
      <trkpt lat="43.69782" lon="-79.348562"><ele>100.6</ele><time>2026-05-31T11:51:48.000Z</time></trkpt>
      <trkpt lat="43.697816" lon="-79.348484"><ele>100.8</ele><time>2026-05-31T11:51:49.000Z</time></trkpt>
      <trkpt lat="43.697811" lon="-79.348406"><ele>101</ele><time>2026-05-31T11:51:50.000Z</time></trkpt>
      <trkpt lat="43.697804" lon="-79.348327"><ele>101</ele><time>2026-05-31T11:51:51.000Z</time></trkpt>
      <trkpt lat="43.697797" lon="-79.348247"><ele>101.2</ele><time>2026-05-31T11:51:52.000Z</time></trkpt>
      <trkpt lat="43.697788" lon="-79.348169"><ele>101.4</ele><time>2026-05-31T11:51:53.000Z</time></trkpt>
      <trkpt lat="43.697777" lon="-79.348092"><ele>101.6</ele><time>2026-05-31T11:51:54.000Z</time></trkpt>
      <trkpt lat="43.697767" lon="-79.348013"><ele>101.8</ele><time>2026-05-31T11:51:55.000Z</time></trkpt>
      <trkpt lat="43.69776" lon="-79.347934"><ele>101.8</ele><time>2026-05-31T11:51:56.000Z</time></trkpt>
      <trkpt lat="43.697754" lon="-79.347855"><ele>102</ele><time>2026-05-31T11:51:57.000Z</time></trkpt>
      <trkpt lat="43.697746" lon="-79.347777"><ele>102.2</ele><time>2026-05-31T11:51:58.000Z</time></trkpt>
      <trkpt lat="43.697732" lon="-79.347704"><ele>102.2</ele><time>2026-05-31T11:51:59.000Z</time></trkpt>
      <trkpt lat="43.697718" lon="-79.347627"><ele>102.2</ele><time>2026-05-31T11:52:00.000Z</time></trkpt>
      <trkpt lat="43.697707" lon="-79.347549"><ele>102.4</ele><time>2026-05-31T11:52:01.000Z</time></trkpt>
      <trkpt lat="43.6977" lon="-79.347472"><ele>102.4</ele><time>2026-05-31T11:52:02.000Z</time></trkpt>
      <trkpt lat="43.697693" lon="-79.347393"><ele>102.4</ele><time>2026-05-31T11:52:03.000Z</time></trkpt>
      <trkpt lat="43.697688" lon="-79.347315"><ele>102.6</ele><time>2026-05-31T11:52:04.000Z</time></trkpt>
      <trkpt lat="43.69768" lon="-79.347233"><ele>102.6</ele><time>2026-05-31T11:52:05.000Z</time></trkpt>
      <trkpt lat="43.69767" lon="-79.34715"><ele>102.6</ele><time>2026-05-31T11:52:06.000Z</time></trkpt>
      <trkpt lat="43.697659" lon="-79.347063"><ele>102.6</ele><time>2026-05-31T11:52:07.000Z</time></trkpt>
      <trkpt lat="43.69765" lon="-79.346975"><ele>102.6</ele><time>2026-05-31T11:52:08.000Z</time></trkpt>
      <trkpt lat="43.697642" lon="-79.346886"><ele>102.6</ele><time>2026-05-31T11:52:09.000Z</time></trkpt>
      <trkpt lat="43.697631" lon="-79.346799"><ele>102.6</ele><time>2026-05-31T11:52:10.000Z</time></trkpt>
      <trkpt lat="43.697618" lon="-79.34671"><ele>102.4</ele><time>2026-05-31T11:52:11.000Z</time></trkpt>
      <trkpt lat="43.697605" lon="-79.34662"><ele>102.4</ele><time>2026-05-31T11:52:12.000Z</time></trkpt>
      <trkpt lat="43.697591" lon="-79.346528"><ele>102.2</ele><time>2026-05-31T11:52:13.000Z</time></trkpt>
      <trkpt lat="43.697577" lon="-79.346438"><ele>102</ele><time>2026-05-31T11:52:14.000Z</time></trkpt>
      <trkpt lat="43.697563" lon="-79.346345"><ele>101.8</ele><time>2026-05-31T11:52:15.000Z</time></trkpt>
      <trkpt lat="43.697547" lon="-79.34625"><ele>101.8</ele><time>2026-05-31T11:52:16.000Z</time></trkpt>
      <trkpt lat="43.697534" lon="-79.346149"><ele>101.6</ele><time>2026-05-31T11:52:17.000Z</time></trkpt>
      <trkpt lat="43.697519" lon="-79.346048"><ele>101.4</ele><time>2026-05-31T11:52:18.000Z</time></trkpt>
      <trkpt lat="43.697505" lon="-79.345948"><ele>101.2</ele><time>2026-05-31T11:52:19.000Z</time></trkpt>
      <trkpt lat="43.697492" lon="-79.345845"><ele>101.2</ele><time>2026-05-31T11:52:20.000Z</time></trkpt>
      <trkpt lat="43.697477" lon="-79.345737"><ele>101</ele><time>2026-05-31T11:52:21.000Z</time></trkpt>
      <trkpt lat="43.697462" lon="-79.345624"><ele>100.8</ele><time>2026-05-31T11:52:22.000Z</time></trkpt>
      <trkpt lat="43.697446" lon="-79.345507"><ele>100.6</ele><time>2026-05-31T11:52:23.000Z</time></trkpt>
      <trkpt lat="43.697431" lon="-79.345386"><ele>100.4</ele><time>2026-05-31T11:52:24.000Z</time></trkpt>
      <trkpt lat="43.697418" lon="-79.345266"><ele>100.2</ele><time>2026-05-31T11:52:25.000Z</time></trkpt>
      <trkpt lat="43.697405" lon="-79.345143"><ele>100</ele><time>2026-05-31T11:52:26.000Z</time></trkpt>
      <trkpt lat="43.697394" lon="-79.345017"><ele>99.6</ele><time>2026-05-31T11:52:27.000Z</time></trkpt>
      <trkpt lat="43.697382" lon="-79.344892"><ele>99.4</ele><time>2026-05-31T11:52:28.000Z</time></trkpt>
      <trkpt lat="43.697372" lon="-79.344766"><ele>99</ele><time>2026-05-31T11:52:29.000Z</time></trkpt>
      <trkpt lat="43.697361" lon="-79.344638"><ele>98.8</ele><time>2026-05-31T11:52:30.000Z</time></trkpt>
      <trkpt lat="43.697353" lon="-79.344511"><ele>98.6</ele><time>2026-05-31T11:52:31.000Z</time></trkpt>
      <trkpt lat="43.697345" lon="-79.344383"><ele>98.6</ele><time>2026-05-31T11:52:32.000Z</time></trkpt>
      <trkpt lat="43.697338" lon="-79.344256"><ele>98.4</ele><time>2026-05-31T11:52:33.000Z</time></trkpt>
      <trkpt lat="43.69733" lon="-79.344127"><ele>98.4</ele><time>2026-05-31T11:52:34.000Z</time></trkpt>
      <trkpt lat="43.697325" lon="-79.344"><ele>98.2</ele><time>2026-05-31T11:52:35.000Z</time></trkpt>
      <trkpt lat="43.697325" lon="-79.343872"><ele>98.2</ele><time>2026-05-31T11:52:36.000Z</time></trkpt>
      <trkpt lat="43.697328" lon="-79.343744"><ele>98.2</ele><time>2026-05-31T11:52:37.000Z</time></trkpt>
      <trkpt lat="43.69733" lon="-79.343616"><ele>98</ele><time>2026-05-31T11:52:38.000Z</time></trkpt>
      <trkpt lat="43.697335" lon="-79.34349"><ele>98</ele><time>2026-05-31T11:52:39.000Z</time></trkpt>
      <trkpt lat="43.697342" lon="-79.343367"><ele>98</ele><time>2026-05-31T11:52:40.000Z</time></trkpt>
      <trkpt lat="43.697353" lon="-79.343248"><ele>98</ele><time>2026-05-31T11:52:41.000Z</time></trkpt>
      <trkpt lat="43.697362" lon="-79.343131"><ele>98</ele><time>2026-05-31T11:52:42.000Z</time></trkpt>
      <trkpt lat="43.69737" lon="-79.343015"><ele>98</ele><time>2026-05-31T11:52:43.000Z</time></trkpt>
      <trkpt lat="43.697382" lon="-79.342903"><ele>98.2</ele><time>2026-05-31T11:52:44.000Z</time></trkpt>
      <trkpt lat="43.697397" lon="-79.342794"><ele>98.4</ele><time>2026-05-31T11:52:45.000Z</time></trkpt>
      <trkpt lat="43.697412" lon="-79.342684"><ele>98.6</ele><time>2026-05-31T11:52:46.000Z</time></trkpt>
      <trkpt lat="43.697429" lon="-79.342578"><ele>98.8</ele><time>2026-05-31T11:52:47.000Z</time></trkpt>
      <trkpt lat="43.69745" lon="-79.342474"><ele>99</ele><time>2026-05-31T11:52:48.000Z</time></trkpt>
      <trkpt lat="43.697473" lon="-79.342375"><ele>99.2</ele><time>2026-05-31T11:52:49.000Z</time></trkpt>
      <trkpt lat="43.697495" lon="-79.342274"><ele>99.2</ele><time>2026-05-31T11:52:50.000Z</time></trkpt>
      <trkpt lat="43.697518" lon="-79.342174"><ele>99.4</ele><time>2026-05-31T11:52:51.000Z</time></trkpt>
      <trkpt lat="43.697541" lon="-79.342072"><ele>99.6</ele><time>2026-05-31T11:52:52.000Z</time></trkpt>
      <trkpt lat="43.697564" lon="-79.341972"><ele>99.6</ele><time>2026-05-31T11:52:53.000Z</time></trkpt>
      <trkpt lat="43.69759" lon="-79.341873"><ele>99.8</ele><time>2026-05-31T11:52:54.000Z</time></trkpt>
      <trkpt lat="43.697618" lon="-79.341774"><ele>100</ele><time>2026-05-31T11:52:55.000Z</time></trkpt>
      <trkpt lat="43.697647" lon="-79.341676"><ele>100</ele><time>2026-05-31T11:52:56.000Z</time></trkpt>
      <trkpt lat="43.697678" lon="-79.341579"><ele>100.2</ele><time>2026-05-31T11:52:57.000Z</time></trkpt>
      <trkpt lat="43.69771" lon="-79.341481"><ele>100.2</ele><time>2026-05-31T11:52:58.000Z</time></trkpt>
      <trkpt lat="43.697745" lon="-79.341384"><ele>100.2</ele><time>2026-05-31T11:52:59.000Z</time></trkpt>
      <trkpt lat="43.697779" lon="-79.341286"><ele>100.4</ele><time>2026-05-31T11:53:00.000Z</time></trkpt>
      <trkpt lat="43.697818" lon="-79.341189"><ele>100.4</ele><time>2026-05-31T11:53:01.000Z</time></trkpt>
      <trkpt lat="43.697857" lon="-79.341091"><ele>100.4</ele><time>2026-05-31T11:53:02.000Z</time></trkpt>
      <trkpt lat="43.697901" lon="-79.340991"><ele>100.4</ele><time>2026-05-31T11:53:03.000Z</time></trkpt>
      <trkpt lat="43.697948" lon="-79.340889"><ele>100.4</ele><time>2026-05-31T11:53:04.000Z</time></trkpt>
      <trkpt lat="43.697998" lon="-79.34079"><ele>100.4</ele><time>2026-05-31T11:53:05.000Z</time></trkpt>
      <trkpt lat="43.69805" lon="-79.340691"><ele>100.2</ele><time>2026-05-31T11:53:06.000Z</time></trkpt>
      <trkpt lat="43.698102" lon="-79.340591"><ele>100.2</ele><time>2026-05-31T11:53:07.000Z</time></trkpt>
      <trkpt lat="43.698155" lon="-79.340492"><ele>100</ele><time>2026-05-31T11:53:08.000Z</time></trkpt>
      <trkpt lat="43.698211" lon="-79.340394"><ele>99.8</ele><time>2026-05-31T11:53:09.000Z</time></trkpt>
      <trkpt lat="43.698271" lon="-79.340295"><ele>99.4</ele><time>2026-05-31T11:53:10.000Z</time></trkpt>
      <trkpt lat="43.698334" lon="-79.340198"><ele>99</ele><time>2026-05-31T11:53:11.000Z</time></trkpt>
      <trkpt lat="43.6984" lon="-79.340097"><ele>98.6</ele><time>2026-05-31T11:53:12.000Z</time></trkpt>
      <trkpt lat="43.69847" lon="-79.339995"><ele>98.2</ele><time>2026-05-31T11:53:13.000Z</time></trkpt>
      <trkpt lat="43.698548" lon="-79.339897"><ele>98</ele><time>2026-05-31T11:53:14.000Z</time></trkpt>
      <trkpt lat="43.698628" lon="-79.339801"><ele>97.6</ele><time>2026-05-31T11:53:15.000Z</time></trkpt>
      <trkpt lat="43.698708" lon="-79.339698"><ele>97</ele><time>2026-05-31T11:53:16.000Z</time></trkpt>
      <trkpt lat="43.698788" lon="-79.339593"><ele>96.4</ele><time>2026-05-31T11:53:17.000Z</time></trkpt>
      <trkpt lat="43.698867" lon="-79.339486"><ele>95.8</ele><time>2026-05-31T11:53:18.000Z</time></trkpt>
      <trkpt lat="43.698949" lon="-79.339381"><ele>95.2</ele><time>2026-05-31T11:53:19.000Z</time></trkpt>
      <trkpt lat="43.699032" lon="-79.339279"><ele>94.4</ele><time>2026-05-31T11:53:20.000Z</time></trkpt>
      <trkpt lat="43.699118" lon="-79.339174"><ele>94</ele><time>2026-05-31T11:53:21.000Z</time></trkpt>
      <trkpt lat="43.6992" lon="-79.339066"><ele>93.2</ele><time>2026-05-31T11:53:22.000Z</time></trkpt>
      <trkpt lat="43.699284" lon="-79.338959"><ele>92.6</ele><time>2026-05-31T11:53:23.000Z</time></trkpt>
      <trkpt lat="43.699366" lon="-79.338849"><ele>92.6</ele><time>2026-05-31T11:53:24.000Z</time></trkpt>
      <trkpt lat="43.69945" lon="-79.338743"><ele>91.8</ele><time>2026-05-31T11:53:25.000Z</time></trkpt>
      <trkpt lat="43.699532" lon="-79.338636"><ele>91.2</ele><time>2026-05-31T11:53:26.000Z</time></trkpt>
      <trkpt lat="43.699614" lon="-79.338525"><ele>90.6</ele><time>2026-05-31T11:53:27.000Z</time></trkpt>
      <trkpt lat="43.699698" lon="-79.33841"><ele>89.8</ele><time>2026-05-31T11:53:28.000Z</time></trkpt>
      <trkpt lat="43.699779" lon="-79.338296"><ele>89.2</ele><time>2026-05-31T11:53:29.000Z</time></trkpt>
      <trkpt lat="43.699859" lon="-79.338182"><ele>89</ele><time>2026-05-31T11:53:30.000Z</time></trkpt>
      <trkpt lat="43.699936" lon="-79.338066"><ele>89</ele><time>2026-05-31T11:53:31.000Z</time></trkpt>
      <trkpt lat="43.700013" lon="-79.337947"><ele>88.6</ele><time>2026-05-31T11:53:32.000Z</time></trkpt>
      <trkpt lat="43.700085" lon="-79.337833"><ele>88.4</ele><time>2026-05-31T11:53:33.000Z</time></trkpt>
      <trkpt lat="43.700154" lon="-79.337716"><ele>88.2</ele><time>2026-05-31T11:53:34.000Z</time></trkpt>
      <trkpt lat="43.700213" lon="-79.337618"><ele>88</ele><time>2026-05-31T11:53:35.000Z</time></trkpt>
      <trkpt lat="43.700277" lon="-79.337496"><ele>87.8</ele><time>2026-05-31T11:53:36.000Z</time></trkpt>
      <trkpt lat="43.700336" lon="-79.337373"><ele>87.6</ele><time>2026-05-31T11:53:37.000Z</time></trkpt>
      <trkpt lat="43.700393" lon="-79.337253"><ele>87.4</ele><time>2026-05-31T11:53:38.000Z</time></trkpt>
      <trkpt lat="43.700448" lon="-79.337133"><ele>87.4</ele><time>2026-05-31T11:53:39.000Z</time></trkpt>
      <trkpt lat="43.700501" lon="-79.337018"><ele>87.6</ele><time>2026-05-31T11:53:40.000Z</time></trkpt>
      <trkpt lat="43.700552" lon="-79.336904"><ele>87.6</ele><time>2026-05-31T11:53:41.000Z</time></trkpt>
      <trkpt lat="43.700599" lon="-79.336792"><ele>88</ele><time>2026-05-31T11:53:42.000Z</time></trkpt>
      <trkpt lat="43.700643" lon="-79.33668"><ele>88.2</ele><time>2026-05-31T11:53:43.000Z</time></trkpt>
      <trkpt lat="43.700689" lon="-79.336573"><ele>88.6</ele><time>2026-05-31T11:53:44.000Z</time></trkpt>
      <trkpt lat="43.700733" lon="-79.336468"><ele>88.8</ele><time>2026-05-31T11:53:45.000Z</time></trkpt>
      <trkpt lat="43.700777" lon="-79.336365"><ele>89</ele><time>2026-05-31T11:53:46.000Z</time></trkpt>
      <trkpt lat="43.700814" lon="-79.336259"><ele>89.4</ele><time>2026-05-31T11:53:47.000Z</time></trkpt>
      <trkpt lat="43.70085" lon="-79.336154"><ele>89.6</ele><time>2026-05-31T11:53:48.000Z</time></trkpt>
      <trkpt lat="43.700889" lon="-79.336053"><ele>89.8</ele><time>2026-05-31T11:53:49.000Z</time></trkpt>
      <trkpt lat="43.700926" lon="-79.335953"><ele>89.8</ele><time>2026-05-31T11:53:50.000Z</time></trkpt>
      <trkpt lat="43.70096" lon="-79.33585"><ele>90</ele><time>2026-05-31T11:53:51.000Z</time></trkpt>
      <trkpt lat="43.700997" lon="-79.33575"><ele>90.2</ele><time>2026-05-31T11:53:52.000Z</time></trkpt>
      <trkpt lat="43.701032" lon="-79.335651"><ele>90.2</ele><time>2026-05-31T11:53:53.000Z</time></trkpt>
      <trkpt lat="43.70107" lon="-79.335558"><ele>90.4</ele><time>2026-05-31T11:53:54.000Z</time></trkpt>
      <trkpt lat="43.701103" lon="-79.335463"><ele>90.6</ele><time>2026-05-31T11:53:55.000Z</time></trkpt>
      <trkpt lat="43.701137" lon="-79.335367"><ele>90.8</ele><time>2026-05-31T11:53:56.000Z</time></trkpt>
      <trkpt lat="43.701174" lon="-79.335276"><ele>90.8</ele><time>2026-05-31T11:53:57.000Z</time></trkpt>
      <trkpt lat="43.701213" lon="-79.335186"><ele>91</ele><time>2026-05-31T11:53:58.000Z</time></trkpt>
      <trkpt lat="43.701247" lon="-79.335093"><ele>91.2</ele><time>2026-05-31T11:53:59.000Z</time></trkpt>
      <trkpt lat="43.701282" lon="-79.335001"><ele>91.4</ele><time>2026-05-31T11:54:00.000Z</time></trkpt>
      <trkpt lat="43.701319" lon="-79.334912"><ele>91.6</ele><time>2026-05-31T11:54:01.000Z</time></trkpt>
      <trkpt lat="43.701356" lon="-79.334822"><ele>91.6</ele><time>2026-05-31T11:54:02.000Z</time></trkpt>
      <trkpt lat="43.701392" lon="-79.334734"><ele>91.6</ele><time>2026-05-31T11:54:03.000Z</time></trkpt>
      <trkpt lat="43.701429" lon="-79.334651"><ele>91.8</ele><time>2026-05-31T11:54:04.000Z</time></trkpt>
      <trkpt lat="43.701467" lon="-79.334564"><ele>91.8</ele><time>2026-05-31T11:54:05.000Z</time></trkpt>
      <trkpt lat="43.701505" lon="-79.334476"><ele>92</ele><time>2026-05-31T11:54:06.000Z</time></trkpt>
      <trkpt lat="43.701542" lon="-79.334388"><ele>92</ele><time>2026-05-31T11:54:07.000Z</time></trkpt>
      <trkpt lat="43.70158" lon="-79.334302"><ele>92.2</ele><time>2026-05-31T11:54:08.000Z</time></trkpt>
      <trkpt lat="43.701622" lon="-79.334222"><ele>92.4</ele><time>2026-05-31T11:54:09.000Z</time></trkpt>
      <trkpt lat="43.701663" lon="-79.334139"><ele>92.4</ele><time>2026-05-31T11:54:10.000Z</time></trkpt>
      <trkpt lat="43.701706" lon="-79.334058"><ele>92.6</ele><time>2026-05-31T11:54:11.000Z</time></trkpt>
      <trkpt lat="43.701749" lon="-79.333976"><ele>92.8</ele><time>2026-05-31T11:54:12.000Z</time></trkpt>
      <trkpt lat="43.701795" lon="-79.333897"><ele>92.8</ele><time>2026-05-31T11:54:13.000Z</time></trkpt>
      <trkpt lat="43.701844" lon="-79.333821"><ele>93</ele><time>2026-05-31T11:54:14.000Z</time></trkpt>
      <trkpt lat="43.701893" lon="-79.333748"><ele>93</ele><time>2026-05-31T11:54:15.000Z</time></trkpt>
      <trkpt lat="43.701942" lon="-79.333672"><ele>92.8</ele><time>2026-05-31T11:54:16.000Z</time></trkpt>
      <trkpt lat="43.701995" lon="-79.333599"><ele>92.8</ele><time>2026-05-31T11:54:17.000Z</time></trkpt>
      <trkpt lat="43.702049" lon="-79.333529"><ele>92.8</ele><time>2026-05-31T11:54:18.000Z</time></trkpt>
      <trkpt lat="43.702102" lon="-79.333455"><ele>92.8</ele><time>2026-05-31T11:54:19.000Z</time></trkpt>
      <trkpt lat="43.702154" lon="-79.333383"><ele>92.6</ele><time>2026-05-31T11:54:20.000Z</time></trkpt>
      <trkpt lat="43.702209" lon="-79.333312"><ele>92.6</ele><time>2026-05-31T11:54:21.000Z</time></trkpt>
      <trkpt lat="43.702264" lon="-79.333243"><ele>92.6</ele><time>2026-05-31T11:54:22.000Z</time></trkpt>
      <trkpt lat="43.702321" lon="-79.333176"><ele>92.6</ele><time>2026-05-31T11:54:23.000Z</time></trkpt>
      <trkpt lat="43.702377" lon="-79.333108"><ele>92.6</ele><time>2026-05-31T11:54:24.000Z</time></trkpt>
      <trkpt lat="43.702435" lon="-79.333047"><ele>92.6</ele><time>2026-05-31T11:54:25.000Z</time></trkpt>
      <trkpt lat="43.702491" lon="-79.332986"><ele>92.6</ele><time>2026-05-31T11:54:26.000Z</time></trkpt>
      <trkpt lat="43.702547" lon="-79.332926"><ele>92.6</ele><time>2026-05-31T11:54:27.000Z</time></trkpt>
      <trkpt lat="43.702602" lon="-79.332866"><ele>92.6</ele><time>2026-05-31T11:54:28.000Z</time></trkpt>
      <trkpt lat="43.702657" lon="-79.332806"><ele>92.6</ele><time>2026-05-31T11:54:29.000Z</time></trkpt>
      <trkpt lat="43.702713" lon="-79.33275"><ele>92.6</ele><time>2026-05-31T11:54:30.000Z</time></trkpt>
      <trkpt lat="43.70277" lon="-79.33269"><ele>92.6</ele><time>2026-05-31T11:54:31.000Z</time></trkpt>
      <trkpt lat="43.702829" lon="-79.332641"><ele>92.8</ele><time>2026-05-31T11:54:32.000Z</time></trkpt>
      <trkpt lat="43.702888" lon="-79.332593"><ele>92.8</ele><time>2026-05-31T11:54:33.000Z</time></trkpt>
      <trkpt lat="43.702948" lon="-79.332546"><ele>92.8</ele><time>2026-05-31T11:54:34.000Z</time></trkpt>
      <trkpt lat="43.703005" lon="-79.332502"><ele>93</ele><time>2026-05-31T11:54:35.000Z</time></trkpt>
      <trkpt lat="43.703065" lon="-79.332465"><ele>93</ele><time>2026-05-31T11:54:36.000Z</time></trkpt>
      <trkpt lat="43.703123" lon="-79.332429"><ele>93.2</ele><time>2026-05-31T11:54:37.000Z</time></trkpt>
      <trkpt lat="43.703175" lon="-79.332385"><ele>93.2</ele><time>2026-05-31T11:54:38.000Z</time></trkpt>
      <trkpt lat="43.703226" lon="-79.332346"><ele>93.4</ele><time>2026-05-31T11:54:39.000Z</time></trkpt>
      <trkpt lat="43.703276" lon="-79.332312"><ele>93.6</ele><time>2026-05-31T11:54:40.000Z</time></trkpt>
      <trkpt lat="43.703328" lon="-79.33228"><ele>93.6</ele><time>2026-05-31T11:54:41.000Z</time></trkpt>
      <trkpt lat="43.703381" lon="-79.332255"><ele>93.8</ele><time>2026-05-31T11:54:42.000Z</time></trkpt>
      <trkpt lat="43.703435" lon="-79.332228"><ele>94</ele><time>2026-05-31T11:54:43.000Z</time></trkpt>
      <trkpt lat="43.703487" lon="-79.332194"><ele>94</ele><time>2026-05-31T11:54:44.000Z</time></trkpt>
      <trkpt lat="43.703542" lon="-79.332162"><ele>94.2</ele><time>2026-05-31T11:54:45.000Z</time></trkpt>
      <trkpt lat="43.7036" lon="-79.332136"><ele>94.2</ele><time>2026-05-31T11:54:46.000Z</time></trkpt>
      <trkpt lat="43.703659" lon="-79.332111"><ele>94.4</ele><time>2026-05-31T11:54:47.000Z</time></trkpt>
      <trkpt lat="43.70372" lon="-79.33209"><ele>94.4</ele><time>2026-05-31T11:54:48.000Z</time></trkpt>
      <trkpt lat="43.703778" lon="-79.332063"><ele>94.4</ele><time>2026-05-31T11:54:49.000Z</time></trkpt>
      <trkpt lat="43.703837" lon="-79.332036"><ele>94.6</ele><time>2026-05-31T11:54:50.000Z</time></trkpt>
      <trkpt lat="43.703898" lon="-79.332013"><ele>94.6</ele><time>2026-05-31T11:54:51.000Z</time></trkpt>
      <trkpt lat="43.70396" lon="-79.331992"><ele>94.6</ele><time>2026-05-31T11:54:52.000Z</time></trkpt>
      <trkpt lat="43.704023" lon="-79.331974"><ele>94.8</ele><time>2026-05-31T11:54:53.000Z</time></trkpt>
      <trkpt lat="43.704082" lon="-79.331953"><ele>94.8</ele><time>2026-05-31T11:54:54.000Z</time></trkpt>
      <trkpt lat="43.704141" lon="-79.331933"><ele>95</ele><time>2026-05-31T11:54:55.000Z</time></trkpt>
      <trkpt lat="43.704199" lon="-79.331916"><ele>95</ele><time>2026-05-31T11:54:56.000Z</time></trkpt>
      <trkpt lat="43.704259" lon="-79.331901"><ele>95.2</ele><time>2026-05-31T11:54:57.000Z</time></trkpt>
      <trkpt lat="43.704321" lon="-79.331884"><ele>95.2</ele><time>2026-05-31T11:54:58.000Z</time></trkpt>
      <trkpt lat="43.70438" lon="-79.331866"><ele>95.4</ele><time>2026-05-31T11:54:59.000Z</time></trkpt>
      <trkpt lat="43.704442" lon="-79.331847"><ele>95.6</ele><time>2026-05-31T11:55:00.000Z</time></trkpt>
      <trkpt lat="43.704502" lon="-79.331837"><ele>95.8</ele><time>2026-05-31T11:55:01.000Z</time></trkpt>
      <trkpt lat="43.704562" lon="-79.331833"><ele>96</ele><time>2026-05-31T11:55:02.000Z</time></trkpt>
      <trkpt lat="43.704622" lon="-79.331822"><ele>96.2</ele><time>2026-05-31T11:55:03.000Z</time></trkpt>
      <trkpt lat="43.704679" lon="-79.331809"><ele>96.6</ele><time>2026-05-31T11:55:04.000Z</time></trkpt>
      <trkpt lat="43.704735" lon="-79.331796"><ele>96.8</ele><time>2026-05-31T11:55:05.000Z</time></trkpt>
      <trkpt lat="43.704789" lon="-79.33178"><ele>97</ele><time>2026-05-31T11:55:06.000Z</time></trkpt>
      <trkpt lat="43.704844" lon="-79.331763"><ele>97.2</ele><time>2026-05-31T11:55:07.000Z</time></trkpt>
      <trkpt lat="43.704898" lon="-79.331749"><ele>97.4</ele><time>2026-05-31T11:55:08.000Z</time></trkpt>
      <trkpt lat="43.704951" lon="-79.331738"><ele>97.8</ele><time>2026-05-31T11:55:09.000Z</time></trkpt>
      <trkpt lat="43.705005" lon="-79.331729"><ele>98</ele><time>2026-05-31T11:55:10.000Z</time></trkpt>
      <trkpt lat="43.705058" lon="-79.331723"><ele>98.2</ele><time>2026-05-31T11:55:11.000Z</time></trkpt>
      <trkpt lat="43.70511" lon="-79.331712"><ele>98.4</ele><time>2026-05-31T11:55:12.000Z</time></trkpt>
      <trkpt lat="43.70516" lon="-79.331698"><ele>98.6</ele><time>2026-05-31T11:55:13.000Z</time></trkpt>
      <trkpt lat="43.705209" lon="-79.331687"><ele>98.8</ele><time>2026-05-31T11:55:14.000Z</time></trkpt>
      <trkpt lat="43.705259" lon="-79.331678"><ele>99</ele><time>2026-05-31T11:55:15.000Z</time></trkpt>
      <trkpt lat="43.705307" lon="-79.331671"><ele>99</ele><time>2026-05-31T11:55:16.000Z</time></trkpt>
      <trkpt lat="43.705356" lon="-79.331665"><ele>99.2</ele><time>2026-05-31T11:55:17.000Z</time></trkpt>
      <trkpt lat="43.705404" lon="-79.331652"><ele>99.2</ele><time>2026-05-31T11:55:18.000Z</time></trkpt>
      <trkpt lat="43.705449" lon="-79.331626"><ele>99.4</ele><time>2026-05-31T11:55:19.000Z</time></trkpt>
      <trkpt lat="43.705494" lon="-79.3316"><ele>99.6</ele><time>2026-05-31T11:55:20.000Z</time></trkpt>
      <trkpt lat="43.70554" lon="-79.331587"><ele>99.6</ele><time>2026-05-31T11:55:21.000Z</time></trkpt>
      <trkpt lat="43.705589" lon="-79.331578"><ele>99.8</ele><time>2026-05-31T11:55:22.000Z</time></trkpt>
      <trkpt lat="43.705637" lon="-79.331566"><ele>100</ele><time>2026-05-31T11:55:23.000Z</time></trkpt>
      <trkpt lat="43.705681" lon="-79.331547"><ele>100.2</ele><time>2026-05-31T11:55:24.000Z</time></trkpt>
      <trkpt lat="43.705728" lon="-79.331537"><ele>100.4</ele><time>2026-05-31T11:55:25.000Z</time></trkpt>
      <trkpt lat="43.705774" lon="-79.33153"><ele>100.4</ele><time>2026-05-31T11:55:26.000Z</time></trkpt>
      <trkpt lat="43.705821" lon="-79.331524"><ele>100.6</ele><time>2026-05-31T11:55:27.000Z</time></trkpt>
      <trkpt lat="43.705867" lon="-79.331518"><ele>100.8</ele><time>2026-05-31T11:55:28.000Z</time></trkpt>
      <trkpt lat="43.705912" lon="-79.331511"><ele>100.8</ele><time>2026-05-31T11:55:29.000Z</time></trkpt>
      <trkpt lat="43.705958" lon="-79.331501"><ele>101</ele><time>2026-05-31T11:55:30.000Z</time></trkpt>
      <trkpt lat="43.706002" lon="-79.331494"><ele>101.2</ele><time>2026-05-31T11:55:31.000Z</time></trkpt>
      <trkpt lat="43.706045" lon="-79.331484"><ele>101.4</ele><time>2026-05-31T11:55:32.000Z</time></trkpt>
      <trkpt lat="43.706089" lon="-79.331479"><ele>101.4</ele><time>2026-05-31T11:55:33.000Z</time></trkpt>
      <trkpt lat="43.706132" lon="-79.331471"><ele>101.6</ele><time>2026-05-31T11:55:34.000Z</time></trkpt>
      <trkpt lat="43.706173" lon="-79.331464"><ele>101.6</ele><time>2026-05-31T11:55:35.000Z</time></trkpt>
      <trkpt lat="43.706213" lon="-79.331456"><ele>101.8</ele><time>2026-05-31T11:55:36.000Z</time></trkpt>
      <trkpt lat="43.706252" lon="-79.331446"><ele>101.8</ele><time>2026-05-31T11:55:37.000Z</time></trkpt>
      <trkpt lat="43.70629" lon="-79.33144"><ele>102</ele><time>2026-05-31T11:55:38.000Z</time></trkpt>
      <trkpt lat="43.706329" lon="-79.331436"><ele>102</ele><time>2026-05-31T11:55:39.000Z</time></trkpt>
      <trkpt lat="43.706368" lon="-79.331434"><ele>102</ele><time>2026-05-31T11:55:40.000Z</time></trkpt>
      <trkpt lat="43.706405" lon="-79.331427"><ele>102.2</ele><time>2026-05-31T11:55:41.000Z</time></trkpt>
      <trkpt lat="43.706441" lon="-79.331413"><ele>102.2</ele><time>2026-05-31T11:55:42.000Z</time></trkpt>
      <trkpt lat="43.706475" lon="-79.331399"><ele>102.4</ele><time>2026-05-31T11:55:43.000Z</time></trkpt>
      <trkpt lat="43.706507" lon="-79.331387"><ele>102.4</ele><time>2026-05-31T11:55:44.000Z</time></trkpt>
      <trkpt lat="43.706539" lon="-79.33138"><ele>102.6</ele><time>2026-05-31T11:55:45.000Z</time></trkpt>
      <trkpt lat="43.706572" lon="-79.331376"><ele>102.6</ele><time>2026-05-31T11:55:46.000Z</time></trkpt>
      <trkpt lat="43.706604" lon="-79.331371"><ele>102.8</ele><time>2026-05-31T11:55:47.000Z</time></trkpt>
      <trkpt lat="43.706638" lon="-79.331362"><ele>102.8</ele><time>2026-05-31T11:55:48.000Z</time></trkpt>
      <trkpt lat="43.70667" lon="-79.331352"><ele>102.8</ele><time>2026-05-31T11:55:49.000Z</time></trkpt>
      <trkpt lat="43.706705" lon="-79.331339"><ele>102.8</ele><time>2026-05-31T11:55:50.000Z</time></trkpt>
      <trkpt lat="43.706741" lon="-79.331328"><ele>102.8</ele><time>2026-05-31T11:55:51.000Z</time></trkpt>
      <trkpt lat="43.706778" lon="-79.33132"><ele>103</ele><time>2026-05-31T11:55:52.000Z</time></trkpt>
      <trkpt lat="43.706815" lon="-79.331311"><ele>103</ele><time>2026-05-31T11:55:53.000Z</time></trkpt>
      <trkpt lat="43.706852" lon="-79.331302"><ele>103.2</ele><time>2026-05-31T11:55:54.000Z</time></trkpt>
      <trkpt lat="43.706888" lon="-79.331294"><ele>103.2</ele><time>2026-05-31T11:55:55.000Z</time></trkpt>
      <trkpt lat="43.706923" lon="-79.331283"><ele>103.2</ele><time>2026-05-31T11:55:56.000Z</time></trkpt>
      <trkpt lat="43.706958" lon="-79.331272"><ele>103.4</ele><time>2026-05-31T11:55:57.000Z</time></trkpt>
      <trkpt lat="43.706993" lon="-79.331259"><ele>103.4</ele><time>2026-05-31T11:55:58.000Z</time></trkpt>
      <trkpt lat="43.707028" lon="-79.331247"><ele>103.6</ele><time>2026-05-31T11:55:59.000Z</time></trkpt>
      <trkpt lat="43.707063" lon="-79.331232"><ele>103.6</ele><time>2026-05-31T11:56:00.000Z</time></trkpt>
      <trkpt lat="43.707098" lon="-79.331218"><ele>103.6</ele><time>2026-05-31T11:56:01.000Z</time></trkpt>
      <trkpt lat="43.707134" lon="-79.331202"><ele>103.8</ele><time>2026-05-31T11:56:02.000Z</time></trkpt>
      <trkpt lat="43.707172" lon="-79.331188"><ele>103.8</ele><time>2026-05-31T11:56:03.000Z</time></trkpt>
      <trkpt lat="43.707209" lon="-79.331174"><ele>104</ele><time>2026-05-31T11:56:04.000Z</time></trkpt>
      <trkpt lat="43.707244" lon="-79.331162"><ele>104</ele><time>2026-05-31T11:56:05.000Z</time></trkpt>
      <trkpt lat="43.707279" lon="-79.331147"><ele>104</ele><time>2026-05-31T11:56:06.000Z</time></trkpt>
      <trkpt lat="43.707314" lon="-79.331133"><ele>104.2</ele><time>2026-05-31T11:56:07.000Z</time></trkpt>
      <trkpt lat="43.707349" lon="-79.331118"><ele>104.2</ele><time>2026-05-31T11:56:08.000Z</time></trkpt>
      <trkpt lat="43.707389" lon="-79.331107"><ele>104.2</ele><time>2026-05-31T11:56:09.000Z</time></trkpt>
      <trkpt lat="43.707424" lon="-79.331089"><ele>104.4</ele><time>2026-05-31T11:56:10.000Z</time></trkpt>
      <trkpt lat="43.707458" lon="-79.331073"><ele>104.4</ele><time>2026-05-31T11:56:11.000Z</time></trkpt>
      <trkpt lat="43.707493" lon="-79.331056"><ele>104.4</ele><time>2026-05-31T11:56:12.000Z</time></trkpt>
      <trkpt lat="43.707528" lon="-79.33104"><ele>104.4</ele><time>2026-05-31T11:56:13.000Z</time></trkpt>
      <trkpt lat="43.707563" lon="-79.331023"><ele>104.4</ele><time>2026-05-31T11:56:14.000Z</time></trkpt>
      <trkpt lat="43.707599" lon="-79.331009"><ele>104.4</ele><time>2026-05-31T11:56:15.000Z</time></trkpt>
      <trkpt lat="43.707634" lon="-79.330989"><ele>104.4</ele><time>2026-05-31T11:56:16.000Z</time></trkpt>
      <trkpt lat="43.707669" lon="-79.330967"><ele>104.4</ele><time>2026-05-31T11:56:17.000Z</time></trkpt>
      <trkpt lat="43.707704" lon="-79.330949"><ele>104.4</ele><time>2026-05-31T11:56:18.000Z</time></trkpt>
      <trkpt lat="43.707738" lon="-79.33093"><ele>104.6</ele><time>2026-05-31T11:56:19.000Z</time></trkpt>
      <trkpt lat="43.707774" lon="-79.330908"><ele>104.8</ele><time>2026-05-31T11:56:20.000Z</time></trkpt>
      <trkpt lat="43.707808" lon="-79.330889"><ele>105</ele><time>2026-05-31T11:56:21.000Z</time></trkpt>
      <trkpt lat="43.707845" lon="-79.330873"><ele>105.2</ele><time>2026-05-31T11:56:22.000Z</time></trkpt>
      <trkpt lat="43.707882" lon="-79.330855"><ele>105.4</ele><time>2026-05-31T11:56:23.000Z</time></trkpt>
      <trkpt lat="43.707917" lon="-79.330834"><ele>105.4</ele><time>2026-05-31T11:56:24.000Z</time></trkpt>
      <trkpt lat="43.707953" lon="-79.33081"><ele>105.6</ele><time>2026-05-31T11:56:25.000Z</time></trkpt>
      <trkpt lat="43.707986" lon="-79.330786"><ele>105.8</ele><time>2026-05-31T11:56:26.000Z</time></trkpt>
      <trkpt lat="43.708017" lon="-79.330763"><ele>106</ele><time>2026-05-31T11:56:27.000Z</time></trkpt>
      <trkpt lat="43.708048" lon="-79.330738"><ele>106</ele><time>2026-05-31T11:56:28.000Z</time></trkpt>
      <trkpt lat="43.708079" lon="-79.330712"><ele>106.2</ele><time>2026-05-31T11:56:29.000Z</time></trkpt>
      <trkpt lat="43.708112" lon="-79.330687"><ele>106.4</ele><time>2026-05-31T11:56:30.000Z</time></trkpt>
      <trkpt lat="43.708145" lon="-79.330662"><ele>106.4</ele><time>2026-05-31T11:56:31.000Z</time></trkpt>
      <trkpt lat="43.708178" lon="-79.33064"><ele>106.6</ele><time>2026-05-31T11:56:32.000Z</time></trkpt>
      <trkpt lat="43.708212" lon="-79.330615"><ele>106.6</ele><time>2026-05-31T11:56:33.000Z</time></trkpt>
      <trkpt lat="43.708244" lon="-79.330588"><ele>106.6</ele><time>2026-05-31T11:56:34.000Z</time></trkpt>
      <trkpt lat="43.708277" lon="-79.330563"><ele>106.8</ele><time>2026-05-31T11:56:35.000Z</time></trkpt>
      <trkpt lat="43.708308" lon="-79.330536"><ele>106.8</ele><time>2026-05-31T11:56:36.000Z</time></trkpt>
      <trkpt lat="43.708341" lon="-79.330511"><ele>106.8</ele><time>2026-05-31T11:56:37.000Z</time></trkpt>
      <trkpt lat="43.708372" lon="-79.330487"><ele>106.8</ele><time>2026-05-31T11:56:38.000Z</time></trkpt>
      <trkpt lat="43.708402" lon="-79.330463"><ele>107</ele><time>2026-05-31T11:56:39.000Z</time></trkpt>
      <trkpt lat="43.708432" lon="-79.330436"><ele>107.2</ele><time>2026-05-31T11:56:40.000Z</time></trkpt>
      <trkpt lat="43.708463" lon="-79.330409"><ele>107.4</ele><time>2026-05-31T11:56:41.000Z</time></trkpt>
      <trkpt lat="43.708492" lon="-79.330381"><ele>107.4</ele><time>2026-05-31T11:56:42.000Z</time></trkpt>
      <trkpt lat="43.708519" lon="-79.330351"><ele>107.6</ele><time>2026-05-31T11:56:43.000Z</time></trkpt>
      <trkpt lat="43.708548" lon="-79.330322"><ele>107.6</ele><time>2026-05-31T11:56:44.000Z</time></trkpt>
      <trkpt lat="43.708577" lon="-79.330294"><ele>107.8</ele><time>2026-05-31T11:56:45.000Z</time></trkpt>
      <trkpt lat="43.708605" lon="-79.330264"><ele>107.8</ele><time>2026-05-31T11:56:46.000Z</time></trkpt>
      <trkpt lat="43.708632" lon="-79.330233"><ele>107.8</ele><time>2026-05-31T11:56:47.000Z</time></trkpt>
      <trkpt lat="43.708659" lon="-79.330201"><ele>107.8</ele><time>2026-05-31T11:56:48.000Z</time></trkpt>
      <trkpt lat="43.708686" lon="-79.33017"><ele>107.8</ele><time>2026-05-31T11:56:49.000Z</time></trkpt>
      <trkpt lat="43.708716" lon="-79.330144"><ele>107.8</ele><time>2026-05-31T11:56:50.000Z</time></trkpt>
      <trkpt lat="43.708745" lon="-79.330117"><ele>108</ele><time>2026-05-31T11:56:51.000Z</time></trkpt>
      <trkpt lat="43.708772" lon="-79.330086"><ele>108.2</ele><time>2026-05-31T11:56:52.000Z</time></trkpt>
      <trkpt lat="43.7088" lon="-79.330055"><ele>108.2</ele><time>2026-05-31T11:56:53.000Z</time></trkpt>
      <trkpt lat="43.708829" lon="-79.330026"><ele>108.4</ele><time>2026-05-31T11:56:54.000Z</time></trkpt>
      <trkpt lat="43.708855" lon="-79.329994"><ele>108.6</ele><time>2026-05-31T11:56:55.000Z</time></trkpt>
      <trkpt lat="43.708881" lon="-79.329961"><ele>108.6</ele><time>2026-05-31T11:56:56.000Z</time></trkpt>
      <trkpt lat="43.708906" lon="-79.329926"><ele>108.8</ele><time>2026-05-31T11:56:57.000Z</time></trkpt>
      <trkpt lat="43.708934" lon="-79.329896"><ele>108.8</ele><time>2026-05-31T11:56:58.000Z</time></trkpt>
      <trkpt lat="43.708961" lon="-79.329862"><ele>109</ele><time>2026-05-31T11:56:59.000Z</time></trkpt>
      <trkpt lat="43.708989" lon="-79.329833"><ele>109</ele><time>2026-05-31T11:57:00.000Z</time></trkpt>
      <trkpt lat="43.709016" lon="-79.329803"><ele>109.2</ele><time>2026-05-31T11:57:01.000Z</time></trkpt>
      <trkpt lat="43.709042" lon="-79.329769"><ele>109.4</ele><time>2026-05-31T11:57:02.000Z</time></trkpt>
      <trkpt lat="43.709067" lon="-79.329735"><ele>109.4</ele><time>2026-05-31T11:57:03.000Z</time></trkpt>
      <trkpt lat="43.709092" lon="-79.329704"><ele>109.6</ele><time>2026-05-31T11:57:04.000Z</time></trkpt>
      <trkpt lat="43.709117" lon="-79.329672"><ele>109.8</ele><time>2026-05-31T11:57:05.000Z</time></trkpt>
      <trkpt lat="43.70914" lon="-79.329641"><ele>109.8</ele><time>2026-05-31T11:57:06.000Z</time></trkpt>
      <trkpt lat="43.709163" lon="-79.329607"><ele>110</ele><time>2026-05-31T11:57:07.000Z</time></trkpt>
      <trkpt lat="43.709187" lon="-79.329573"><ele>110.2</ele><time>2026-05-31T11:57:08.000Z</time></trkpt>
      <trkpt lat="43.709212" lon="-79.32954"><ele>110.2</ele><time>2026-05-31T11:57:09.000Z</time></trkpt>
      <trkpt lat="43.709237" lon="-79.329505"><ele>110.4</ele><time>2026-05-31T11:57:10.000Z</time></trkpt>
      <trkpt lat="43.709262" lon="-79.329468"><ele>110.4</ele><time>2026-05-31T11:57:11.000Z</time></trkpt>
      <trkpt lat="43.70929" lon="-79.329432"><ele>110.6</ele><time>2026-05-31T11:57:12.000Z</time></trkpt>
      <trkpt lat="43.709318" lon="-79.329397"><ele>110.8</ele><time>2026-05-31T11:57:13.000Z</time></trkpt>
      <trkpt lat="43.709345" lon="-79.329364"><ele>110.8</ele><time>2026-05-31T11:57:14.000Z</time></trkpt>
      <trkpt lat="43.709371" lon="-79.329331"><ele>110.8</ele><time>2026-05-31T11:57:15.000Z</time></trkpt>
      <trkpt lat="43.709395" lon="-79.329295"><ele>110.8</ele><time>2026-05-31T11:57:16.000Z</time></trkpt>
      <trkpt lat="43.709419" lon="-79.329262"><ele>110.8</ele><time>2026-05-31T11:57:17.000Z</time></trkpt>
      <trkpt lat="43.709445" lon="-79.329229"><ele>111</ele><time>2026-05-31T11:57:18.000Z</time></trkpt>
      <trkpt lat="43.709475" lon="-79.329199"><ele>111</ele><time>2026-05-31T11:57:19.000Z</time></trkpt>
      <trkpt lat="43.709503" lon="-79.329168"><ele>111</ele><time>2026-05-31T11:57:20.000Z</time></trkpt>
      <trkpt lat="43.709533" lon="-79.329135"><ele>111.2</ele><time>2026-05-31T11:57:21.000Z</time></trkpt>
      <trkpt lat="43.70956" lon="-79.329098"><ele>111.4</ele><time>2026-05-31T11:57:22.000Z</time></trkpt>
      <trkpt lat="43.709587" lon="-79.329062"><ele>111.4</ele><time>2026-05-31T11:57:23.000Z</time></trkpt>
      <trkpt lat="43.709614" lon="-79.329027"><ele>111.6</ele><time>2026-05-31T11:57:24.000Z</time></trkpt>
      <trkpt lat="43.709638" lon="-79.328991"><ele>111.6</ele><time>2026-05-31T11:57:25.000Z</time></trkpt>
      <trkpt lat="43.70966" lon="-79.328953"><ele>111.8</ele><time>2026-05-31T11:57:26.000Z</time></trkpt>
      <trkpt lat="43.709685" lon="-79.328918"><ele>111.8</ele><time>2026-05-31T11:57:27.000Z</time></trkpt>
      <trkpt lat="43.709712" lon="-79.328881"><ele>112</ele><time>2026-05-31T11:57:28.000Z</time></trkpt>
      <trkpt lat="43.70974" lon="-79.328846"><ele>112</ele><time>2026-05-31T11:57:29.000Z</time></trkpt>
      <trkpt lat="43.709767" lon="-79.328807"><ele>112</ele><time>2026-05-31T11:57:30.000Z</time></trkpt>
      <trkpt lat="43.709793" lon="-79.328765"><ele>112</ele><time>2026-05-31T11:57:31.000Z</time></trkpt>
      <trkpt lat="43.709819" lon="-79.32873"><ele>112</ele><time>2026-05-31T11:57:32.000Z</time></trkpt>
      <trkpt lat="43.709845" lon="-79.328695"><ele>112</ele><time>2026-05-31T11:57:33.000Z</time></trkpt>
      <trkpt lat="43.709872" lon="-79.328659"><ele>112.2</ele><time>2026-05-31T11:57:34.000Z</time></trkpt>
      <trkpt lat="43.709902" lon="-79.328622"><ele>112.2</ele><time>2026-05-31T11:57:35.000Z</time></trkpt>
      <trkpt lat="43.709931" lon="-79.328587"><ele>112.4</ele><time>2026-05-31T11:57:36.000Z</time></trkpt>
      <trkpt lat="43.709961" lon="-79.328553"><ele>112.4</ele><time>2026-05-31T11:57:37.000Z</time></trkpt>
      <trkpt lat="43.709991" lon="-79.328517"><ele>112.4</ele><time>2026-05-31T11:57:38.000Z</time></trkpt>
      <trkpt lat="43.710017" lon="-79.328478"><ele>112.6</ele><time>2026-05-31T11:57:39.000Z</time></trkpt>
      <trkpt lat="43.710043" lon="-79.32844"><ele>112.6</ele><time>2026-05-31T11:57:40.000Z</time></trkpt>
      <trkpt lat="43.71007" lon="-79.328402"><ele>112.6</ele><time>2026-05-31T11:57:41.000Z</time></trkpt>
      <trkpt lat="43.710097" lon="-79.328364"><ele>112.6</ele><time>2026-05-31T11:57:42.000Z</time></trkpt>
      <trkpt lat="43.710125" lon="-79.328329"><ele>112.8</ele><time>2026-05-31T11:57:43.000Z</time></trkpt>
      <trkpt lat="43.710153" lon="-79.328295"><ele>113</ele><time>2026-05-31T11:57:44.000Z</time></trkpt>
      <trkpt lat="43.710183" lon="-79.32826"><ele>113</ele><time>2026-05-31T11:57:45.000Z</time></trkpt>
      <trkpt lat="43.710213" lon="-79.328227"><ele>113.2</ele><time>2026-05-31T11:57:46.000Z</time></trkpt>
      <trkpt lat="43.710241" lon="-79.328187"><ele>113.4</ele><time>2026-05-31T11:57:47.000Z</time></trkpt>
      <trkpt lat="43.710269" lon="-79.328149"><ele>113.4</ele><time>2026-05-31T11:57:48.000Z</time></trkpt>
      <trkpt lat="43.710294" lon="-79.328115"><ele>113.6</ele><time>2026-05-31T11:57:49.000Z</time></trkpt>
      <trkpt lat="43.710321" lon="-79.328078"><ele>113.6</ele><time>2026-05-31T11:57:50.000Z</time></trkpt>
      <trkpt lat="43.710348" lon="-79.328041"><ele>113.6</ele><time>2026-05-31T11:57:51.000Z</time></trkpt>
      <trkpt lat="43.710376" lon="-79.328002"><ele>113.6</ele><time>2026-05-31T11:57:52.000Z</time></trkpt>
      <trkpt lat="43.710402" lon="-79.327963"><ele>113.6</ele><time>2026-05-31T11:57:53.000Z</time></trkpt>
      <trkpt lat="43.710427" lon="-79.327924"><ele>113.8</ele><time>2026-05-31T11:57:54.000Z</time></trkpt>
      <trkpt lat="43.710453" lon="-79.327888"><ele>113.8</ele><time>2026-05-31T11:57:55.000Z</time></trkpt>
      <trkpt lat="43.710479" lon="-79.327853"><ele>114</ele><time>2026-05-31T11:57:56.000Z</time></trkpt>
      <trkpt lat="43.710506" lon="-79.327819"><ele>114</ele><time>2026-05-31T11:57:57.000Z</time></trkpt>
      <trkpt lat="43.710531" lon="-79.327784"><ele>114.2</ele><time>2026-05-31T11:57:58.000Z</time></trkpt>
      <trkpt lat="43.710558" lon="-79.327744"><ele>114.2</ele><time>2026-05-31T11:57:59.000Z</time></trkpt>
      <trkpt lat="43.710585" lon="-79.327706"><ele>114.2</ele><time>2026-05-31T11:58:00.000Z</time></trkpt>
      <trkpt lat="43.710613" lon="-79.32767"><ele>114.4</ele><time>2026-05-31T11:58:01.000Z</time></trkpt>
      <trkpt lat="43.710641" lon="-79.327637"><ele>114.4</ele><time>2026-05-31T11:58:02.000Z</time></trkpt>
      <trkpt lat="43.710669" lon="-79.3276"><ele>114.4</ele><time>2026-05-31T11:58:03.000Z</time></trkpt>
      <trkpt lat="43.710698" lon="-79.327565"><ele>114.4</ele><time>2026-05-31T11:58:04.000Z</time></trkpt>
      <trkpt lat="43.710724" lon="-79.327528"><ele>114.4</ele><time>2026-05-31T11:58:05.000Z</time></trkpt>
      <trkpt lat="43.71075" lon="-79.327492"><ele>114.6</ele><time>2026-05-31T11:58:06.000Z</time></trkpt>
      <trkpt lat="43.710777" lon="-79.327457"><ele>114.6</ele><time>2026-05-31T11:58:07.000Z</time></trkpt>
      <trkpt lat="43.710804" lon="-79.327422"><ele>114.6</ele><time>2026-05-31T11:58:08.000Z</time></trkpt>
      <trkpt lat="43.710831" lon="-79.327384"><ele>114.8</ele><time>2026-05-31T11:58:09.000Z</time></trkpt>
      <trkpt lat="43.710856" lon="-79.327348"><ele>114.8</ele><time>2026-05-31T11:58:10.000Z</time></trkpt>
      <trkpt lat="43.710882" lon="-79.327314"><ele>114.8</ele><time>2026-05-31T11:58:11.000Z</time></trkpt>
      <trkpt lat="43.710906" lon="-79.327277"><ele>114.8</ele><time>2026-05-31T11:58:12.000Z</time></trkpt>
      <trkpt lat="43.710932" lon="-79.32724"><ele>115</ele><time>2026-05-31T11:58:13.000Z</time></trkpt>
      <trkpt lat="43.710955" lon="-79.327203"><ele>115</ele><time>2026-05-31T11:58:14.000Z</time></trkpt>
      <trkpt lat="43.710979" lon="-79.327166"><ele>115</ele><time>2026-05-31T11:58:15.000Z</time></trkpt>
      <trkpt lat="43.711006" lon="-79.327129"><ele>115</ele><time>2026-05-31T11:58:16.000Z</time></trkpt>
      <trkpt lat="43.711032" lon="-79.32709"><ele>115.2</ele><time>2026-05-31T11:58:17.000Z</time></trkpt>
      <trkpt lat="43.711059" lon="-79.327055"><ele>115.2</ele><time>2026-05-31T11:58:18.000Z</time></trkpt>
      <trkpt lat="43.711085" lon="-79.327018"><ele>115.4</ele><time>2026-05-31T11:58:19.000Z</time></trkpt>
      <trkpt lat="43.711112" lon="-79.326979"><ele>115.4</ele><time>2026-05-31T11:58:20.000Z</time></trkpt>
      <trkpt lat="43.711138" lon="-79.326944"><ele>115.6</ele><time>2026-05-31T11:58:21.000Z</time></trkpt>
      <trkpt lat="43.711165" lon="-79.326911"><ele>115.8</ele><time>2026-05-31T11:58:22.000Z</time></trkpt>
      <trkpt lat="43.711193" lon="-79.326878"><ele>116</ele><time>2026-05-31T11:58:23.000Z</time></trkpt>
      <trkpt lat="43.711219" lon="-79.326842"><ele>116.2</ele><time>2026-05-31T11:58:24.000Z</time></trkpt>
      <trkpt lat="43.711243" lon="-79.326808"><ele>116.4</ele><time>2026-05-31T11:58:25.000Z</time></trkpt>
      <trkpt lat="43.711266" lon="-79.326771"><ele>116.4</ele><time>2026-05-31T11:58:26.000Z</time></trkpt>
      <trkpt lat="43.711291" lon="-79.326734"><ele>116.6</ele><time>2026-05-31T11:58:27.000Z</time></trkpt>
      <trkpt lat="43.711319" lon="-79.326699"><ele>116.8</ele><time>2026-05-31T11:58:28.000Z</time></trkpt>
      <trkpt lat="43.711347" lon="-79.326664"><ele>117</ele><time>2026-05-31T11:58:29.000Z</time></trkpt>
      <trkpt lat="43.711376" lon="-79.326627"><ele>117</ele><time>2026-05-31T11:58:30.000Z</time></trkpt>
      <trkpt lat="43.711403" lon="-79.326594"><ele>117.2</ele><time>2026-05-31T11:58:31.000Z</time></trkpt>
      <trkpt lat="43.711431" lon="-79.326561"><ele>117.4</ele><time>2026-05-31T11:58:32.000Z</time></trkpt>
      <trkpt lat="43.711459" lon="-79.326529"><ele>117.6</ele><time>2026-05-31T11:58:33.000Z</time></trkpt>
      <trkpt lat="43.711486" lon="-79.326498"><ele>117.6</ele><time>2026-05-31T11:58:34.000Z</time></trkpt>
      <trkpt lat="43.711517" lon="-79.326469"><ele>117.8</ele><time>2026-05-31T11:58:35.000Z</time></trkpt>
      <trkpt lat="43.711543" lon="-79.326436"><ele>117.8</ele><time>2026-05-31T11:58:36.000Z</time></trkpt>
      <trkpt lat="43.711571" lon="-79.326401"><ele>117.8</ele><time>2026-05-31T11:58:37.000Z</time></trkpt>
      <trkpt lat="43.7116" lon="-79.326364"><ele>117.8</ele><time>2026-05-31T11:58:38.000Z</time></trkpt>
      <trkpt lat="43.711627" lon="-79.326332"><ele>118</ele><time>2026-05-31T11:58:39.000Z</time></trkpt>
      <trkpt lat="43.711654" lon="-79.326301"><ele>118</ele><time>2026-05-31T11:58:40.000Z</time></trkpt>
      <trkpt lat="43.711683" lon="-79.326268"><ele>118</ele><time>2026-05-31T11:58:41.000Z</time></trkpt>
      <trkpt lat="43.71171" lon="-79.326237"><ele>118</ele><time>2026-05-31T11:58:42.000Z</time></trkpt>
      <trkpt lat="43.711739" lon="-79.326204"><ele>118.2</ele><time>2026-05-31T11:58:43.000Z</time></trkpt>
      <trkpt lat="43.711767" lon="-79.326173"><ele>118.2</ele><time>2026-05-31T11:58:44.000Z</time></trkpt>
      <trkpt lat="43.711793" lon="-79.326142"><ele>118.4</ele><time>2026-05-31T11:58:45.000Z</time></trkpt>
      <trkpt lat="43.711821" lon="-79.326112"><ele>118.4</ele><time>2026-05-31T11:58:46.000Z</time></trkpt>
      <trkpt lat="43.711846" lon="-79.326079"><ele>118.4</ele><time>2026-05-31T11:58:47.000Z</time></trkpt>
      <trkpt lat="43.711873" lon="-79.326049"><ele>118.4</ele><time>2026-05-31T11:58:48.000Z</time></trkpt>
      <trkpt lat="43.711901" lon="-79.326019"><ele>118.4</ele><time>2026-05-31T11:58:49.000Z</time></trkpt>
      <trkpt lat="43.71193" lon="-79.325989"><ele>118.6</ele><time>2026-05-31T11:58:50.000Z</time></trkpt>
      <trkpt lat="43.71196" lon="-79.325961"><ele>118.6</ele><time>2026-05-31T11:58:51.000Z</time></trkpt>
      <trkpt lat="43.71199" lon="-79.325934"><ele>118.8</ele><time>2026-05-31T11:58:52.000Z</time></trkpt>
      <trkpt lat="43.712017" lon="-79.32591"><ele>118.8</ele><time>2026-05-31T11:58:53.000Z</time></trkpt>
      <trkpt lat="43.712043" lon="-79.325887"><ele>119.2</ele><time>2026-05-31T11:58:54.000Z</time></trkpt>
      <trkpt lat="43.712069" lon="-79.325864"><ele>119.4</ele><time>2026-05-31T11:58:55.000Z</time></trkpt>
      <trkpt lat="43.712096" lon="-79.325836"><ele>119.4</ele><time>2026-05-31T11:58:56.000Z</time></trkpt>
      <trkpt lat="43.712123" lon="-79.325808"><ele>119.4</ele><time>2026-05-31T11:58:57.000Z</time></trkpt>
      <trkpt lat="43.712155" lon="-79.325779"><ele>119.4</ele><time>2026-05-31T11:58:58.000Z</time></trkpt>
      <trkpt lat="43.712191" lon="-79.32575"><ele>119.4</ele><time>2026-05-31T11:58:59.000Z</time></trkpt>
      <trkpt lat="43.712224" lon="-79.325728"><ele>119.6</ele><time>2026-05-31T11:59:00.000Z</time></trkpt>
      <trkpt lat="43.712258" lon="-79.325708"><ele>119.8</ele><time>2026-05-31T11:59:01.000Z</time></trkpt>
      <trkpt lat="43.712287" lon="-79.32568"><ele>119.8</ele><time>2026-05-31T11:59:02.000Z</time></trkpt>
      <trkpt lat="43.712314" lon="-79.32565"><ele>120</ele><time>2026-05-31T11:59:03.000Z</time></trkpt>
      <trkpt lat="43.712343" lon="-79.325626"><ele>120.2</ele><time>2026-05-31T11:59:04.000Z</time></trkpt>
      <trkpt lat="43.712375" lon="-79.325597"><ele>120.2</ele><time>2026-05-31T11:59:05.000Z</time></trkpt>
      <trkpt lat="43.712407" lon="-79.325571"><ele>120.4</ele><time>2026-05-31T11:59:06.000Z</time></trkpt>
      <trkpt lat="43.71244" lon="-79.325549"><ele>120.6</ele><time>2026-05-31T11:59:07.000Z</time></trkpt>
      <trkpt lat="43.712471" lon="-79.325528"><ele>120.6</ele><time>2026-05-31T11:59:08.000Z</time></trkpt>
      <trkpt lat="43.712502" lon="-79.325507"><ele>120.6</ele><time>2026-05-31T11:59:09.000Z</time></trkpt>
      <trkpt lat="43.71253" lon="-79.325489"><ele>120.6</ele><time>2026-05-31T11:59:10.000Z</time></trkpt>
      <trkpt lat="43.712558" lon="-79.32547"><ele>120.8</ele><time>2026-05-31T11:59:11.000Z</time></trkpt>
      <trkpt lat="43.712587" lon="-79.32545"><ele>120.8</ele><time>2026-05-31T11:59:12.000Z</time></trkpt>
      <trkpt lat="43.71261" lon="-79.325438"><ele>121</ele><time>2026-05-31T11:59:13.000Z</time></trkpt>
      <trkpt lat="43.71264" lon="-79.32542"><ele>121</ele><time>2026-05-31T11:59:14.000Z</time></trkpt>
      <trkpt lat="43.712665" lon="-79.325415"><ele>121</ele><time>2026-05-31T11:59:15.000Z</time></trkpt>
      <trkpt lat="43.712699" lon="-79.325395"><ele>121.2</ele><time>2026-05-31T11:59:16.000Z</time></trkpt>
      <trkpt lat="43.712736" lon="-79.325379"><ele>121.2</ele><time>2026-05-31T11:59:17.000Z</time></trkpt>
      <trkpt lat="43.712771" lon="-79.325366"><ele>121.2</ele><time>2026-05-31T11:59:18.000Z</time></trkpt>
      <trkpt lat="43.712807" lon="-79.32535"><ele>121.2</ele><time>2026-05-31T11:59:19.000Z</time></trkpt>
      <trkpt lat="43.712841" lon="-79.32533"><ele>121.2</ele><time>2026-05-31T11:59:20.000Z</time></trkpt>
      <trkpt lat="43.712874" lon="-79.325309"><ele>121.2</ele><time>2026-05-31T11:59:21.000Z</time></trkpt>
      <trkpt lat="43.712906" lon="-79.325289"><ele>121</ele><time>2026-05-31T11:59:22.000Z</time></trkpt>
      <trkpt lat="43.712939" lon="-79.325273"><ele>121</ele><time>2026-05-31T11:59:23.000Z</time></trkpt>
      <trkpt lat="43.712973" lon="-79.325258"><ele>121</ele><time>2026-05-31T11:59:24.000Z</time></trkpt>
      <trkpt lat="43.713008" lon="-79.325246"><ele>121.2</ele><time>2026-05-31T11:59:25.000Z</time></trkpt>
      <trkpt lat="43.713043" lon="-79.325231"><ele>121.2</ele><time>2026-05-31T11:59:26.000Z</time></trkpt>
      <trkpt lat="43.713077" lon="-79.325214"><ele>121.4</ele><time>2026-05-31T11:59:27.000Z</time></trkpt>
      <trkpt lat="43.713109" lon="-79.325199"><ele>121.4</ele><time>2026-05-31T11:59:28.000Z</time></trkpt>
      <trkpt lat="43.713142" lon="-79.325187"><ele>121.4</ele><time>2026-05-31T11:59:29.000Z</time></trkpt>
      <trkpt lat="43.713173" lon="-79.325174"><ele>121.4</ele><time>2026-05-31T11:59:30.000Z</time></trkpt>
      <trkpt lat="43.713202" lon="-79.325161"><ele>121.4</ele><time>2026-05-31T11:59:31.000Z</time></trkpt>
      <trkpt lat="43.713231" lon="-79.325148"><ele>121.4</ele><time>2026-05-31T11:59:32.000Z</time></trkpt>
      <trkpt lat="43.71326" lon="-79.325138"><ele>121.4</ele><time>2026-05-31T11:59:33.000Z</time></trkpt>
      <trkpt lat="43.713291" lon="-79.325123"><ele>121.4</ele><time>2026-05-31T11:59:34.000Z</time></trkpt>
      <trkpt lat="43.713328" lon="-79.325109"><ele>121.6</ele><time>2026-05-31T11:59:35.000Z</time></trkpt>
      <trkpt lat="43.713364" lon="-79.325097"><ele>121.6</ele><time>2026-05-31T11:59:36.000Z</time></trkpt>
      <trkpt lat="43.7134" lon="-79.325088"><ele>121.8</ele><time>2026-05-31T11:59:37.000Z</time></trkpt>
      <trkpt lat="43.713433" lon="-79.325078"><ele>122</ele><time>2026-05-31T11:59:38.000Z</time></trkpt>
      <trkpt lat="43.713466" lon="-79.325069"><ele>122</ele><time>2026-05-31T11:59:39.000Z</time></trkpt>
      <trkpt lat="43.7135" lon="-79.325061"><ele>122</ele><time>2026-05-31T11:59:40.000Z</time></trkpt>
      <trkpt lat="43.713536" lon="-79.32505"><ele>122.2</ele><time>2026-05-31T11:59:41.000Z</time></trkpt>
      <trkpt lat="43.713572" lon="-79.325042"><ele>122.4</ele><time>2026-05-31T11:59:42.000Z</time></trkpt>
      <trkpt lat="43.713612" lon="-79.325033"><ele>122.6</ele><time>2026-05-31T11:59:43.000Z</time></trkpt>
      <trkpt lat="43.713649" lon="-79.325023"><ele>122.6</ele><time>2026-05-31T11:59:44.000Z</time></trkpt>
      <trkpt lat="43.713685" lon="-79.325015"><ele>122.8</ele><time>2026-05-31T11:59:45.000Z</time></trkpt>
      <trkpt lat="43.713725" lon="-79.325009"><ele>122.8</ele><time>2026-05-31T11:59:46.000Z</time></trkpt>
      <trkpt lat="43.713762" lon="-79.325002"><ele>122.8</ele><time>2026-05-31T11:59:47.000Z</time></trkpt>
      <trkpt lat="43.713797" lon="-79.324994"><ele>123</ele><time>2026-05-31T11:59:48.000Z</time></trkpt>
      <trkpt lat="43.713834" lon="-79.324992"><ele>123.2</ele><time>2026-05-31T11:59:49.000Z</time></trkpt>
      <trkpt lat="43.713872" lon="-79.324983"><ele>123.2</ele><time>2026-05-31T11:59:50.000Z</time></trkpt>
      <trkpt lat="43.71391" lon="-79.324977"><ele>123.2</ele><time>2026-05-31T11:59:51.000Z</time></trkpt>
      <trkpt lat="43.713951" lon="-79.324973"><ele>123.2</ele><time>2026-05-31T11:59:52.000Z</time></trkpt>
      <trkpt lat="43.71399" lon="-79.324966"><ele>123.2</ele><time>2026-05-31T11:59:53.000Z</time></trkpt>
      <trkpt lat="43.714028" lon="-79.324961"><ele>123.2</ele><time>2026-05-31T11:59:54.000Z</time></trkpt>
      <trkpt lat="43.714067" lon="-79.324962"><ele>123.2</ele><time>2026-05-31T11:59:55.000Z</time></trkpt>
      <trkpt lat="43.714107" lon="-79.324963"><ele>123</ele><time>2026-05-31T11:59:56.000Z</time></trkpt>
      <trkpt lat="43.714145" lon="-79.32496"><ele>123</ele><time>2026-05-31T11:59:57.000Z</time></trkpt>
      <trkpt lat="43.714184" lon="-79.324958"><ele>123</ele><time>2026-05-31T11:59:58.000Z</time></trkpt>
      <trkpt lat="43.714223" lon="-79.324957"><ele>123</ele><time>2026-05-31T11:59:59.000Z</time></trkpt>
      <trkpt lat="43.714264" lon="-79.324956"><ele>123</ele><time>2026-05-31T12:00:00.000Z</time></trkpt>
      <trkpt lat="43.714303" lon="-79.324957"><ele>123.2</ele><time>2026-05-31T12:00:01.000Z</time></trkpt>
      <trkpt lat="43.714341" lon="-79.324957"><ele>123.2</ele><time>2026-05-31T12:00:02.000Z</time></trkpt>
      <trkpt lat="43.714382" lon="-79.324955"><ele>123.4</ele><time>2026-05-31T12:00:03.000Z</time></trkpt>
      <trkpt lat="43.714421" lon="-79.324954"><ele>123.4</ele><time>2026-05-31T12:00:04.000Z</time></trkpt>
      <trkpt lat="43.714456" lon="-79.324954"><ele>123.4</ele><time>2026-05-31T12:00:05.000Z</time></trkpt>
      <trkpt lat="43.714492" lon="-79.324957"><ele>123.6</ele><time>2026-05-31T12:00:06.000Z</time></trkpt>
      <trkpt lat="43.714526" lon="-79.324952"><ele>123.6</ele><time>2026-05-31T12:00:07.000Z</time></trkpt>
      <trkpt lat="43.714561" lon="-79.324957"><ele>123.6</ele><time>2026-05-31T12:00:08.000Z</time></trkpt>
      <trkpt lat="43.7146" lon="-79.324965"><ele>123.6</ele><time>2026-05-31T12:00:09.000Z</time></trkpt>
      <trkpt lat="43.714641" lon="-79.324972"><ele>123.6</ele><time>2026-05-31T12:00:10.000Z</time></trkpt>
      <trkpt lat="43.714686" lon="-79.324978"><ele>123.6</ele><time>2026-05-31T12:00:11.000Z</time></trkpt>
      <trkpt lat="43.714729" lon="-79.324979"><ele>123.6</ele><time>2026-05-31T12:00:12.000Z</time></trkpt>
      <trkpt lat="43.714773" lon="-79.324985"><ele>123.4</ele><time>2026-05-31T12:00:13.000Z</time></trkpt>
      <trkpt lat="43.714815" lon="-79.324997"><ele>123.4</ele><time>2026-05-31T12:00:14.000Z</time></trkpt>
      <trkpt lat="43.714859" lon="-79.32501"><ele>123.6</ele><time>2026-05-31T12:00:15.000Z</time></trkpt>
      <trkpt lat="43.714904" lon="-79.325024"><ele>123.6</ele><time>2026-05-31T12:00:16.000Z</time></trkpt>
      <trkpt lat="43.714951" lon="-79.325034"><ele>123.6</ele><time>2026-05-31T12:00:17.000Z</time></trkpt>
      <trkpt lat="43.714998" lon="-79.325043"><ele>123.6</ele><time>2026-05-31T12:00:18.000Z</time></trkpt>
      <trkpt lat="43.715044" lon="-79.325055"><ele>123.6</ele><time>2026-05-31T12:00:19.000Z</time></trkpt>
      <trkpt lat="43.715087" lon="-79.325066"><ele>123.6</ele><time>2026-05-31T12:00:20.000Z</time></trkpt>
      <trkpt lat="43.715128" lon="-79.325073"><ele>123.6</ele><time>2026-05-31T12:00:21.000Z</time></trkpt>
      <trkpt lat="43.715166" lon="-79.325085"><ele>123.8</ele><time>2026-05-31T12:00:22.000Z</time></trkpt>
      <trkpt lat="43.715204" lon="-79.325096"><ele>124</ele><time>2026-05-31T12:00:23.000Z</time></trkpt>
      <trkpt lat="43.715238" lon="-79.325107"><ele>124</ele><time>2026-05-31T12:00:24.000Z</time></trkpt>
      <trkpt lat="43.715268" lon="-79.325116"><ele>124.2</ele><time>2026-05-31T12:00:25.000Z</time></trkpt>
      <trkpt lat="43.715299" lon="-79.325119"><ele>124.4</ele><time>2026-05-31T12:00:26.000Z</time></trkpt>
      <trkpt lat="43.715329" lon="-79.325131"><ele>124.4</ele><time>2026-05-31T12:00:27.000Z</time></trkpt>
      <trkpt lat="43.715357" lon="-79.325145"><ele>124.4</ele><time>2026-05-31T12:00:28.000Z</time></trkpt>
      <trkpt lat="43.715391" lon="-79.325154"><ele>124.6</ele><time>2026-05-31T12:00:29.000Z</time></trkpt>
      <trkpt lat="43.715425" lon="-79.325163"><ele>124.6</ele><time>2026-05-31T12:00:30.000Z</time></trkpt>
      <trkpt lat="43.715464" lon="-79.325177"><ele>124.6</ele><time>2026-05-31T12:00:31.000Z</time></trkpt>
      <trkpt lat="43.715502" lon="-79.325194"><ele>124.4</ele><time>2026-05-31T12:00:32.000Z</time></trkpt>
      <trkpt lat="43.715542" lon="-79.325214"><ele>124.2</ele><time>2026-05-31T12:00:33.000Z</time></trkpt>
      <trkpt lat="43.715583" lon="-79.325231"><ele>124.2</ele><time>2026-05-31T12:00:34.000Z</time></trkpt>
      <trkpt lat="43.715625" lon="-79.325249"><ele>124.2</ele><time>2026-05-31T12:00:35.000Z</time></trkpt>
      <trkpt lat="43.715667" lon="-79.325274"><ele>124</ele><time>2026-05-31T12:00:36.000Z</time></trkpt>
      <trkpt lat="43.715707" lon="-79.3253"><ele>124</ele><time>2026-05-31T12:00:37.000Z</time></trkpt>
      <trkpt lat="43.715749" lon="-79.325323"><ele>124.2</ele><time>2026-05-31T12:00:38.000Z</time></trkpt>
      <trkpt lat="43.715792" lon="-79.325345"><ele>124</ele><time>2026-05-31T12:00:39.000Z</time></trkpt>
      <trkpt lat="43.715833" lon="-79.325371"><ele>124</ele><time>2026-05-31T12:00:40.000Z</time></trkpt>
      <trkpt lat="43.715876" lon="-79.325399"><ele>124</ele><time>2026-05-31T12:00:41.000Z</time></trkpt>
      <trkpt lat="43.71592" lon="-79.325427"><ele>124</ele><time>2026-05-31T12:00:42.000Z</time></trkpt>
      <trkpt lat="43.715963" lon="-79.325458"><ele>124</ele><time>2026-05-31T12:00:43.000Z</time></trkpt>
      <trkpt lat="43.716007" lon="-79.32549"><ele>123.8</ele><time>2026-05-31T12:00:44.000Z</time></trkpt>
      <trkpt lat="43.71605" lon="-79.325523"><ele>124</ele><time>2026-05-31T12:00:45.000Z</time></trkpt>
      <trkpt lat="43.716092" lon="-79.325554"><ele>124</ele><time>2026-05-31T12:00:46.000Z</time></trkpt>
      <trkpt lat="43.716136" lon="-79.325582"><ele>124.2</ele><time>2026-05-31T12:00:47.000Z</time></trkpt>
      <trkpt lat="43.716181" lon="-79.325612"><ele>124.4</ele><time>2026-05-31T12:00:48.000Z</time></trkpt>
      <trkpt lat="43.716226" lon="-79.325646"><ele>124.6</ele><time>2026-05-31T12:00:49.000Z</time></trkpt>
      <trkpt lat="43.716269" lon="-79.325684"><ele>124.6</ele><time>2026-05-31T12:00:50.000Z</time></trkpt>
      <trkpt lat="43.716312" lon="-79.325723"><ele>124.8</ele><time>2026-05-31T12:00:51.000Z</time></trkpt>
      <trkpt lat="43.716359" lon="-79.325759"><ele>124.8</ele><time>2026-05-31T12:00:52.000Z</time></trkpt>
      <trkpt lat="43.716403" lon="-79.325795"><ele>124.8</ele><time>2026-05-31T12:00:53.000Z</time></trkpt>
      <trkpt lat="43.71645" lon="-79.325832"><ele>124.8</ele><time>2026-05-31T12:00:54.000Z</time></trkpt>
      <trkpt lat="43.716496" lon="-79.325869"><ele>124.6</ele><time>2026-05-31T12:00:55.000Z</time></trkpt>
      <trkpt lat="43.716541" lon="-79.325905"><ele>124.6</ele><time>2026-05-31T12:00:56.000Z</time></trkpt>
      <trkpt lat="43.716585" lon="-79.325946"><ele>124.4</ele><time>2026-05-31T12:00:57.000Z</time></trkpt>
      <trkpt lat="43.716631" lon="-79.325988"><ele>124.4</ele><time>2026-05-31T12:00:58.000Z</time></trkpt>
      <trkpt lat="43.716677" lon="-79.326029"><ele>124.2</ele><time>2026-05-31T12:00:59.000Z</time></trkpt>
      <trkpt lat="43.716722" lon="-79.326073"><ele>124.2</ele><time>2026-05-31T12:01:00.000Z</time></trkpt>
      <trkpt lat="43.716768" lon="-79.326118"><ele>124</ele><time>2026-05-31T12:01:01.000Z</time></trkpt>
      <trkpt lat="43.716811" lon="-79.326163"><ele>123.8</ele><time>2026-05-31T12:01:02.000Z</time></trkpt>
      <trkpt lat="43.716854" lon="-79.32621"><ele>123.8</ele><time>2026-05-31T12:01:03.000Z</time></trkpt>
      <trkpt lat="43.716898" lon="-79.326254"><ele>123.8</ele><time>2026-05-31T12:01:04.000Z</time></trkpt>
      <trkpt lat="43.716942" lon="-79.326296"><ele>123.8</ele><time>2026-05-31T12:01:05.000Z</time></trkpt>
      <trkpt lat="43.716985" lon="-79.326342"><ele>123.8</ele><time>2026-05-31T12:01:06.000Z</time></trkpt>
      <trkpt lat="43.717029" lon="-79.326386"><ele>124</ele><time>2026-05-31T12:01:07.000Z</time></trkpt>
      <trkpt lat="43.717072" lon="-79.326429"><ele>124.2</ele><time>2026-05-31T12:01:08.000Z</time></trkpt>
      <trkpt lat="43.717114" lon="-79.326469"><ele>124.4</ele><time>2026-05-31T12:01:09.000Z</time></trkpt>
      <trkpt lat="43.717159" lon="-79.326507"><ele>124.4</ele><time>2026-05-31T12:01:10.000Z</time></trkpt>
      <trkpt lat="43.7172" lon="-79.326545"><ele>124.6</ele><time>2026-05-31T12:01:11.000Z</time></trkpt>
      <trkpt lat="43.717236" lon="-79.326588"><ele>124.8</ele><time>2026-05-31T12:01:12.000Z</time></trkpt>
      <trkpt lat="43.717272" lon="-79.326632"><ele>125</ele><time>2026-05-31T12:01:13.000Z</time></trkpt>
      <trkpt lat="43.717309" lon="-79.326672"><ele>125</ele><time>2026-05-31T12:01:14.000Z</time></trkpt>
      <trkpt lat="43.717347" lon="-79.32671"><ele>125.2</ele><time>2026-05-31T12:01:15.000Z</time></trkpt>
      <trkpt lat="43.717387" lon="-79.326756"><ele>125.4</ele><time>2026-05-31T12:01:16.000Z</time></trkpt>
      <trkpt lat="43.717427" lon="-79.326797"><ele>125.6</ele><time>2026-05-31T12:01:17.000Z</time></trkpt>
      <trkpt lat="43.71747" lon="-79.326839"><ele>125.4</ele><time>2026-05-31T12:01:18.000Z</time></trkpt>
      <trkpt lat="43.717513" lon="-79.326882"><ele>125.4</ele><time>2026-05-31T12:01:19.000Z</time></trkpt>
      <trkpt lat="43.717555" lon="-79.326928"><ele>125.4</ele><time>2026-05-31T12:01:20.000Z</time></trkpt>
      <trkpt lat="43.717598" lon="-79.326972"><ele>125.2</ele><time>2026-05-31T12:01:21.000Z</time></trkpt>
      <trkpt lat="43.717643" lon="-79.327012"><ele>125.2</ele><time>2026-05-31T12:01:22.000Z</time></trkpt>
      <trkpt lat="43.717687" lon="-79.327054"><ele>125.2</ele><time>2026-05-31T12:01:23.000Z</time></trkpt>
      <trkpt lat="43.71773" lon="-79.327095"><ele>125.2</ele><time>2026-05-31T12:01:24.000Z</time></trkpt>
      <trkpt lat="43.717775" lon="-79.327134"><ele>125.2</ele><time>2026-05-31T12:01:25.000Z</time></trkpt>
      <trkpt lat="43.717819" lon="-79.327175"><ele>125.4</ele><time>2026-05-31T12:01:26.000Z</time></trkpt>
      <trkpt lat="43.717863" lon="-79.327215"><ele>125.4</ele><time>2026-05-31T12:01:27.000Z</time></trkpt>
      <trkpt lat="43.717907" lon="-79.327253"><ele>125.6</ele><time>2026-05-31T12:01:28.000Z</time></trkpt>
      <trkpt lat="43.717951" lon="-79.327288"><ele>125.8</ele><time>2026-05-31T12:01:29.000Z</time></trkpt>
      <trkpt lat="43.717997" lon="-79.327327"><ele>126</ele><time>2026-05-31T12:01:30.000Z</time></trkpt>
      <trkpt lat="43.718044" lon="-79.327365"><ele>126.2</ele><time>2026-05-31T12:01:31.000Z</time></trkpt>
      <trkpt lat="43.718091" lon="-79.327405"><ele>126.4</ele><time>2026-05-31T12:01:32.000Z</time></trkpt>
      <trkpt lat="43.718138" lon="-79.327444"><ele>126.6</ele><time>2026-05-31T12:01:33.000Z</time></trkpt>
      <trkpt lat="43.718185" lon="-79.327489"><ele>126.6</ele><time>2026-05-31T12:01:34.000Z</time></trkpt>
      <trkpt lat="43.718234" lon="-79.327531"><ele>126.8</ele><time>2026-05-31T12:01:35.000Z</time></trkpt>
      <trkpt lat="43.718283" lon="-79.327573"><ele>126.8</ele><time>2026-05-31T12:01:36.000Z</time></trkpt>
      <trkpt lat="43.718331" lon="-79.327615"><ele>126.8</ele><time>2026-05-31T12:01:37.000Z</time></trkpt>
      <trkpt lat="43.71838" lon="-79.327657"><ele>126.8</ele><time>2026-05-31T12:01:38.000Z</time></trkpt>
      <trkpt lat="43.718429" lon="-79.327698"><ele>126.8</ele><time>2026-05-31T12:01:39.000Z</time></trkpt>
      <trkpt lat="43.718479" lon="-79.32774"><ele>126.6</ele><time>2026-05-31T12:01:40.000Z</time></trkpt>
      <trkpt lat="43.718529" lon="-79.327782"><ele>126.6</ele><time>2026-05-31T12:01:41.000Z</time></trkpt>
      <trkpt lat="43.718575" lon="-79.327824"><ele>126.6</ele><time>2026-05-31T12:01:42.000Z</time></trkpt>
      <trkpt lat="43.718624" lon="-79.327866"><ele>126.4</ele><time>2026-05-31T12:01:43.000Z</time></trkpt>
      <trkpt lat="43.718674" lon="-79.327907"><ele>126.4</ele><time>2026-05-31T12:01:44.000Z</time></trkpt>
      <trkpt lat="43.718724" lon="-79.327947"><ele>126.4</ele><time>2026-05-31T12:01:45.000Z</time></trkpt>
      <trkpt lat="43.718774" lon="-79.327986"><ele>126.6</ele><time>2026-05-31T12:01:46.000Z</time></trkpt>
      <trkpt lat="43.718824" lon="-79.328027"><ele>126.6</ele><time>2026-05-31T12:01:47.000Z</time></trkpt>
      <trkpt lat="43.718876" lon="-79.328066"><ele>126.6</ele><time>2026-05-31T12:01:48.000Z</time></trkpt>
      <trkpt lat="43.718928" lon="-79.328104"><ele>126.6</ele><time>2026-05-31T12:01:49.000Z</time></trkpt>
      <trkpt lat="43.718978" lon="-79.32814"><ele>126.4</ele><time>2026-05-31T12:01:50.000Z</time></trkpt>
      <trkpt lat="43.719028" lon="-79.328175"><ele>126.4</ele><time>2026-05-31T12:01:51.000Z</time></trkpt>
      <trkpt lat="43.719079" lon="-79.328209"><ele>126.4</ele><time>2026-05-31T12:01:52.000Z</time></trkpt>
      <trkpt lat="43.719131" lon="-79.328245"><ele>126.4</ele><time>2026-05-31T12:01:53.000Z</time></trkpt>
      <trkpt lat="43.719183" lon="-79.328276"><ele>126.4</ele><time>2026-05-31T12:01:54.000Z</time></trkpt>
      <trkpt lat="43.719234" lon="-79.328311"><ele>126.4</ele><time>2026-05-31T12:01:55.000Z</time></trkpt>
      <trkpt lat="43.719285" lon="-79.328347"><ele>126.4</ele><time>2026-05-31T12:01:56.000Z</time></trkpt>
      <trkpt lat="43.719336" lon="-79.328383"><ele>126.4</ele><time>2026-05-31T12:01:57.000Z</time></trkpt>
      <trkpt lat="43.719387" lon="-79.328417"><ele>126.2</ele><time>2026-05-31T12:01:58.000Z</time></trkpt>
      <trkpt lat="43.719438" lon="-79.328451"><ele>126.2</ele><time>2026-05-31T12:01:59.000Z</time></trkpt>
      <trkpt lat="43.719488" lon="-79.328483"><ele>126.2</ele><time>2026-05-31T12:02:00.000Z</time></trkpt>
      <trkpt lat="43.71954" lon="-79.328518"><ele>126</ele><time>2026-05-31T12:02:01.000Z</time></trkpt>
      <trkpt lat="43.719592" lon="-79.328554"><ele>126.2</ele><time>2026-05-31T12:02:02.000Z</time></trkpt>
      <trkpt lat="43.719643" lon="-79.328588"><ele>126.2</ele><time>2026-05-31T12:02:03.000Z</time></trkpt>
      <trkpt lat="43.719693" lon="-79.328621"><ele>126.2</ele><time>2026-05-31T12:02:04.000Z</time></trkpt>
      <trkpt lat="43.719743" lon="-79.328654"><ele>126.4</ele><time>2026-05-31T12:02:05.000Z</time></trkpt>
      <trkpt lat="43.719792" lon="-79.328687"><ele>126.4</ele><time>2026-05-31T12:02:06.000Z</time></trkpt>
      <trkpt lat="43.719841" lon="-79.328719"><ele>126.4</ele><time>2026-05-31T12:02:07.000Z</time></trkpt>
      <trkpt lat="43.71989" lon="-79.328749"><ele>126.4</ele><time>2026-05-31T12:02:08.000Z</time></trkpt>
      <trkpt lat="43.71994" lon="-79.328782"><ele>126.4</ele><time>2026-05-31T12:02:09.000Z</time></trkpt>
      <trkpt lat="43.719989" lon="-79.328812"><ele>126.4</ele><time>2026-05-31T12:02:10.000Z</time></trkpt>
      <trkpt lat="43.72004" lon="-79.328841"><ele>126.4</ele><time>2026-05-31T12:02:11.000Z</time></trkpt>
      <trkpt lat="43.72009" lon="-79.328872"><ele>126.4</ele><time>2026-05-31T12:02:12.000Z</time></trkpt>
      <trkpt lat="43.720138" lon="-79.328903"><ele>126.6</ele><time>2026-05-31T12:02:13.000Z</time></trkpt>
      <trkpt lat="43.720186" lon="-79.328932"><ele>126.6</ele><time>2026-05-31T12:02:14.000Z</time></trkpt>
      <trkpt lat="43.720234" lon="-79.328955"><ele>126.6</ele><time>2026-05-31T12:02:15.000Z</time></trkpt>
      <trkpt lat="43.720283" lon="-79.328979"><ele>126.8</ele><time>2026-05-31T12:02:16.000Z</time></trkpt>
      <trkpt lat="43.720332" lon="-79.329007"><ele>126.8</ele><time>2026-05-31T12:02:17.000Z</time></trkpt>
      <trkpt lat="43.720378" lon="-79.329038"><ele>126.8</ele><time>2026-05-31T12:02:18.000Z</time></trkpt>
      <trkpt lat="43.720422" lon="-79.329067"><ele>126.8</ele><time>2026-05-31T12:02:19.000Z</time></trkpt>
      <trkpt lat="43.720465" lon="-79.329096"><ele>126.8</ele><time>2026-05-31T12:02:20.000Z</time></trkpt>
      <trkpt lat="43.72051" lon="-79.32912"><ele>127</ele><time>2026-05-31T12:02:21.000Z</time></trkpt>
      <trkpt lat="43.720557" lon="-79.329139"><ele>127.2</ele><time>2026-05-31T12:02:22.000Z</time></trkpt>
      <trkpt lat="43.720603" lon="-79.329159"><ele>127.4</ele><time>2026-05-31T12:02:23.000Z</time></trkpt>
      <trkpt lat="43.720649" lon="-79.329183"><ele>127.6</ele><time>2026-05-31T12:02:24.000Z</time></trkpt>
      <trkpt lat="43.720692" lon="-79.329208"><ele>127.6</ele><time>2026-05-31T12:02:25.000Z</time></trkpt>
      <trkpt lat="43.720736" lon="-79.329231"><ele>127.8</ele><time>2026-05-31T12:02:26.000Z</time></trkpt>
      <trkpt lat="43.72078" lon="-79.329254"><ele>128</ele><time>2026-05-31T12:02:27.000Z</time></trkpt>
      <trkpt lat="43.720824" lon="-79.329278"><ele>128</ele><time>2026-05-31T12:02:28.000Z</time></trkpt>
      <trkpt lat="43.720868" lon="-79.329299"><ele>128.2</ele><time>2026-05-31T12:02:29.000Z</time></trkpt>
      <trkpt lat="43.720913" lon="-79.329319"><ele>128.2</ele><time>2026-05-31T12:02:30.000Z</time></trkpt>
      <trkpt lat="43.720955" lon="-79.329339"><ele>128.4</ele><time>2026-05-31T12:02:31.000Z</time></trkpt>
      <trkpt lat="43.720999" lon="-79.32936"><ele>128.4</ele><time>2026-05-31T12:02:32.000Z</time></trkpt>
      <trkpt lat="43.721044" lon="-79.329382"><ele>128.6</ele><time>2026-05-31T12:02:33.000Z</time></trkpt>
      <trkpt lat="43.721089" lon="-79.329404"><ele>128.6</ele><time>2026-05-31T12:02:34.000Z</time></trkpt>
      <trkpt lat="43.721132" lon="-79.329425"><ele>128.8</ele><time>2026-05-31T12:02:35.000Z</time></trkpt>
      <trkpt lat="43.721176" lon="-79.329442"><ele>128.8</ele><time>2026-05-31T12:02:36.000Z</time></trkpt>
      <trkpt lat="43.721219" lon="-79.32946"><ele>129</ele><time>2026-05-31T12:02:37.000Z</time></trkpt>
      <trkpt lat="43.721262" lon="-79.329479"><ele>129</ele><time>2026-05-31T12:02:38.000Z</time></trkpt>
      <trkpt lat="43.721304" lon="-79.329499"><ele>129</ele><time>2026-05-31T12:02:39.000Z</time></trkpt>
      <trkpt lat="43.721347" lon="-79.329516"><ele>129.2</ele><time>2026-05-31T12:02:40.000Z</time></trkpt>
      <trkpt lat="43.72139" lon="-79.32953"><ele>129.2</ele><time>2026-05-31T12:02:41.000Z</time></trkpt>
      <trkpt lat="43.721433" lon="-79.329546"><ele>129.4</ele><time>2026-05-31T12:02:42.000Z</time></trkpt>
      <trkpt lat="43.721475" lon="-79.32956"><ele>129.6</ele><time>2026-05-31T12:02:43.000Z</time></trkpt>
      <trkpt lat="43.721518" lon="-79.329577"><ele>129.6</ele><time>2026-05-31T12:02:44.000Z</time></trkpt>
      <trkpt lat="43.721562" lon="-79.329587"><ele>129.8</ele><time>2026-05-31T12:02:45.000Z</time></trkpt>
      <trkpt lat="43.721605" lon="-79.329604"><ele>129.8</ele><time>2026-05-31T12:02:46.000Z</time></trkpt>
      <trkpt lat="43.721645" lon="-79.329621"><ele>130</ele><time>2026-05-31T12:02:47.000Z</time></trkpt>
      <trkpt lat="43.721686" lon="-79.329633"><ele>130</ele><time>2026-05-31T12:02:48.000Z</time></trkpt>
      <trkpt lat="43.721727" lon="-79.329649"><ele>130.2</ele><time>2026-05-31T12:02:49.000Z</time></trkpt>
      <trkpt lat="43.721767" lon="-79.329668"><ele>130.2</ele><time>2026-05-31T12:02:50.000Z</time></trkpt>
      <trkpt lat="43.721807" lon="-79.329687"><ele>130.4</ele><time>2026-05-31T12:02:51.000Z</time></trkpt>
      <trkpt lat="43.721849" lon="-79.329699"><ele>130.4</ele><time>2026-05-31T12:02:52.000Z</time></trkpt>
      <trkpt lat="43.721891" lon="-79.32971"><ele>130.6</ele><time>2026-05-31T12:02:53.000Z</time></trkpt>
      <trkpt lat="43.721933" lon="-79.329725"><ele>130.8</ele><time>2026-05-31T12:02:54.000Z</time></trkpt>
      <trkpt lat="43.721975" lon="-79.329744"><ele>131</ele><time>2026-05-31T12:02:55.000Z</time></trkpt>
      <trkpt lat="43.722014" lon="-79.329764"><ele>131.2</ele><time>2026-05-31T12:02:56.000Z</time></trkpt>
      <trkpt lat="43.722053" lon="-79.329778"><ele>131.4</ele><time>2026-05-31T12:02:57.000Z</time></trkpt>
      <trkpt lat="43.722094" lon="-79.329794"><ele>131.4</ele><time>2026-05-31T12:02:58.000Z</time></trkpt>
      <trkpt lat="43.722134" lon="-79.329812"><ele>131.6</ele><time>2026-05-31T12:02:59.000Z</time></trkpt>
      <trkpt lat="43.722174" lon="-79.329827"><ele>131.6</ele><time>2026-05-31T12:03:00.000Z</time></trkpt>
      <trkpt lat="43.722215" lon="-79.329842"><ele>131.6</ele><time>2026-05-31T12:03:01.000Z</time></trkpt>
      <trkpt lat="43.722257" lon="-79.329855"><ele>131.6</ele><time>2026-05-31T12:03:02.000Z</time></trkpt>
      <trkpt lat="43.722299" lon="-79.329871"><ele>131.6</ele><time>2026-05-31T12:03:03.000Z</time></trkpt>
      <trkpt lat="43.722339" lon="-79.329881"><ele>131.8</ele><time>2026-05-31T12:03:04.000Z</time></trkpt>
      <trkpt lat="43.722379" lon="-79.329894"><ele>131.8</ele><time>2026-05-31T12:03:05.000Z</time></trkpt>
      <trkpt lat="43.72242" lon="-79.329907"><ele>132</ele><time>2026-05-31T12:03:06.000Z</time></trkpt>
      <trkpt lat="43.722461" lon="-79.32992"><ele>132</ele><time>2026-05-31T12:03:07.000Z</time></trkpt>
      <trkpt lat="43.722502" lon="-79.329932"><ele>132.2</ele><time>2026-05-31T12:03:08.000Z</time></trkpt>
      <trkpt lat="43.722544" lon="-79.329943"><ele>132.4</ele><time>2026-05-31T12:03:09.000Z</time></trkpt>
      <trkpt lat="43.722587" lon="-79.329954"><ele>132.6</ele><time>2026-05-31T12:03:10.000Z</time></trkpt>
      <trkpt lat="43.722627" lon="-79.329967"><ele>132.8</ele><time>2026-05-31T12:03:11.000Z</time></trkpt>
      <trkpt lat="43.722669" lon="-79.329977"><ele>132.8</ele><time>2026-05-31T12:03:12.000Z</time></trkpt>
      <trkpt lat="43.72271" lon="-79.329983"><ele>133</ele><time>2026-05-31T12:03:13.000Z</time></trkpt>
      <trkpt lat="43.722751" lon="-79.329992"><ele>133.2</ele><time>2026-05-31T12:03:14.000Z</time></trkpt>
      <trkpt lat="43.72279" lon="-79.330004"><ele>133.2</ele><time>2026-05-31T12:03:15.000Z</time></trkpt>
      <trkpt lat="43.722829" lon="-79.330013"><ele>133.2</ele><time>2026-05-31T12:03:16.000Z</time></trkpt>
      <trkpt lat="43.722869" lon="-79.330021"><ele>133.4</ele><time>2026-05-31T12:03:17.000Z</time></trkpt>
      <trkpt lat="43.72291" lon="-79.330027"><ele>133.6</ele><time>2026-05-31T12:03:18.000Z</time></trkpt>
      <trkpt lat="43.722952" lon="-79.330034"><ele>133.6</ele><time>2026-05-31T12:03:19.000Z</time></trkpt>
      <trkpt lat="43.722994" lon="-79.330041"><ele>133.8</ele><time>2026-05-31T12:03:20.000Z</time></trkpt>
      <trkpt lat="43.723037" lon="-79.330053"><ele>133.8</ele><time>2026-05-31T12:03:21.000Z</time></trkpt>
      <trkpt lat="43.72308" lon="-79.330063"><ele>133.8</ele><time>2026-05-31T12:03:22.000Z</time></trkpt>
      <trkpt lat="43.723123" lon="-79.330069"><ele>133.8</ele><time>2026-05-31T12:03:23.000Z</time></trkpt>
      <trkpt lat="43.723167" lon="-79.330078"><ele>134</ele><time>2026-05-31T12:03:24.000Z</time></trkpt>
      <trkpt lat="43.723209" lon="-79.330085"><ele>134</ele><time>2026-05-31T12:03:25.000Z</time></trkpt>
      <trkpt lat="43.723251" lon="-79.330096"><ele>134.2</ele><time>2026-05-31T12:03:26.000Z</time></trkpt>
      <trkpt lat="43.723294" lon="-79.330103"><ele>134.2</ele><time>2026-05-31T12:03:27.000Z</time></trkpt>
      <trkpt lat="43.723336" lon="-79.330109"><ele>134.4</ele><time>2026-05-31T12:03:28.000Z</time></trkpt>
      <trkpt lat="43.723379" lon="-79.330116"><ele>134.4</ele><time>2026-05-31T12:03:29.000Z</time></trkpt>
      <trkpt lat="43.723422" lon="-79.330121"><ele>134.6</ele><time>2026-05-31T12:03:30.000Z</time></trkpt>
      <trkpt lat="43.723467" lon="-79.330128"><ele>134.6</ele><time>2026-05-31T12:03:31.000Z</time></trkpt>
      <trkpt lat="43.723511" lon="-79.330136"><ele>134.4</ele><time>2026-05-31T12:03:32.000Z</time></trkpt>
      <trkpt lat="43.723555" lon="-79.330146"><ele>134.4</ele><time>2026-05-31T12:03:33.000Z</time></trkpt>
      <trkpt lat="43.7236" lon="-79.330155"><ele>134.4</ele><time>2026-05-31T12:03:34.000Z</time></trkpt>
      <trkpt lat="43.723644" lon="-79.33016"><ele>134.2</ele><time>2026-05-31T12:03:35.000Z</time></trkpt>
      <trkpt lat="43.723689" lon="-79.330166"><ele>134.2</ele><time>2026-05-31T12:03:36.000Z</time></trkpt>
      <trkpt lat="43.723735" lon="-79.33017"><ele>134.4</ele><time>2026-05-31T12:03:37.000Z</time></trkpt>
      <trkpt lat="43.723781" lon="-79.330171"><ele>134.4</ele><time>2026-05-31T12:03:38.000Z</time></trkpt>
      <trkpt lat="43.723827" lon="-79.330175"><ele>134.4</ele><time>2026-05-31T12:03:39.000Z</time></trkpt>
      <trkpt lat="43.723872" lon="-79.330175"><ele>134.6</ele><time>2026-05-31T12:03:40.000Z</time></trkpt>
      <trkpt lat="43.723917" lon="-79.33018"><ele>134.8</ele><time>2026-05-31T12:03:41.000Z</time></trkpt>
      <trkpt lat="43.723957" lon="-79.330184"><ele>135.2</ele><time>2026-05-31T12:03:42.000Z</time></trkpt>
      <trkpt lat="43.723996" lon="-79.330187"><ele>135.4</ele><time>2026-05-31T12:03:43.000Z</time></trkpt>
      <trkpt lat="43.724033" lon="-79.330194"><ele>135.6</ele><time>2026-05-31T12:03:44.000Z</time></trkpt>
      <trkpt lat="43.724067" lon="-79.330202"><ele>135.8</ele><time>2026-05-31T12:03:45.000Z</time></trkpt>
      <trkpt lat="43.724101" lon="-79.330209"><ele>135.6</ele><time>2026-05-31T12:03:46.000Z</time></trkpt>
      <trkpt lat="43.724138" lon="-79.330213"><ele>135.4</ele><time>2026-05-31T12:03:47.000Z</time></trkpt>
      <trkpt lat="43.724179" lon="-79.330213"><ele>135</ele><time>2026-05-31T12:03:48.000Z</time></trkpt>
      <trkpt lat="43.724226" lon="-79.330212"><ele>134.6</ele><time>2026-05-31T12:03:49.000Z</time></trkpt>
      <trkpt lat="43.724275" lon="-79.330218"><ele>134.4</ele><time>2026-05-31T12:03:50.000Z</time></trkpt>
      <trkpt lat="43.724323" lon="-79.330226"><ele>134</ele><time>2026-05-31T12:03:51.000Z</time></trkpt>
      <trkpt lat="43.724372" lon="-79.330237"><ele>134</ele><time>2026-05-31T12:03:52.000Z</time></trkpt>
      <trkpt lat="43.724422" lon="-79.330244"><ele>134</ele><time>2026-05-31T12:03:53.000Z</time></trkpt>
      <trkpt lat="43.724472" lon="-79.330251"><ele>133.8</ele><time>2026-05-31T12:03:54.000Z</time></trkpt>
      <trkpt lat="43.724522" lon="-79.330253"><ele>133.6</ele><time>2026-05-31T12:03:55.000Z</time></trkpt>
      <trkpt lat="43.724571" lon="-79.330247"><ele>133.4</ele><time>2026-05-31T12:03:56.000Z</time></trkpt>
      <trkpt lat="43.724616" lon="-79.330246"><ele>133.2</ele><time>2026-05-31T12:03:57.000Z</time></trkpt>
      <trkpt lat="43.724663" lon="-79.330248"><ele>133.2</ele><time>2026-05-31T12:03:58.000Z</time></trkpt>
      <trkpt lat="43.72471" lon="-79.330252"><ele>133.2</ele><time>2026-05-31T12:03:59.000Z</time></trkpt>
      <trkpt lat="43.724759" lon="-79.330261"><ele>133.4</ele><time>2026-05-31T12:04:00.000Z</time></trkpt>
      <trkpt lat="43.724808" lon="-79.330263"><ele>133.6</ele><time>2026-05-31T12:04:01.000Z</time></trkpt>
      <trkpt lat="43.724856" lon="-79.330262"><ele>133.8</ele><time>2026-05-31T12:04:02.000Z</time></trkpt>
      <trkpt lat="43.724906" lon="-79.330264"><ele>133.8</ele><time>2026-05-31T12:04:03.000Z</time></trkpt>
      <trkpt lat="43.724956" lon="-79.330266"><ele>134</ele><time>2026-05-31T12:04:04.000Z</time></trkpt>
      <trkpt lat="43.725007" lon="-79.330267"><ele>134</ele><time>2026-05-31T12:04:05.000Z</time></trkpt>
      <trkpt lat="43.725058" lon="-79.330268"><ele>134.2</ele><time>2026-05-31T12:04:06.000Z</time></trkpt>
      <trkpt lat="43.725109" lon="-79.330261"><ele>134.2</ele><time>2026-05-31T12:04:07.000Z</time></trkpt>
      <trkpt lat="43.725162" lon="-79.330255"><ele>134.2</ele><time>2026-05-31T12:04:08.000Z</time></trkpt>
      <trkpt lat="43.725215" lon="-79.330251"><ele>134.2</ele><time>2026-05-31T12:04:09.000Z</time></trkpt>
      <trkpt lat="43.725268" lon="-79.330252"><ele>134</ele><time>2026-05-31T12:04:10.000Z</time></trkpt>
      <trkpt lat="43.725322" lon="-79.330256"><ele>134</ele><time>2026-05-31T12:04:11.000Z</time></trkpt>
      <trkpt lat="43.725375" lon="-79.330256"><ele>133.8</ele><time>2026-05-31T12:04:12.000Z</time></trkpt>
      <trkpt lat="43.725429" lon="-79.330257"><ele>133.6</ele><time>2026-05-31T12:04:13.000Z</time></trkpt>
      <trkpt lat="43.725485" lon="-79.330263"><ele>133.6</ele><time>2026-05-31T12:04:14.000Z</time></trkpt>
      <trkpt lat="43.72554" lon="-79.330271"><ele>133.6</ele><time>2026-05-31T12:04:15.000Z</time></trkpt>
      <trkpt lat="43.725597" lon="-79.330275"><ele>133.6</ele><time>2026-05-31T12:04:16.000Z</time></trkpt>
      <trkpt lat="43.725652" lon="-79.330276"><ele>133.6</ele><time>2026-05-31T12:04:17.000Z</time></trkpt>
      <trkpt lat="43.725708" lon="-79.330282"><ele>133.6</ele><time>2026-05-31T12:04:18.000Z</time></trkpt>
      <trkpt lat="43.725764" lon="-79.330287"><ele>133.4</ele><time>2026-05-31T12:04:19.000Z</time></trkpt>
      <trkpt lat="43.725821" lon="-79.33029"><ele>133.4</ele><time>2026-05-31T12:04:20.000Z</time></trkpt>
      <trkpt lat="43.725877" lon="-79.330292"><ele>133.2</ele><time>2026-05-31T12:04:21.000Z</time></trkpt>
      <trkpt lat="43.725931" lon="-79.330289"><ele>133.2</ele><time>2026-05-31T12:04:22.000Z</time></trkpt>
      <trkpt lat="43.725984" lon="-79.330292"><ele>133.2</ele><time>2026-05-31T12:04:23.000Z</time></trkpt>
      <trkpt lat="43.726037" lon="-79.330294"><ele>133.2</ele><time>2026-05-31T12:04:24.000Z</time></trkpt>
      <trkpt lat="43.726088" lon="-79.330297"><ele>133.2</ele><time>2026-05-31T12:04:25.000Z</time></trkpt>
      <trkpt lat="43.726138" lon="-79.330296"><ele>133.2</ele><time>2026-05-31T12:04:26.000Z</time></trkpt>
      <trkpt lat="43.726189" lon="-79.3303"><ele>133.4</ele><time>2026-05-31T12:04:27.000Z</time></trkpt>
      <trkpt lat="43.72624" lon="-79.330309"><ele>133.4</ele><time>2026-05-31T12:04:28.000Z</time></trkpt>
      <trkpt lat="43.726289" lon="-79.330313"><ele>133.4</ele><time>2026-05-31T12:04:29.000Z</time></trkpt>
      <trkpt lat="43.726338" lon="-79.330309"><ele>133.4</ele><time>2026-05-31T12:04:30.000Z</time></trkpt>
      <trkpt lat="43.726386" lon="-79.330306"><ele>133.4</ele><time>2026-05-31T12:04:31.000Z</time></trkpt>
      <trkpt lat="43.72643" lon="-79.330304"><ele>133.4</ele><time>2026-05-31T12:04:32.000Z</time></trkpt>
      <trkpt lat="43.726475" lon="-79.330304"><ele>133.2</ele><time>2026-05-31T12:04:33.000Z</time></trkpt>
      <trkpt lat="43.726521" lon="-79.330303"><ele>133.2</ele><time>2026-05-31T12:04:34.000Z</time></trkpt>
      <trkpt lat="43.726565" lon="-79.330302"><ele>133.4</ele><time>2026-05-31T12:04:35.000Z</time></trkpt>
      <trkpt lat="43.72661" lon="-79.3303"><ele>133.4</ele><time>2026-05-31T12:04:36.000Z</time></trkpt>
      <trkpt lat="43.726655" lon="-79.330306"><ele>133.4</ele><time>2026-05-31T12:04:37.000Z</time></trkpt>
      <trkpt lat="43.726694" lon="-79.330313"><ele>133.4</ele><time>2026-05-31T12:04:38.000Z</time></trkpt>
      <trkpt lat="43.726734" lon="-79.330314"><ele>133.4</ele><time>2026-05-31T12:04:39.000Z</time></trkpt>
      <trkpt lat="43.726769" lon="-79.330312"><ele>133.4</ele><time>2026-05-31T12:04:40.000Z</time></trkpt>
      <trkpt lat="43.726797" lon="-79.330312"><ele>133.4</ele><time>2026-05-31T12:04:41.000Z</time></trkpt>
      <trkpt lat="43.726823" lon="-79.330317"><ele>133.4</ele><time>2026-05-31T12:04:42.000Z</time></trkpt>
      <trkpt lat="43.726845" lon="-79.330309"><ele>133.4</ele><time>2026-05-31T12:04:43.000Z</time></trkpt>
      <trkpt lat="43.72688" lon="-79.330305"><ele>133.4</ele><time>2026-05-31T12:04:44.000Z</time></trkpt>
      <trkpt lat="43.726919" lon="-79.330298"><ele>133.4</ele><time>2026-05-31T12:04:45.000Z</time></trkpt>
      <trkpt lat="43.726973" lon="-79.330295"><ele>133.6</ele><time>2026-05-31T12:04:46.000Z</time></trkpt>
      <trkpt lat="43.727025" lon="-79.330299"><ele>133.6</ele><time>2026-05-31T12:04:47.000Z</time></trkpt>
      <trkpt lat="43.727076" lon="-79.330303"><ele>133.6</ele><time>2026-05-31T12:04:48.000Z</time></trkpt>
      <trkpt lat="43.727128" lon="-79.330313"><ele>133.4</ele><time>2026-05-31T12:04:49.000Z</time></trkpt>
      <trkpt lat="43.727182" lon="-79.330322"><ele>133.2</ele><time>2026-05-31T12:04:50.000Z</time></trkpt>
      <trkpt lat="43.727236" lon="-79.330326"><ele>132.8</ele><time>2026-05-31T12:04:51.000Z</time></trkpt>
      <trkpt lat="43.72729" lon="-79.330328"><ele>132.6</ele><time>2026-05-31T12:04:52.000Z</time></trkpt>
      <trkpt lat="43.727344" lon="-79.330333"><ele>132.2</ele><time>2026-05-31T12:04:53.000Z</time></trkpt>
      <trkpt lat="43.727397" lon="-79.330334"><ele>132</ele><time>2026-05-31T12:04:54.000Z</time></trkpt>
      <trkpt lat="43.727452" lon="-79.330335"><ele>131.6</ele><time>2026-05-31T12:04:55.000Z</time></trkpt>
      <trkpt lat="43.727509" lon="-79.330335"><ele>131.4</ele><time>2026-05-31T12:04:56.000Z</time></trkpt>
      <trkpt lat="43.727567" lon="-79.330331"><ele>131.2</ele><time>2026-05-31T12:04:57.000Z</time></trkpt>
      <trkpt lat="43.727625" lon="-79.330334"><ele>131</ele><time>2026-05-31T12:04:58.000Z</time></trkpt>
      <trkpt lat="43.727683" lon="-79.330338"><ele>130.8</ele><time>2026-05-31T12:04:59.000Z</time></trkpt>
      <trkpt lat="43.727745" lon="-79.330343"><ele>130.6</ele><time>2026-05-31T12:05:00.000Z</time></trkpt>
      <trkpt lat="43.72781" lon="-79.330355"><ele>130.6</ele><time>2026-05-31T12:05:01.000Z</time></trkpt>
      <trkpt lat="43.727879" lon="-79.330364"><ele>130.4</ele><time>2026-05-31T12:05:02.000Z</time></trkpt>
      <trkpt lat="43.727954" lon="-79.330371"><ele>130.2</ele><time>2026-05-31T12:05:03.000Z</time></trkpt>
      <trkpt lat="43.728028" lon="-79.330378"><ele>130.2</ele><time>2026-05-31T12:05:04.000Z</time></trkpt>
      <trkpt lat="43.728101" lon="-79.330384"><ele>130</ele><time>2026-05-31T12:05:05.000Z</time></trkpt>
      <trkpt lat="43.728181" lon="-79.330393"><ele>129.8</ele><time>2026-05-31T12:05:06.000Z</time></trkpt>
      <trkpt lat="43.728263" lon="-79.330405"><ele>129.8</ele><time>2026-05-31T12:05:07.000Z</time></trkpt>
      <trkpt lat="43.728347" lon="-79.330408"><ele>129.6</ele><time>2026-05-31T12:05:08.000Z</time></trkpt>
      <trkpt lat="43.728435" lon="-79.330408"><ele>129.4</ele><time>2026-05-31T12:05:09.000Z</time></trkpt>
      <trkpt lat="43.728526" lon="-79.330414"><ele>129.2</ele><time>2026-05-31T12:05:10.000Z</time></trkpt>
      <trkpt lat="43.728616" lon="-79.33042"><ele>128.8</ele><time>2026-05-31T12:05:11.000Z</time></trkpt>
      <trkpt lat="43.728706" lon="-79.330427"><ele>128.6</ele><time>2026-05-31T12:05:12.000Z</time></trkpt>
      <trkpt lat="43.728796" lon="-79.330438"><ele>128.2</ele><time>2026-05-31T12:05:13.000Z</time></trkpt>
      <trkpt lat="43.728886" lon="-79.330451"><ele>128</ele><time>2026-05-31T12:05:14.000Z</time></trkpt>
      <trkpt lat="43.728975" lon="-79.330456"><ele>127.8</ele><time>2026-05-31T12:05:15.000Z</time></trkpt>
      <trkpt lat="43.729069" lon="-79.33046"><ele>127.6</ele><time>2026-05-31T12:05:16.000Z</time></trkpt>
      <trkpt lat="43.729166" lon="-79.330467"><ele>127.4</ele><time>2026-05-31T12:05:17.000Z</time></trkpt>
      <trkpt lat="43.729264" lon="-79.330481"><ele>127</ele><time>2026-05-31T12:05:18.000Z</time></trkpt>
      <trkpt lat="43.729364" lon="-79.330495"><ele>126.6</ele><time>2026-05-31T12:05:19.000Z</time></trkpt>
      <trkpt lat="43.729465" lon="-79.330505"><ele>126.2</ele><time>2026-05-31T12:05:20.000Z</time></trkpt>
      <trkpt lat="43.729564" lon="-79.330518"><ele>125.6</ele><time>2026-05-31T12:05:21.000Z</time></trkpt>
      <trkpt lat="43.729663" lon="-79.330536"><ele>125.4</ele><time>2026-05-31T12:05:22.000Z</time></trkpt>
      <trkpt lat="43.729763" lon="-79.330551"><ele>125</ele><time>2026-05-31T12:05:23.000Z</time></trkpt>
      <trkpt lat="43.729863" lon="-79.330567"><ele>124.6</ele><time>2026-05-31T12:05:24.000Z</time></trkpt>
      <trkpt lat="43.729965" lon="-79.330579"><ele>124.4</ele><time>2026-05-31T12:05:25.000Z</time></trkpt>
      <trkpt lat="43.730068" lon="-79.330595"><ele>124.2</ele><time>2026-05-31T12:05:26.000Z</time></trkpt>
      <trkpt lat="43.730172" lon="-79.330611"><ele>123.8</ele><time>2026-05-31T12:05:27.000Z</time></trkpt>
      <trkpt lat="43.730275" lon="-79.330633"><ele>123.4</ele><time>2026-05-31T12:05:28.000Z</time></trkpt>
      <trkpt lat="43.730376" lon="-79.330655"><ele>122.8</ele><time>2026-05-31T12:05:29.000Z</time></trkpt>
      <trkpt lat="43.730476" lon="-79.330673"><ele>122.4</ele><time>2026-05-31T12:05:30.000Z</time></trkpt>
      <trkpt lat="43.730576" lon="-79.330705"><ele>121.8</ele><time>2026-05-31T12:05:31.000Z</time></trkpt>
      <trkpt lat="43.730671" lon="-79.330744"><ele>121</ele><time>2026-05-31T12:05:32.000Z</time></trkpt>
      <trkpt lat="43.730774" lon="-79.330748"><ele>120.6</ele><time>2026-05-31T12:05:33.000Z</time></trkpt>
      <trkpt lat="43.730883" lon="-79.330759"><ele>120.2</ele><time>2026-05-31T12:05:34.000Z</time></trkpt>
      <trkpt lat="43.730992" lon="-79.330772"><ele>119.8</ele><time>2026-05-31T12:05:35.000Z</time></trkpt>
      <trkpt lat="43.731094" lon="-79.330784"><ele>119.2</ele><time>2026-05-31T12:05:36.000Z</time></trkpt>
      <trkpt lat="43.731199" lon="-79.330799"><ele>118.8</ele><time>2026-05-31T12:05:37.000Z</time></trkpt>
      <trkpt lat="43.731302" lon="-79.330818"><ele>118.2</ele><time>2026-05-31T12:05:38.000Z</time></trkpt>
      <trkpt lat="43.731406" lon="-79.330841"><ele>117.6</ele><time>2026-05-31T12:05:39.000Z</time></trkpt>
      <trkpt lat="43.73151" lon="-79.330863"><ele>117</ele><time>2026-05-31T12:05:40.000Z</time></trkpt>
      <trkpt lat="43.731616" lon="-79.330888"><ele>116.6</ele><time>2026-05-31T12:05:41.000Z</time></trkpt>
      <trkpt lat="43.731723" lon="-79.330913"><ele>116.2</ele><time>2026-05-31T12:05:42.000Z</time></trkpt>
      <trkpt lat="43.73183" lon="-79.330934"><ele>115.8</ele><time>2026-05-31T12:05:43.000Z</time></trkpt>
      <trkpt lat="43.731936" lon="-79.330956"><ele>115.4</ele><time>2026-05-31T12:05:44.000Z</time></trkpt>
      <trkpt lat="43.732042" lon="-79.330981"><ele>114.8</ele><time>2026-05-31T12:05:45.000Z</time></trkpt>
      <trkpt lat="43.732148" lon="-79.331006"><ele>114.2</ele><time>2026-05-31T12:05:46.000Z</time></trkpt>
      <trkpt lat="43.732255" lon="-79.331033"><ele>113.8</ele><time>2026-05-31T12:05:47.000Z</time></trkpt>
      <trkpt lat="43.732362" lon="-79.331059"><ele>113.2</ele><time>2026-05-31T12:05:48.000Z</time></trkpt>
      <trkpt lat="43.73247" lon="-79.331085"><ele>112.6</ele><time>2026-05-31T12:05:49.000Z</time></trkpt>
      <trkpt lat="43.732577" lon="-79.331109"><ele>112</ele><time>2026-05-31T12:05:50.000Z</time></trkpt>
      <trkpt lat="43.732685" lon="-79.331133"><ele>111.6</ele><time>2026-05-31T12:05:51.000Z</time></trkpt>
      <trkpt lat="43.732793" lon="-79.331158"><ele>111</ele><time>2026-05-31T12:05:52.000Z</time></trkpt>
      <trkpt lat="43.732902" lon="-79.331177"><ele>110.8</ele><time>2026-05-31T12:05:53.000Z</time></trkpt>
      <trkpt lat="43.73301" lon="-79.331197"><ele>110.4</ele><time>2026-05-31T12:05:54.000Z</time></trkpt>
      <trkpt lat="43.733114" lon="-79.331221"><ele>110.2</ele><time>2026-05-31T12:05:55.000Z</time></trkpt>
      <trkpt lat="43.733222" lon="-79.331241"><ele>109.8</ele><time>2026-05-31T12:05:56.000Z</time></trkpt>
      <trkpt lat="43.733332" lon="-79.331257"><ele>109.6</ele><time>2026-05-31T12:05:57.000Z</time></trkpt>
      <trkpt lat="43.733443" lon="-79.331278"><ele>109.2</ele><time>2026-05-31T12:05:58.000Z</time></trkpt>
      <trkpt lat="43.733554" lon="-79.331303"><ele>108.8</ele><time>2026-05-31T12:05:59.000Z</time></trkpt>
      <trkpt lat="43.733667" lon="-79.331326"><ele>108.4</ele><time>2026-05-31T12:06:00.000Z</time></trkpt>
      <trkpt lat="43.733782" lon="-79.331351"><ele>108</ele><time>2026-05-31T12:06:01.000Z</time></trkpt>
      <trkpt lat="43.7339" lon="-79.331375"><ele>107.8</ele><time>2026-05-31T12:06:02.000Z</time></trkpt>
      <trkpt lat="43.734015" lon="-79.331399"><ele>107.4</ele><time>2026-05-31T12:06:03.000Z</time></trkpt>
      <trkpt lat="43.73413" lon="-79.331425"><ele>107.2</ele><time>2026-05-31T12:06:04.000Z</time></trkpt>
      <trkpt lat="43.734243" lon="-79.331448"><ele>107</ele><time>2026-05-31T12:06:05.000Z</time></trkpt>
      <trkpt lat="43.734357" lon="-79.331476"><ele>106.6</ele><time>2026-05-31T12:06:06.000Z</time></trkpt>
      <trkpt lat="43.734469" lon="-79.331505"><ele>106.2</ele><time>2026-05-31T12:06:07.000Z</time></trkpt>
      <trkpt lat="43.73458" lon="-79.331529"><ele>106</ele><time>2026-05-31T12:06:08.000Z</time></trkpt>
      <trkpt lat="43.734691" lon="-79.33155"><ele>105.8</ele><time>2026-05-31T12:06:09.000Z</time></trkpt>
      <trkpt lat="43.734799" lon="-79.331572"><ele>105.8</ele><time>2026-05-31T12:06:10.000Z</time></trkpt>
      <trkpt lat="43.734903" lon="-79.331594"><ele>105.8</ele><time>2026-05-31T12:06:11.000Z</time></trkpt>
      <trkpt lat="43.735006" lon="-79.331619"><ele>105.6</ele><time>2026-05-31T12:06:12.000Z</time></trkpt>
      <trkpt lat="43.735106" lon="-79.331646"><ele>105.8</ele><time>2026-05-31T12:06:13.000Z</time></trkpt>
      <trkpt lat="43.735204" lon="-79.331671"><ele>105.8</ele><time>2026-05-31T12:06:14.000Z</time></trkpt>
      <trkpt lat="43.735296" lon="-79.331697"><ele>105.8</ele><time>2026-05-31T12:06:15.000Z</time></trkpt>
      <trkpt lat="43.735385" lon="-79.331722"><ele>105.6</ele><time>2026-05-31T12:06:16.000Z</time></trkpt>
      <trkpt lat="43.735476" lon="-79.331743"><ele>105.8</ele><time>2026-05-31T12:06:17.000Z</time></trkpt>
      <trkpt lat="43.735565" lon="-79.331763"><ele>105.8</ele><time>2026-05-31T12:06:18.000Z</time></trkpt>
      <trkpt lat="43.735651" lon="-79.331777"><ele>105.8</ele><time>2026-05-31T12:06:19.000Z</time></trkpt>
      <trkpt lat="43.73573" lon="-79.331792"><ele>106</ele><time>2026-05-31T12:06:20.000Z</time></trkpt>
      <trkpt lat="43.735808" lon="-79.331811"><ele>106.2</ele><time>2026-05-31T12:06:21.000Z</time></trkpt>
      <trkpt lat="43.735887" lon="-79.33183"><ele>106.4</ele><time>2026-05-31T12:06:22.000Z</time></trkpt>
      <trkpt lat="43.735967" lon="-79.331849"><ele>106.8</ele><time>2026-05-31T12:06:23.000Z</time></trkpt>
      <trkpt lat="43.736043" lon="-79.331871"><ele>107</ele><time>2026-05-31T12:06:24.000Z</time></trkpt>
      <trkpt lat="43.736117" lon="-79.33189"><ele>107.4</ele><time>2026-05-31T12:06:25.000Z</time></trkpt>
      <trkpt lat="43.736192" lon="-79.331907"><ele>107.4</ele><time>2026-05-31T12:06:26.000Z</time></trkpt>
      <trkpt lat="43.736266" lon="-79.331924"><ele>107.6</ele><time>2026-05-31T12:06:27.000Z</time></trkpt>
      <trkpt lat="43.736336" lon="-79.33194"><ele>107.8</ele><time>2026-05-31T12:06:28.000Z</time></trkpt>
      <trkpt lat="43.736406" lon="-79.331951"><ele>108</ele><time>2026-05-31T12:06:29.000Z</time></trkpt>
      <trkpt lat="43.736473" lon="-79.331965"><ele>108</ele><time>2026-05-31T12:06:30.000Z</time></trkpt>
      <trkpt lat="43.736537" lon="-79.331975"><ele>108.2</ele><time>2026-05-31T12:06:31.000Z</time></trkpt>
      <trkpt lat="43.7366" lon="-79.331979"><ele>108.2</ele><time>2026-05-31T12:06:32.000Z</time></trkpt>
      <trkpt lat="43.736664" lon="-79.331987"><ele>108.4</ele><time>2026-05-31T12:06:33.000Z</time></trkpt>
      <trkpt lat="43.736727" lon="-79.332002"><ele>108.4</ele><time>2026-05-31T12:06:34.000Z</time></trkpt>
      <trkpt lat="43.73679" lon="-79.332012"><ele>108.6</ele><time>2026-05-31T12:06:35.000Z</time></trkpt>
      <trkpt lat="43.736851" lon="-79.332023"><ele>108.6</ele><time>2026-05-31T12:06:36.000Z</time></trkpt>
      <trkpt lat="43.736913" lon="-79.33203"><ele>108.8</ele><time>2026-05-31T12:06:37.000Z</time></trkpt>
      <trkpt lat="43.736975" lon="-79.332037"><ele>109</ele><time>2026-05-31T12:06:38.000Z</time></trkpt>
      <trkpt lat="43.737039" lon="-79.332044"><ele>109</ele><time>2026-05-31T12:06:39.000Z</time></trkpt>
      <trkpt lat="43.737102" lon="-79.332049"><ele>109.2</ele><time>2026-05-31T12:06:40.000Z</time></trkpt>
      <trkpt lat="43.737164" lon="-79.332054"><ele>109.2</ele><time>2026-05-31T12:06:41.000Z</time></trkpt>
      <trkpt lat="43.737223" lon="-79.332059"><ele>109.4</ele><time>2026-05-31T12:06:42.000Z</time></trkpt>
      <trkpt lat="43.737281" lon="-79.332064"><ele>109.4</ele><time>2026-05-31T12:06:43.000Z</time></trkpt>
      <trkpt lat="43.737341" lon="-79.332071"><ele>109.4</ele><time>2026-05-31T12:06:44.000Z</time></trkpt>
      <trkpt lat="43.737402" lon="-79.332075"><ele>109.4</ele><time>2026-05-31T12:06:45.000Z</time></trkpt>
      <trkpt lat="43.737462" lon="-79.332078"><ele>109.4</ele><time>2026-05-31T12:06:46.000Z</time></trkpt>
      <trkpt lat="43.73752" lon="-79.332085"><ele>109.4</ele><time>2026-05-31T12:06:47.000Z</time></trkpt>
      <trkpt lat="43.737578" lon="-79.332095"><ele>109.4</ele><time>2026-05-31T12:06:48.000Z</time></trkpt>
      <trkpt lat="43.737634" lon="-79.332105"><ele>109.4</ele><time>2026-05-31T12:06:49.000Z</time></trkpt>
      <trkpt lat="43.737688" lon="-79.332115"><ele>109.4</ele><time>2026-05-31T12:06:50.000Z</time></trkpt>
      <trkpt lat="43.737744" lon="-79.33212"><ele>109.4</ele><time>2026-05-31T12:06:51.000Z</time></trkpt>
      <trkpt lat="43.737798" lon="-79.332122"><ele>109.6</ele><time>2026-05-31T12:06:52.000Z</time></trkpt>
      <trkpt lat="43.737852" lon="-79.332124"><ele>109.6</ele><time>2026-05-31T12:06:53.000Z</time></trkpt>
      <trkpt lat="43.737908" lon="-79.332125"><ele>109.6</ele><time>2026-05-31T12:06:54.000Z</time></trkpt>
      <trkpt lat="43.737964" lon="-79.332127"><ele>109.6</ele><time>2026-05-31T12:06:55.000Z</time></trkpt>
      <trkpt lat="43.738018" lon="-79.332129"><ele>109.8</ele><time>2026-05-31T12:06:56.000Z</time></trkpt>
      <trkpt lat="43.738074" lon="-79.332131"><ele>109.8</ele><time>2026-05-31T12:06:57.000Z</time></trkpt>
      <trkpt lat="43.738129" lon="-79.332131"><ele>110</ele><time>2026-05-31T12:06:58.000Z</time></trkpt>
      <trkpt lat="43.738184" lon="-79.33213"><ele>110.2</ele><time>2026-05-31T12:06:59.000Z</time></trkpt>
      <trkpt lat="43.738241" lon="-79.332127"><ele>110.4</ele><time>2026-05-31T12:07:00.000Z</time></trkpt>
      <trkpt lat="43.738299" lon="-79.332126"><ele>110.6</ele><time>2026-05-31T12:07:01.000Z</time></trkpt>
      <trkpt lat="43.738358" lon="-79.332125"><ele>110.6</ele><time>2026-05-31T12:07:02.000Z</time></trkpt>
      <trkpt lat="43.738416" lon="-79.332123"><ele>110.6</ele><time>2026-05-31T12:07:03.000Z</time></trkpt>
      <trkpt lat="43.738473" lon="-79.332121"><ele>110.8</ele><time>2026-05-31T12:07:04.000Z</time></trkpt>
      <trkpt lat="43.73853" lon="-79.332121"><ele>110.8</ele><time>2026-05-31T12:07:05.000Z</time></trkpt>
      <trkpt lat="43.738589" lon="-79.332121"><ele>110.8</ele><time>2026-05-31T12:07:06.000Z</time></trkpt>
      <trkpt lat="43.738647" lon="-79.332118"><ele>110.8</ele><time>2026-05-31T12:07:07.000Z</time></trkpt>
      <trkpt lat="43.738704" lon="-79.332115"><ele>110.8</ele><time>2026-05-31T12:07:08.000Z</time></trkpt>
      <trkpt lat="43.73876" lon="-79.332113"><ele>110.8</ele><time>2026-05-31T12:07:09.000Z</time></trkpt>
      <trkpt lat="43.738818" lon="-79.33211"><ele>111</ele><time>2026-05-31T12:07:10.000Z</time></trkpt>
      <trkpt lat="43.738876" lon="-79.332108"><ele>111</ele><time>2026-05-31T12:07:11.000Z</time></trkpt>
      <trkpt lat="43.738933" lon="-79.332107"><ele>111</ele><time>2026-05-31T12:07:12.000Z</time></trkpt>
      <trkpt lat="43.738987" lon="-79.332102"><ele>111</ele><time>2026-05-31T12:07:13.000Z</time></trkpt>
      <trkpt lat="43.73904" lon="-79.332101"><ele>111.2</ele><time>2026-05-31T12:07:14.000Z</time></trkpt>
      <trkpt lat="43.739093" lon="-79.332101"><ele>111.4</ele><time>2026-05-31T12:07:15.000Z</time></trkpt>
      <trkpt lat="43.739144" lon="-79.332101"><ele>111.4</ele><time>2026-05-31T12:07:16.000Z</time></trkpt>
      <trkpt lat="43.739194" lon="-79.332099"><ele>111.6</ele><time>2026-05-31T12:07:17.000Z</time></trkpt>
      <trkpt lat="43.739243" lon="-79.332097"><ele>111.8</ele><time>2026-05-31T12:07:18.000Z</time></trkpt>
      <trkpt lat="43.739288" lon="-79.332091"><ele>112</ele><time>2026-05-31T12:07:19.000Z</time></trkpt>
      <trkpt lat="43.739336" lon="-79.33209"><ele>112.2</ele><time>2026-05-31T12:07:20.000Z</time></trkpt>
      <trkpt lat="43.73939" lon="-79.332092"><ele>112.4</ele><time>2026-05-31T12:07:21.000Z</time></trkpt>
      <trkpt lat="43.739436" lon="-79.332086"><ele>112.8</ele><time>2026-05-31T12:07:22.000Z</time></trkpt>
      <trkpt lat="43.739469" lon="-79.332084"><ele>113</ele><time>2026-05-31T12:07:23.000Z</time></trkpt>
      <trkpt lat="43.739507" lon="-79.332088"><ele>113.2</ele><time>2026-05-31T12:07:24.000Z</time></trkpt>
      <trkpt lat="43.739545" lon="-79.332084"><ele>113.4</ele><time>2026-05-31T12:07:25.000Z</time></trkpt>
      <trkpt lat="43.73959" lon="-79.332076"><ele>113.4</ele><time>2026-05-31T12:07:26.000Z</time></trkpt>
      <trkpt lat="43.739634" lon="-79.332069"><ele>113.4</ele><time>2026-05-31T12:07:27.000Z</time></trkpt>
      <trkpt lat="43.739685" lon="-79.332064"><ele>113.6</ele><time>2026-05-31T12:07:28.000Z</time></trkpt>
      <trkpt lat="43.739735" lon="-79.33206"><ele>113.8</ele><time>2026-05-31T12:07:29.000Z</time></trkpt>
      <trkpt lat="43.739782" lon="-79.332062"><ele>113.8</ele><time>2026-05-31T12:07:30.000Z</time></trkpt>
      <trkpt lat="43.739823" lon="-79.332062"><ele>114</ele><time>2026-05-31T12:07:31.000Z</time></trkpt>
      <trkpt lat="43.739864" lon="-79.332063"><ele>114.2</ele><time>2026-05-31T12:07:32.000Z</time></trkpt>
      <trkpt lat="43.739901" lon="-79.332058"><ele>114.4</ele><time>2026-05-31T12:07:33.000Z</time></trkpt>
      <trkpt lat="43.739939" lon="-79.332055"><ele>114.6</ele><time>2026-05-31T12:07:34.000Z</time></trkpt>
      <trkpt lat="43.739977" lon="-79.332053"><ele>114.8</ele><time>2026-05-31T12:07:35.000Z</time></trkpt>
      <trkpt lat="43.740015" lon="-79.332057"><ele>115</ele><time>2026-05-31T12:07:36.000Z</time></trkpt>
      <trkpt lat="43.740052" lon="-79.332058"><ele>115.2</ele><time>2026-05-31T12:07:37.000Z</time></trkpt>
      <trkpt lat="43.74009" lon="-79.332059"><ele>115.2</ele><time>2026-05-31T12:07:38.000Z</time></trkpt>
      <trkpt lat="43.740124" lon="-79.332057"><ele>115.4</ele><time>2026-05-31T12:07:39.000Z</time></trkpt>
      <trkpt lat="43.740158" lon="-79.332054"><ele>115.6</ele><time>2026-05-31T12:07:40.000Z</time></trkpt>
      <trkpt lat="43.740193" lon="-79.332054"><ele>115.6</ele><time>2026-05-31T12:07:41.000Z</time></trkpt>
      <trkpt lat="43.740227" lon="-79.332057"><ele>115.8</ele><time>2026-05-31T12:07:42.000Z</time></trkpt>
      <trkpt lat="43.740261" lon="-79.332059"><ele>116</ele><time>2026-05-31T12:07:43.000Z</time></trkpt>
      <trkpt lat="43.740296" lon="-79.33206"><ele>116</ele><time>2026-05-31T12:07:44.000Z</time></trkpt>
      <trkpt lat="43.74033" lon="-79.332062"><ele>116.2</ele><time>2026-05-31T12:07:45.000Z</time></trkpt>
      <trkpt lat="43.740364" lon="-79.332062"><ele>116.4</ele><time>2026-05-31T12:07:46.000Z</time></trkpt>
      <trkpt lat="43.740399" lon="-79.332061"><ele>116.6</ele><time>2026-05-31T12:07:47.000Z</time></trkpt>
      <trkpt lat="43.740433" lon="-79.332061"><ele>116.6</ele><time>2026-05-31T12:07:48.000Z</time></trkpt>
      <trkpt lat="43.740467" lon="-79.332058"><ele>116.8</ele><time>2026-05-31T12:07:49.000Z</time></trkpt>
      <trkpt lat="43.740502" lon="-79.33206"><ele>117</ele><time>2026-05-31T12:07:50.000Z</time></trkpt>
      <trkpt lat="43.740538" lon="-79.33206"><ele>117.2</ele><time>2026-05-31T12:07:51.000Z</time></trkpt>
      <trkpt lat="43.740572" lon="-79.332058"><ele>117.4</ele><time>2026-05-31T12:07:52.000Z</time></trkpt>
      <trkpt lat="43.740606" lon="-79.332058"><ele>117.4</ele><time>2026-05-31T12:07:53.000Z</time></trkpt>
      <trkpt lat="43.74064" lon="-79.332057"><ele>117.6</ele><time>2026-05-31T12:07:54.000Z</time></trkpt>
      <trkpt lat="43.740673" lon="-79.332057"><ele>117.6</ele><time>2026-05-31T12:07:55.000Z</time></trkpt>
      <trkpt lat="43.740706" lon="-79.332055"><ele>117.8</ele><time>2026-05-31T12:07:56.000Z</time></trkpt>
      <trkpt lat="43.740741" lon="-79.332058"><ele>118</ele><time>2026-05-31T12:07:57.000Z</time></trkpt>
      <trkpt lat="43.740776" lon="-79.332055"><ele>118</ele><time>2026-05-31T12:07:58.000Z</time></trkpt>
      <trkpt lat="43.740813" lon="-79.332058"><ele>118</ele><time>2026-05-31T12:07:59.000Z</time></trkpt>
      <trkpt lat="43.740846" lon="-79.332063"><ele>118.2</ele><time>2026-05-31T12:08:00.000Z</time></trkpt>
      <trkpt lat="43.740878" lon="-79.332065"><ele>118.2</ele><time>2026-05-31T12:08:01.000Z</time></trkpt>
      <trkpt lat="43.740912" lon="-79.332062"><ele>118.4</ele><time>2026-05-31T12:08:02.000Z</time></trkpt>
      <trkpt lat="43.740945" lon="-79.33206"><ele>118.6</ele><time>2026-05-31T12:08:03.000Z</time></trkpt>
      <trkpt lat="43.74098" lon="-79.332057"><ele>118.6</ele><time>2026-05-31T12:08:04.000Z</time></trkpt>
      <trkpt lat="43.741014" lon="-79.332057"><ele>118.8</ele><time>2026-05-31T12:08:05.000Z</time></trkpt>
      <trkpt lat="43.741046" lon="-79.332059"><ele>118.8</ele><time>2026-05-31T12:08:06.000Z</time></trkpt>
      <trkpt lat="43.74108" lon="-79.332062"><ele>119</ele><time>2026-05-31T12:08:07.000Z</time></trkpt>
      <trkpt lat="43.741114" lon="-79.332059"><ele>119.2</ele><time>2026-05-31T12:08:08.000Z</time></trkpt>
      <trkpt lat="43.741148" lon="-79.332061"><ele>119.4</ele><time>2026-05-31T12:08:09.000Z</time></trkpt>
      <trkpt lat="43.741182" lon="-79.332061"><ele>119.6</ele><time>2026-05-31T12:08:10.000Z</time></trkpt>
      <trkpt lat="43.741216" lon="-79.332063"><ele>119.8</ele><time>2026-05-31T12:08:11.000Z</time></trkpt>
      <trkpt lat="43.74125" lon="-79.332061"><ele>120</ele><time>2026-05-31T12:08:12.000Z</time></trkpt>
      <trkpt lat="43.741286" lon="-79.332062"><ele>120.2</ele><time>2026-05-31T12:08:13.000Z</time></trkpt>
      <trkpt lat="43.74132" lon="-79.332059"><ele>120.4</ele><time>2026-05-31T12:08:14.000Z</time></trkpt>
      <trkpt lat="43.741356" lon="-79.332056"><ele>120.4</ele><time>2026-05-31T12:08:15.000Z</time></trkpt>
      <trkpt lat="43.741391" lon="-79.332055"><ele>120.6</ele><time>2026-05-31T12:08:16.000Z</time></trkpt>
      <trkpt lat="43.741425" lon="-79.332059"><ele>120.6</ele><time>2026-05-31T12:08:17.000Z</time></trkpt>
      <trkpt lat="43.741456" lon="-79.332062"><ele>120.8</ele><time>2026-05-31T12:08:18.000Z</time></trkpt>
      <trkpt lat="43.741487" lon="-79.332059"><ele>120.8</ele><time>2026-05-31T12:08:19.000Z</time></trkpt>
      <trkpt lat="43.741519" lon="-79.332062"><ele>121</ele><time>2026-05-31T12:08:20.000Z</time></trkpt>
      <trkpt lat="43.74155" lon="-79.332061"><ele>121.2</ele><time>2026-05-31T12:08:21.000Z</time></trkpt>
      <trkpt lat="43.741581" lon="-79.332059"><ele>121.2</ele><time>2026-05-31T12:08:22.000Z</time></trkpt>
      <trkpt lat="43.741612" lon="-79.33206"><ele>121.4</ele><time>2026-05-31T12:08:23.000Z</time></trkpt>
      <trkpt lat="43.741643" lon="-79.332062"><ele>121.4</ele><time>2026-05-31T12:08:24.000Z</time></trkpt>
      <trkpt lat="43.741675" lon="-79.332066"><ele>121.6</ele><time>2026-05-31T12:08:25.000Z</time></trkpt>
      <trkpt lat="43.741707" lon="-79.332068"><ele>121.6</ele><time>2026-05-31T12:08:26.000Z</time></trkpt>
      <trkpt lat="43.741739" lon="-79.332071"><ele>121.6</ele><time>2026-05-31T12:08:27.000Z</time></trkpt>
      <trkpt lat="43.741771" lon="-79.332069"><ele>121.8</ele><time>2026-05-31T12:08:28.000Z</time></trkpt>
      <trkpt lat="43.741802" lon="-79.332072"><ele>121.8</ele><time>2026-05-31T12:08:29.000Z</time></trkpt>
      <trkpt lat="43.741833" lon="-79.332076"><ele>122</ele><time>2026-05-31T12:08:30.000Z</time></trkpt>
      <trkpt lat="43.741861" lon="-79.332082"><ele>122</ele><time>2026-05-31T12:08:31.000Z</time></trkpt>
      <trkpt lat="43.74189" lon="-79.332082"><ele>122</ele><time>2026-05-31T12:08:32.000Z</time></trkpt>
      <trkpt lat="43.741923" lon="-79.332082"><ele>122.2</ele><time>2026-05-31T12:08:33.000Z</time></trkpt>
      <trkpt lat="43.741955" lon="-79.332085"><ele>122.2</ele><time>2026-05-31T12:08:34.000Z</time></trkpt>
      <trkpt lat="43.741986" lon="-79.332088"><ele>122.4</ele><time>2026-05-31T12:08:35.000Z</time></trkpt>
      <trkpt lat="43.742018" lon="-79.332093"><ele>122.6</ele><time>2026-05-31T12:08:36.000Z</time></trkpt>
      <trkpt lat="43.742052" lon="-79.332097"><ele>122.8</ele><time>2026-05-31T12:08:37.000Z</time></trkpt>
      <trkpt lat="43.742083" lon="-79.332102"><ele>122.8</ele><time>2026-05-31T12:08:38.000Z</time></trkpt>
      <trkpt lat="43.742113" lon="-79.332108"><ele>122.8</ele><time>2026-05-31T12:08:39.000Z</time></trkpt>
      <trkpt lat="43.742142" lon="-79.332115"><ele>122.8</ele><time>2026-05-31T12:08:40.000Z</time></trkpt>
      <trkpt lat="43.742171" lon="-79.332117"><ele>122.8</ele><time>2026-05-31T12:08:41.000Z</time></trkpt>
      <trkpt lat="43.7422" lon="-79.33212"><ele>123</ele><time>2026-05-31T12:08:42.000Z</time></trkpt>
      <trkpt lat="43.742228" lon="-79.332123"><ele>123.2</ele><time>2026-05-31T12:08:43.000Z</time></trkpt>
      <trkpt lat="43.742257" lon="-79.332127"><ele>123.4</ele><time>2026-05-31T12:08:44.000Z</time></trkpt>
      <trkpt lat="43.742289" lon="-79.332128"><ele>123.8</ele><time>2026-05-31T12:08:45.000Z</time></trkpt>
      <trkpt lat="43.742321" lon="-79.33213"><ele>123.8</ele><time>2026-05-31T12:08:46.000Z</time></trkpt>
      <trkpt lat="43.74235" lon="-79.332133"><ele>124</ele><time>2026-05-31T12:08:47.000Z</time></trkpt>
      <trkpt lat="43.74238" lon="-79.332133"><ele>124</ele><time>2026-05-31T12:08:48.000Z</time></trkpt>
      <trkpt lat="43.742411" lon="-79.332136"><ele>124</ele><time>2026-05-31T12:08:49.000Z</time></trkpt>
      <trkpt lat="43.742443" lon="-79.332138"><ele>124.2</ele><time>2026-05-31T12:08:50.000Z</time></trkpt>
      <trkpt lat="43.742474" lon="-79.332141"><ele>124.2</ele><time>2026-05-31T12:08:51.000Z</time></trkpt>
      <trkpt lat="43.742505" lon="-79.332143"><ele>124.4</ele><time>2026-05-31T12:08:52.000Z</time></trkpt>
      <trkpt lat="43.742539" lon="-79.332146"><ele>124.6</ele><time>2026-05-31T12:08:53.000Z</time></trkpt>
      <trkpt lat="43.742569" lon="-79.332152"><ele>124.8</ele><time>2026-05-31T12:08:54.000Z</time></trkpt>
      <trkpt lat="43.742596" lon="-79.332159"><ele>125</ele><time>2026-05-31T12:08:55.000Z</time></trkpt>
      <trkpt lat="43.742625" lon="-79.332164"><ele>125.2</ele><time>2026-05-31T12:08:56.000Z</time></trkpt>
      <trkpt lat="43.742655" lon="-79.332171"><ele>125.4</ele><time>2026-05-31T12:08:57.000Z</time></trkpt>
      <trkpt lat="43.742683" lon="-79.332175"><ele>125.6</ele><time>2026-05-31T12:08:58.000Z</time></trkpt>
      <trkpt lat="43.742711" lon="-79.33218"><ele>125.8</ele><time>2026-05-31T12:08:59.000Z</time></trkpt>
      <trkpt lat="43.742739" lon="-79.332181"><ele>126</ele><time>2026-05-31T12:09:00.000Z</time></trkpt>
      <trkpt lat="43.742767" lon="-79.332185"><ele>126.4</ele><time>2026-05-31T12:09:01.000Z</time></trkpt>
      <trkpt lat="43.742799" lon="-79.33219"><ele>126.4</ele><time>2026-05-31T12:09:02.000Z</time></trkpt>
      <trkpt lat="43.74283" lon="-79.332196"><ele>126.6</ele><time>2026-05-31T12:09:03.000Z</time></trkpt>
      <trkpt lat="43.742861" lon="-79.332203"><ele>126.6</ele><time>2026-05-31T12:09:04.000Z</time></trkpt>
      <trkpt lat="43.742893" lon="-79.332208"><ele>126.8</ele><time>2026-05-31T12:09:05.000Z</time></trkpt>
      <trkpt lat="43.742921" lon="-79.332216"><ele>126.8</ele><time>2026-05-31T12:09:06.000Z</time></trkpt>
      <trkpt lat="43.742949" lon="-79.332222"><ele>127</ele><time>2026-05-31T12:09:07.000Z</time></trkpt>
      <trkpt lat="43.742977" lon="-79.332225"><ele>127</ele><time>2026-05-31T12:09:08.000Z</time></trkpt>
      <trkpt lat="43.743004" lon="-79.33223"><ele>127.2</ele><time>2026-05-31T12:09:09.000Z</time></trkpt>
      <trkpt lat="43.743033" lon="-79.332238"><ele>127.2</ele><time>2026-05-31T12:09:10.000Z</time></trkpt>
      <trkpt lat="43.743061" lon="-79.332246"><ele>127.4</ele><time>2026-05-31T12:09:11.000Z</time></trkpt>
      <trkpt lat="43.743091" lon="-79.332249"><ele>127.4</ele><time>2026-05-31T12:09:12.000Z</time></trkpt>
      <trkpt lat="43.743123" lon="-79.332261"><ele>127.4</ele><time>2026-05-31T12:09:13.000Z</time></trkpt>
      <trkpt lat="43.743152" lon="-79.33227"><ele>127.6</ele><time>2026-05-31T12:09:14.000Z</time></trkpt>
      <trkpt lat="43.743179" lon="-79.332278"><ele>127.8</ele><time>2026-05-31T12:09:15.000Z</time></trkpt>
      <trkpt lat="43.743208" lon="-79.332285"><ele>128</ele><time>2026-05-31T12:09:16.000Z</time></trkpt>
      <trkpt lat="43.743237" lon="-79.332282"><ele>128.2</ele><time>2026-05-31T12:09:17.000Z</time></trkpt>
      <trkpt lat="43.743266" lon="-79.332284"><ele>128.2</ele><time>2026-05-31T12:09:18.000Z</time></trkpt>
      <trkpt lat="43.743296" lon="-79.332289"><ele>128.4</ele><time>2026-05-31T12:09:19.000Z</time></trkpt>
      <trkpt lat="43.743326" lon="-79.332296"><ele>128.6</ele><time>2026-05-31T12:09:20.000Z</time></trkpt>
      <trkpt lat="43.743356" lon="-79.332302"><ele>128.6</ele><time>2026-05-31T12:09:21.000Z</time></trkpt>
      <trkpt lat="43.743388" lon="-79.332308"><ele>128.8</ele><time>2026-05-31T12:09:22.000Z</time></trkpt>
      <trkpt lat="43.743419" lon="-79.332317"><ele>128.8</ele><time>2026-05-31T12:09:23.000Z</time></trkpt>
      <trkpt lat="43.743448" lon="-79.332323"><ele>129</ele><time>2026-05-31T12:09:24.000Z</time></trkpt>
      <trkpt lat="43.743479" lon="-79.332328"><ele>129</ele><time>2026-05-31T12:09:25.000Z</time></trkpt>
      <trkpt lat="43.743507" lon="-79.332333"><ele>129.2</ele><time>2026-05-31T12:09:26.000Z</time></trkpt>
      <trkpt lat="43.743536" lon="-79.332339"><ele>129.2</ele><time>2026-05-31T12:09:27.000Z</time></trkpt>
      <trkpt lat="43.743568" lon="-79.332347"><ele>129.4</ele><time>2026-05-31T12:09:28.000Z</time></trkpt>
      <trkpt lat="43.743602" lon="-79.332357"><ele>129.6</ele><time>2026-05-31T12:09:29.000Z</time></trkpt>
      <trkpt lat="43.743633" lon="-79.332368"><ele>129.6</ele><time>2026-05-31T12:09:30.000Z</time></trkpt>
      <trkpt lat="43.743665" lon="-79.332376"><ele>129.8</ele><time>2026-05-31T12:09:31.000Z</time></trkpt>
      <trkpt lat="43.743696" lon="-79.332381"><ele>129.8</ele><time>2026-05-31T12:09:32.000Z</time></trkpt>
      <trkpt lat="43.743727" lon="-79.332389"><ele>130</ele><time>2026-05-31T12:09:33.000Z</time></trkpt>
      <trkpt lat="43.743757" lon="-79.332394"><ele>130</ele><time>2026-05-31T12:09:34.000Z</time></trkpt>
      <trkpt lat="43.743788" lon="-79.332402"><ele>130.2</ele><time>2026-05-31T12:09:35.000Z</time></trkpt>
      <trkpt lat="43.743821" lon="-79.332412"><ele>130.2</ele><time>2026-05-31T12:09:36.000Z</time></trkpt>
      <trkpt lat="43.743853" lon="-79.332422"><ele>130.4</ele><time>2026-05-31T12:09:37.000Z</time></trkpt>
      <trkpt lat="43.743885" lon="-79.332428"><ele>130.4</ele><time>2026-05-31T12:09:38.000Z</time></trkpt>
      <trkpt lat="43.743916" lon="-79.332435"><ele>130.6</ele><time>2026-05-31T12:09:39.000Z</time></trkpt>
      <trkpt lat="43.743943" lon="-79.332444"><ele>130.6</ele><time>2026-05-31T12:09:40.000Z</time></trkpt>
      <trkpt lat="43.743975" lon="-79.332451"><ele>130.6</ele><time>2026-05-31T12:09:41.000Z</time></trkpt>
      <trkpt lat="43.744007" lon="-79.332462"><ele>130.8</ele><time>2026-05-31T12:09:42.000Z</time></trkpt>
      <trkpt lat="43.744039" lon="-79.33247"><ele>130.8</ele><time>2026-05-31T12:09:43.000Z</time></trkpt>
      <trkpt lat="43.74407" lon="-79.332478"><ele>130.8</ele><time>2026-05-31T12:09:44.000Z</time></trkpt>
      <trkpt lat="43.744103" lon="-79.332485"><ele>130.8</ele><time>2026-05-31T12:09:45.000Z</time></trkpt>
      <trkpt lat="43.744136" lon="-79.332495"><ele>131</ele><time>2026-05-31T12:09:46.000Z</time></trkpt>
      <trkpt lat="43.744168" lon="-79.332503"><ele>131</ele><time>2026-05-31T12:09:47.000Z</time></trkpt>
      <trkpt lat="43.744202" lon="-79.332513"><ele>131.2</ele><time>2026-05-31T12:09:48.000Z</time></trkpt>
      <trkpt lat="43.744238" lon="-79.332521"><ele>131.2</ele><time>2026-05-31T12:09:49.000Z</time></trkpt>
      <trkpt lat="43.744272" lon="-79.332528"><ele>131.2</ele><time>2026-05-31T12:09:50.000Z</time></trkpt>
      <trkpt lat="43.744305" lon="-79.332534"><ele>131.2</ele><time>2026-05-31T12:09:51.000Z</time></trkpt>
      <trkpt lat="43.744338" lon="-79.33254"><ele>131.2</ele><time>2026-05-31T12:09:52.000Z</time></trkpt>
      <trkpt lat="43.74437" lon="-79.332546"><ele>131.2</ele><time>2026-05-31T12:09:53.000Z</time></trkpt>
      <trkpt lat="43.744405" lon="-79.332557"><ele>131.2</ele><time>2026-05-31T12:09:54.000Z</time></trkpt>
      <trkpt lat="43.744439" lon="-79.33257"><ele>131.2</ele><time>2026-05-31T12:09:55.000Z</time></trkpt>
      <trkpt lat="43.744472" lon="-79.332578"><ele>131.2</ele><time>2026-05-31T12:09:56.000Z</time></trkpt>
      <trkpt lat="43.744504" lon="-79.332586"><ele>131.4</ele><time>2026-05-31T12:09:57.000Z</time></trkpt>
      <trkpt lat="43.744536" lon="-79.332587"><ele>131.4</ele><time>2026-05-31T12:09:58.000Z</time></trkpt>
      <trkpt lat="43.744567" lon="-79.332594"><ele>131.4</ele><time>2026-05-31T12:09:59.000Z</time></trkpt>
      <trkpt lat="43.744597" lon="-79.332603"><ele>131.4</ele><time>2026-05-31T12:10:00.000Z</time></trkpt>
      <trkpt lat="43.744624" lon="-79.332612"><ele>131.4</ele><time>2026-05-31T12:10:01.000Z</time></trkpt>
      <trkpt lat="43.74465" lon="-79.332616"><ele>131.4</ele><time>2026-05-31T12:10:02.000Z</time></trkpt>
      <trkpt lat="43.744682" lon="-79.33262"><ele>131.4</ele><time>2026-05-31T12:10:03.000Z</time></trkpt>
      <trkpt lat="43.744719" lon="-79.332626"><ele>131.2</ele><time>2026-05-31T12:10:04.000Z</time></trkpt>
      <trkpt lat="43.744759" lon="-79.332631"><ele>131.2</ele><time>2026-05-31T12:10:05.000Z</time></trkpt>
      <trkpt lat="43.7448" lon="-79.332643"><ele>131.2</ele><time>2026-05-31T12:10:06.000Z</time></trkpt>
      <trkpt lat="43.744837" lon="-79.332654"><ele>131.2</ele><time>2026-05-31T12:10:07.000Z</time></trkpt>
      <trkpt lat="43.744874" lon="-79.33266"><ele>131.2</ele><time>2026-05-31T12:10:08.000Z</time></trkpt>
      <trkpt lat="43.744912" lon="-79.332669"><ele>131.4</ele><time>2026-05-31T12:10:09.000Z</time></trkpt>
      <trkpt lat="43.744951" lon="-79.33268"><ele>131.4</ele><time>2026-05-31T12:10:10.000Z</time></trkpt>
      <trkpt lat="43.744991" lon="-79.33269"><ele>131.4</ele><time>2026-05-31T12:10:11.000Z</time></trkpt>
      <trkpt lat="43.745031" lon="-79.332702"><ele>131.4</ele><time>2026-05-31T12:10:12.000Z</time></trkpt>
      <trkpt lat="43.74507" lon="-79.332714"><ele>131.6</ele><time>2026-05-31T12:10:13.000Z</time></trkpt>
      <trkpt lat="43.745108" lon="-79.332728"><ele>131.6</ele><time>2026-05-31T12:10:14.000Z</time></trkpt>
      <trkpt lat="43.745144" lon="-79.332739"><ele>131.6</ele><time>2026-05-31T12:10:15.000Z</time></trkpt>
      <trkpt lat="43.745179" lon="-79.332746"><ele>131.6</ele><time>2026-05-31T12:10:16.000Z</time></trkpt>
      <trkpt lat="43.745212" lon="-79.332759"><ele>131.6</ele><time>2026-05-31T12:10:17.000Z</time></trkpt>
      <trkpt lat="43.745246" lon="-79.332767"><ele>131.6</ele><time>2026-05-31T12:10:18.000Z</time></trkpt>
      <trkpt lat="43.745282" lon="-79.332771"><ele>131.4</ele><time>2026-05-31T12:10:19.000Z</time></trkpt>
      <trkpt lat="43.745323" lon="-79.33278"><ele>131.4</ele><time>2026-05-31T12:10:20.000Z</time></trkpt>
      <trkpt lat="43.745364" lon="-79.332788"><ele>131.4</ele><time>2026-05-31T12:10:21.000Z</time></trkpt>
      <trkpt lat="43.74541" lon="-79.332794"><ele>131.4</ele><time>2026-05-31T12:10:22.000Z</time></trkpt>
      <trkpt lat="43.745458" lon="-79.332806"><ele>131.4</ele><time>2026-05-31T12:10:23.000Z</time></trkpt>
      <trkpt lat="43.745505" lon="-79.332816"><ele>131.4</ele><time>2026-05-31T12:10:24.000Z</time></trkpt>
      <trkpt lat="43.745551" lon="-79.332827"><ele>131.4</ele><time>2026-05-31T12:10:25.000Z</time></trkpt>
      <trkpt lat="43.7456" lon="-79.33284"><ele>131.4</ele><time>2026-05-31T12:10:26.000Z</time></trkpt>
      <trkpt lat="43.745647" lon="-79.332854"><ele>131.4</ele><time>2026-05-31T12:10:27.000Z</time></trkpt>
      <trkpt lat="43.745696" lon="-79.332865"><ele>131.4</ele><time>2026-05-31T12:10:28.000Z</time></trkpt>
      <trkpt lat="43.745744" lon="-79.332876"><ele>131.4</ele><time>2026-05-31T12:10:29.000Z</time></trkpt>
      <trkpt lat="43.745792" lon="-79.332888"><ele>131.6</ele><time>2026-05-31T12:10:30.000Z</time></trkpt>
      <trkpt lat="43.74584" lon="-79.332899"><ele>131.6</ele><time>2026-05-31T12:10:31.000Z</time></trkpt>
      <trkpt lat="43.745887" lon="-79.33291"><ele>131.6</ele><time>2026-05-31T12:10:32.000Z</time></trkpt>
      <trkpt lat="43.745933" lon="-79.33292"><ele>131.6</ele><time>2026-05-31T12:10:33.000Z</time></trkpt>
      <trkpt lat="43.745981" lon="-79.332929"><ele>131.6</ele><time>2026-05-31T12:10:34.000Z</time></trkpt>
      <trkpt lat="43.74603" lon="-79.33294"><ele>131.6</ele><time>2026-05-31T12:10:35.000Z</time></trkpt>
      <trkpt lat="43.746078" lon="-79.332954"><ele>131.8</ele><time>2026-05-31T12:10:36.000Z</time></trkpt>
      <trkpt lat="43.746126" lon="-79.332969"><ele>131.8</ele><time>2026-05-31T12:10:37.000Z</time></trkpt>
      <trkpt lat="43.746174" lon="-79.33298"><ele>131.8</ele><time>2026-05-31T12:10:38.000Z</time></trkpt>
      <trkpt lat="43.746224" lon="-79.332992"><ele>131.8</ele><time>2026-05-31T12:10:39.000Z</time></trkpt>
      <trkpt lat="43.746273" lon="-79.333002"><ele>131.8</ele><time>2026-05-31T12:10:40.000Z</time></trkpt>
      <trkpt lat="43.746325" lon="-79.333009"><ele>131.8</ele><time>2026-05-31T12:10:41.000Z</time></trkpt>
      <trkpt lat="43.746376" lon="-79.333017"><ele>131.8</ele><time>2026-05-31T12:10:42.000Z</time></trkpt>
      <trkpt lat="43.746427" lon="-79.333027"><ele>131.8</ele><time>2026-05-31T12:10:43.000Z</time></trkpt>
      <trkpt lat="43.746478" lon="-79.333039"><ele>132</ele><time>2026-05-31T12:10:44.000Z</time></trkpt>
      <trkpt lat="43.746531" lon="-79.333053"><ele>132</ele><time>2026-05-31T12:10:45.000Z</time></trkpt>
      <trkpt lat="43.746583" lon="-79.333065"><ele>132</ele><time>2026-05-31T12:10:46.000Z</time></trkpt>
      <trkpt lat="43.746637" lon="-79.333075"><ele>132</ele><time>2026-05-31T12:10:47.000Z</time></trkpt>
      <trkpt lat="43.74669" lon="-79.333087"><ele>132</ele><time>2026-05-31T12:10:48.000Z</time></trkpt>
      <trkpt lat="43.746745" lon="-79.3331"><ele>132</ele><time>2026-05-31T12:10:49.000Z</time></trkpt>
      <trkpt lat="43.7468" lon="-79.333114"><ele>132</ele><time>2026-05-31T12:10:50.000Z</time></trkpt>
      <trkpt lat="43.746853" lon="-79.333129"><ele>132</ele><time>2026-05-31T12:10:51.000Z</time></trkpt>
      <trkpt lat="43.746908" lon="-79.333142"><ele>132</ele><time>2026-05-31T12:10:52.000Z</time></trkpt>
      <trkpt lat="43.746963" lon="-79.333151"><ele>132</ele><time>2026-05-31T12:10:53.000Z</time></trkpt>
      <trkpt lat="43.747013" lon="-79.333159"><ele>132</ele><time>2026-05-31T12:10:54.000Z</time></trkpt>
      <trkpt lat="43.747062" lon="-79.333171"><ele>132</ele><time>2026-05-31T12:10:55.000Z</time></trkpt>
      <trkpt lat="43.747109" lon="-79.33318"><ele>132</ele><time>2026-05-31T12:10:56.000Z</time></trkpt>
      <trkpt lat="43.747156" lon="-79.33319"><ele>132</ele><time>2026-05-31T12:10:57.000Z</time></trkpt>
      <trkpt lat="43.747201" lon="-79.333201"><ele>132.2</ele><time>2026-05-31T12:10:58.000Z</time></trkpt>
      <trkpt lat="43.747248" lon="-79.333213"><ele>132.2</ele><time>2026-05-31T12:10:59.000Z</time></trkpt>
      <trkpt lat="43.747295" lon="-79.333223"><ele>132.2</ele><time>2026-05-31T12:11:00.000Z</time></trkpt>
      <trkpt lat="43.747345" lon="-79.333227"><ele>132.2</ele><time>2026-05-31T12:11:01.000Z</time></trkpt>
      <trkpt lat="43.747396" lon="-79.333229"><ele>132.2</ele><time>2026-05-31T12:11:02.000Z</time></trkpt>
      <trkpt lat="43.747446" lon="-79.333232"><ele>132.2</ele><time>2026-05-31T12:11:03.000Z</time></trkpt>
      <trkpt lat="43.747497" lon="-79.333234"><ele>132.2</ele><time>2026-05-31T12:11:04.000Z</time></trkpt>
      <trkpt lat="43.74755" lon="-79.333238"><ele>132.4</ele><time>2026-05-31T12:11:05.000Z</time></trkpt>
      <trkpt lat="43.747603" lon="-79.333241"><ele>132.4</ele><time>2026-05-31T12:11:06.000Z</time></trkpt>
      <trkpt lat="43.747652" lon="-79.333251"><ele>132.6</ele><time>2026-05-31T12:11:07.000Z</time></trkpt>
      <trkpt lat="43.747697" lon="-79.33326"><ele>132.6</ele><time>2026-05-31T12:11:08.000Z</time></trkpt>
      <trkpt lat="43.747743" lon="-79.333273"><ele>132.6</ele><time>2026-05-31T12:11:09.000Z</time></trkpt>
      <trkpt lat="43.747788" lon="-79.333282"><ele>132.6</ele><time>2026-05-31T12:11:10.000Z</time></trkpt>
      <trkpt lat="43.747834" lon="-79.333291"><ele>132.6</ele><time>2026-05-31T12:11:11.000Z</time></trkpt>
      <trkpt lat="43.74788" lon="-79.333304"><ele>132.6</ele><time>2026-05-31T12:11:12.000Z</time></trkpt>
      <trkpt lat="43.747932" lon="-79.333317"><ele>132.4</ele><time>2026-05-31T12:11:13.000Z</time></trkpt>
      <trkpt lat="43.747984" lon="-79.333328"><ele>132.4</ele><time>2026-05-31T12:11:14.000Z</time></trkpt>
      <trkpt lat="43.74804" lon="-79.333337"><ele>132.4</ele><time>2026-05-31T12:11:15.000Z</time></trkpt>
      <trkpt lat="43.7481" lon="-79.333343"><ele>132.4</ele><time>2026-05-31T12:11:16.000Z</time></trkpt>
      <trkpt lat="43.74816" lon="-79.333352"><ele>132.6</ele><time>2026-05-31T12:11:17.000Z</time></trkpt>
      <trkpt lat="43.748219" lon="-79.333358"><ele>132.6</ele><time>2026-05-31T12:11:18.000Z</time></trkpt>
      <trkpt lat="43.748277" lon="-79.333362"><ele>132.6</ele><time>2026-05-31T12:11:19.000Z</time></trkpt>
      <trkpt lat="43.748339" lon="-79.333368"><ele>132.6</ele><time>2026-05-31T12:11:20.000Z</time></trkpt>
      <trkpt lat="43.748401" lon="-79.333373"><ele>132.8</ele><time>2026-05-31T12:11:21.000Z</time></trkpt>
      <trkpt lat="43.748462" lon="-79.333377"><ele>132.8</ele><time>2026-05-31T12:11:22.000Z</time></trkpt>
      <trkpt lat="43.748521" lon="-79.333384"><ele>132.8</ele><time>2026-05-31T12:11:23.000Z</time></trkpt>
      <trkpt lat="43.748582" lon="-79.333393"><ele>132.8</ele><time>2026-05-31T12:11:24.000Z</time></trkpt>
      <trkpt lat="43.748642" lon="-79.333397"><ele>132.6</ele><time>2026-05-31T12:11:25.000Z</time></trkpt>
      <trkpt lat="43.748703" lon="-79.333397"><ele>132.6</ele><time>2026-05-31T12:11:26.000Z</time></trkpt>
      <trkpt lat="43.748768" lon="-79.333395"><ele>132.6</ele><time>2026-05-31T12:11:27.000Z</time></trkpt>
      <trkpt lat="43.748834" lon="-79.333405"><ele>132.4</ele><time>2026-05-31T12:11:28.000Z</time></trkpt>
      <trkpt lat="43.748898" lon="-79.333414"><ele>132.4</ele><time>2026-05-31T12:11:29.000Z</time></trkpt>
      <trkpt lat="43.748966" lon="-79.333419"><ele>132.2</ele><time>2026-05-31T12:11:30.000Z</time></trkpt>
      <trkpt lat="43.749032" lon="-79.333421"><ele>132.2</ele><time>2026-05-31T12:11:31.000Z</time></trkpt>
      <trkpt lat="43.749096" lon="-79.333427"><ele>132</ele><time>2026-05-31T12:11:32.000Z</time></trkpt>
      <trkpt lat="43.749159" lon="-79.333428"><ele>132</ele><time>2026-05-31T12:11:33.000Z</time></trkpt>
      <trkpt lat="43.749225" lon="-79.33343"><ele>132</ele><time>2026-05-31T12:11:34.000Z</time></trkpt>
      <trkpt lat="43.749292" lon="-79.333432"><ele>132</ele><time>2026-05-31T12:11:35.000Z</time></trkpt>
      <trkpt lat="43.749358" lon="-79.333432"><ele>132</ele><time>2026-05-31T12:11:36.000Z</time></trkpt>
      <trkpt lat="43.749424" lon="-79.333432"><ele>132.2</ele><time>2026-05-31T12:11:37.000Z</time></trkpt>
      <trkpt lat="43.749492" lon="-79.333436"><ele>132.4</ele><time>2026-05-31T12:11:38.000Z</time></trkpt>
      <trkpt lat="43.749557" lon="-79.333442"><ele>132.4</ele><time>2026-05-31T12:11:39.000Z</time></trkpt>
      <trkpt lat="43.749622" lon="-79.33345"><ele>132.4</ele><time>2026-05-31T12:11:40.000Z</time></trkpt>
      <trkpt lat="43.749686" lon="-79.333455"><ele>132.4</ele><time>2026-05-31T12:11:41.000Z</time></trkpt>
      <trkpt lat="43.749749" lon="-79.333461"><ele>132.4</ele><time>2026-05-31T12:11:42.000Z</time></trkpt>
      <trkpt lat="43.749812" lon="-79.333466"><ele>132.4</ele><time>2026-05-31T12:11:43.000Z</time></trkpt>
      <trkpt lat="43.749876" lon="-79.333471"><ele>132.6</ele><time>2026-05-31T12:11:44.000Z</time></trkpt>
      <trkpt lat="43.749941" lon="-79.33348"><ele>132.6</ele><time>2026-05-31T12:11:45.000Z</time></trkpt>
      <trkpt lat="43.750004" lon="-79.333484"><ele>132.8</ele><time>2026-05-31T12:11:46.000Z</time></trkpt>
      <trkpt lat="43.750069" lon="-79.333487"><ele>133</ele><time>2026-05-31T12:11:47.000Z</time></trkpt>
      <trkpt lat="43.750129" lon="-79.333486"><ele>133.2</ele><time>2026-05-31T12:11:48.000Z</time></trkpt>
      <trkpt lat="43.75019" lon="-79.33349"><ele>133.6</ele><time>2026-05-31T12:11:49.000Z</time></trkpt>
      <trkpt lat="43.750251" lon="-79.333497"><ele>133.8</ele><time>2026-05-31T12:11:50.000Z</time></trkpt>
      <trkpt lat="43.750309" lon="-79.333507"><ele>134</ele><time>2026-05-31T12:11:51.000Z</time></trkpt>
      <trkpt lat="43.750361" lon="-79.333517"><ele>134.2</ele><time>2026-05-31T12:11:52.000Z</time></trkpt>
      <trkpt lat="43.750417" lon="-79.333523"><ele>134.4</ele><time>2026-05-31T12:11:53.000Z</time></trkpt>
      <trkpt lat="43.750473" lon="-79.333529"><ele>134.6</ele><time>2026-05-31T12:11:54.000Z</time></trkpt>
      <trkpt lat="43.75053" lon="-79.333534"><ele>134.8</ele><time>2026-05-31T12:11:55.000Z</time></trkpt>
      <trkpt lat="43.750586" lon="-79.333537"><ele>135</ele><time>2026-05-31T12:11:56.000Z</time></trkpt>
      <trkpt lat="43.750641" lon="-79.333542"><ele>135.2</ele><time>2026-05-31T12:11:57.000Z</time></trkpt>
      <trkpt lat="43.750692" lon="-79.333547"><ele>135.6</ele><time>2026-05-31T12:11:58.000Z</time></trkpt>
      <trkpt lat="43.750746" lon="-79.333553"><ele>135.8</ele><time>2026-05-31T12:11:59.000Z</time></trkpt>
      <trkpt lat="43.7508" lon="-79.333557"><ele>136</ele><time>2026-05-31T12:12:00.000Z</time></trkpt>
      <trkpt lat="43.750852" lon="-79.33356"><ele>136.2</ele><time>2026-05-31T12:12:01.000Z</time></trkpt>
      <trkpt lat="43.750904" lon="-79.333563"><ele>136.6</ele><time>2026-05-31T12:12:02.000Z</time></trkpt>
      <trkpt lat="43.750956" lon="-79.333573"><ele>136.8</ele><time>2026-05-31T12:12:03.000Z</time></trkpt>
      <trkpt lat="43.751005" lon="-79.333585"><ele>137</ele><time>2026-05-31T12:12:04.000Z</time></trkpt>
      <trkpt lat="43.751057" lon="-79.333595"><ele>137.4</ele><time>2026-05-31T12:12:05.000Z</time></trkpt>
      <trkpt lat="43.751106" lon="-79.333603"><ele>137.6</ele><time>2026-05-31T12:12:06.000Z</time></trkpt>
      <trkpt lat="43.751153" lon="-79.33361"><ele>138</ele><time>2026-05-31T12:12:07.000Z</time></trkpt>
      <trkpt lat="43.7512" lon="-79.333618"><ele>138.2</ele><time>2026-05-31T12:12:08.000Z</time></trkpt>
      <trkpt lat="43.751244" lon="-79.333624"><ele>138.4</ele><time>2026-05-31T12:12:09.000Z</time></trkpt>
      <trkpt lat="43.75129" lon="-79.33363"><ele>138.8</ele><time>2026-05-31T12:12:10.000Z</time></trkpt>
      <trkpt lat="43.751334" lon="-79.333634"><ele>139</ele><time>2026-05-31T12:12:11.000Z</time></trkpt>
      <trkpt lat="43.751376" lon="-79.333644"><ele>139.2</ele><time>2026-05-31T12:12:12.000Z</time></trkpt>
      <trkpt lat="43.751415" lon="-79.333648"><ele>139.6</ele><time>2026-05-31T12:12:13.000Z</time></trkpt>
      <trkpt lat="43.751455" lon="-79.333651"><ele>139.8</ele><time>2026-05-31T12:12:14.000Z</time></trkpt>
      <trkpt lat="43.751493" lon="-79.333656"><ele>139.8</ele><time>2026-05-31T12:12:15.000Z</time></trkpt>
      <trkpt lat="43.751528" lon="-79.333662"><ele>140</ele><time>2026-05-31T12:12:16.000Z</time></trkpt>
      <trkpt lat="43.751561" lon="-79.333669"><ele>140.2</ele><time>2026-05-31T12:12:17.000Z</time></trkpt>
      <trkpt lat="43.751594" lon="-79.333678"><ele>140.2</ele><time>2026-05-31T12:12:18.000Z</time></trkpt>
      <trkpt lat="43.751627" lon="-79.333679"><ele>140.2</ele><time>2026-05-31T12:12:19.000Z</time></trkpt>
      <trkpt lat="43.751663" lon="-79.333675"><ele>140.4</ele><time>2026-05-31T12:12:20.000Z</time></trkpt>
      <trkpt lat="43.751698" lon="-79.333675"><ele>140.6</ele><time>2026-05-31T12:12:21.000Z</time></trkpt>
      <trkpt lat="43.751732" lon="-79.333676"><ele>140.6</ele><time>2026-05-31T12:12:22.000Z</time></trkpt>
      <trkpt lat="43.751765" lon="-79.333679"><ele>140.8</ele><time>2026-05-31T12:12:23.000Z</time></trkpt>
      <trkpt lat="43.751797" lon="-79.333684"><ele>141</ele><time>2026-05-31T12:12:24.000Z</time></trkpt>
      <trkpt lat="43.75183" lon="-79.333689"><ele>141</ele><time>2026-05-31T12:12:25.000Z</time></trkpt>
      <trkpt lat="43.75186" lon="-79.333699"><ele>141.2</ele><time>2026-05-31T12:12:26.000Z</time></trkpt>
      <trkpt lat="43.751891" lon="-79.333712"><ele>141.2</ele><time>2026-05-31T12:12:27.000Z</time></trkpt>
      <trkpt lat="43.751919" lon="-79.333716"><ele>141.4</ele><time>2026-05-31T12:12:28.000Z</time></trkpt>
      <trkpt lat="43.751948" lon="-79.333721"><ele>141.4</ele><time>2026-05-31T12:12:29.000Z</time></trkpt>
      <trkpt lat="43.751976" lon="-79.333727"><ele>141.6</ele><time>2026-05-31T12:12:30.000Z</time></trkpt>
      <trkpt lat="43.752004" lon="-79.33373"><ele>141.8</ele><time>2026-05-31T12:12:31.000Z</time></trkpt>
      <trkpt lat="43.752035" lon="-79.333737"><ele>141.8</ele><time>2026-05-31T12:12:32.000Z</time></trkpt>
      <trkpt lat="43.752065" lon="-79.333743"><ele>142</ele><time>2026-05-31T12:12:33.000Z</time></trkpt>
      <trkpt lat="43.752097" lon="-79.33375"><ele>142</ele><time>2026-05-31T12:12:34.000Z</time></trkpt>
      <trkpt lat="43.752128" lon="-79.333756"><ele>142.2</ele><time>2026-05-31T12:12:35.000Z</time></trkpt>
      <trkpt lat="43.752157" lon="-79.333761"><ele>142.2</ele><time>2026-05-31T12:12:36.000Z</time></trkpt>
      <trkpt lat="43.752186" lon="-79.333764"><ele>142.4</ele><time>2026-05-31T12:12:37.000Z</time></trkpt>
      <trkpt lat="43.752214" lon="-79.333767"><ele>142.4</ele><time>2026-05-31T12:12:38.000Z</time></trkpt>
      <trkpt lat="43.752242" lon="-79.333774"><ele>142.6</ele><time>2026-05-31T12:12:39.000Z</time></trkpt>
      <trkpt lat="43.75227" lon="-79.333781"><ele>142.6</ele><time>2026-05-31T12:12:40.000Z</time></trkpt>
      <trkpt lat="43.752297" lon="-79.333791"><ele>142.8</ele><time>2026-05-31T12:12:41.000Z</time></trkpt>
      <trkpt lat="43.752323" lon="-79.333795"><ele>143</ele><time>2026-05-31T12:12:42.000Z</time></trkpt>
      <trkpt lat="43.752349" lon="-79.333802"><ele>143.2</ele><time>2026-05-31T12:12:43.000Z</time></trkpt>
      <trkpt lat="43.752378" lon="-79.333808"><ele>143.2</ele><time>2026-05-31T12:12:44.000Z</time></trkpt>
      <trkpt lat="43.752409" lon="-79.333811"><ele>143.4</ele><time>2026-05-31T12:12:45.000Z</time></trkpt>
      <trkpt lat="43.752438" lon="-79.333813"><ele>143.6</ele><time>2026-05-31T12:12:46.000Z</time></trkpt>
      <trkpt lat="43.752467" lon="-79.333819"><ele>143.8</ele><time>2026-05-31T12:12:47.000Z</time></trkpt>
      <trkpt lat="43.752495" lon="-79.333823"><ele>143.8</ele><time>2026-05-31T12:12:48.000Z</time></trkpt>
      <trkpt lat="43.752521" lon="-79.33383"><ele>144</ele><time>2026-05-31T12:12:49.000Z</time></trkpt>
      <trkpt lat="43.752547" lon="-79.333837"><ele>144.2</ele><time>2026-05-31T12:12:50.000Z</time></trkpt>
      <trkpt lat="43.752574" lon="-79.333845"><ele>144.2</ele><time>2026-05-31T12:12:51.000Z</time></trkpt>
      <trkpt lat="43.752601" lon="-79.333855"><ele>144.4</ele><time>2026-05-31T12:12:52.000Z</time></trkpt>
      <trkpt lat="43.752629" lon="-79.333865"><ele>144.4</ele><time>2026-05-31T12:12:53.000Z</time></trkpt>
      <trkpt lat="43.752656" lon="-79.333869"><ele>144.6</ele><time>2026-05-31T12:12:54.000Z</time></trkpt>
      <trkpt lat="43.752685" lon="-79.333874"><ele>144.6</ele><time>2026-05-31T12:12:55.000Z</time></trkpt>
      <trkpt lat="43.752714" lon="-79.333878"><ele>144.6</ele><time>2026-05-31T12:12:56.000Z</time></trkpt>
      <trkpt lat="43.75274" lon="-79.333884"><ele>144.8</ele><time>2026-05-31T12:12:57.000Z</time></trkpt>
      <trkpt lat="43.752768" lon="-79.333893"><ele>144.8</ele><time>2026-05-31T12:12:58.000Z</time></trkpt>
      <trkpt lat="43.752797" lon="-79.333903"><ele>144.8</ele><time>2026-05-31T12:12:59.000Z</time></trkpt>
      <trkpt lat="43.752825" lon="-79.333906"><ele>144.8</ele><time>2026-05-31T12:13:00.000Z</time></trkpt>
      <trkpt lat="43.752852" lon="-79.333907"><ele>145</ele><time>2026-05-31T12:13:01.000Z</time></trkpt>
      <trkpt lat="43.752879" lon="-79.333909"><ele>145</ele><time>2026-05-31T12:13:02.000Z</time></trkpt>
      <trkpt lat="43.752908" lon="-79.333915"><ele>145.2</ele><time>2026-05-31T12:13:03.000Z</time></trkpt>
      <trkpt lat="43.752939" lon="-79.33392"><ele>145.2</ele><time>2026-05-31T12:13:04.000Z</time></trkpt>
      <trkpt lat="43.752968" lon="-79.33393"><ele>145.2</ele><time>2026-05-31T12:13:05.000Z</time></trkpt>
      <trkpt lat="43.752995" lon="-79.333935"><ele>145.4</ele><time>2026-05-31T12:13:06.000Z</time></trkpt>
      <trkpt lat="43.753022" lon="-79.333943"><ele>145.4</ele><time>2026-05-31T12:13:07.000Z</time></trkpt>
      <trkpt lat="43.75305" lon="-79.33395"><ele>145.6</ele><time>2026-05-31T12:13:08.000Z</time></trkpt>
      <trkpt lat="43.753079" lon="-79.33395"><ele>145.6</ele><time>2026-05-31T12:13:09.000Z</time></trkpt>
      <trkpt lat="43.753109" lon="-79.333955"><ele>145.8</ele><time>2026-05-31T12:13:10.000Z</time></trkpt>
      <trkpt lat="43.753139" lon="-79.333962"><ele>145.8</ele><time>2026-05-31T12:13:11.000Z</time></trkpt>
      <trkpt lat="43.753167" lon="-79.333967"><ele>146</ele><time>2026-05-31T12:13:12.000Z</time></trkpt>
      <trkpt lat="43.753195" lon="-79.333973"><ele>146</ele><time>2026-05-31T12:13:13.000Z</time></trkpt>
      <trkpt lat="43.753224" lon="-79.333978"><ele>146.2</ele><time>2026-05-31T12:13:14.000Z</time></trkpt>
      <trkpt lat="43.753253" lon="-79.333987"><ele>146.4</ele><time>2026-05-31T12:13:15.000Z</time></trkpt>
      <trkpt lat="43.753281" lon="-79.333996"><ele>146.6</ele><time>2026-05-31T12:13:16.000Z</time></trkpt>
      <trkpt lat="43.753308" lon="-79.334003"><ele>146.8</ele><time>2026-05-31T12:13:17.000Z</time></trkpt>
      <trkpt lat="43.753336" lon="-79.334011"><ele>147</ele><time>2026-05-31T12:13:18.000Z</time></trkpt>
      <trkpt lat="43.753363" lon="-79.334017"><ele>147.2</ele><time>2026-05-31T12:13:19.000Z</time></trkpt>
      <trkpt lat="43.75339" lon="-79.334027"><ele>147.2</ele><time>2026-05-31T12:13:20.000Z</time></trkpt>
      <trkpt lat="43.753416" lon="-79.334035"><ele>147.2</ele><time>2026-05-31T12:13:21.000Z</time></trkpt>
      <trkpt lat="43.753444" lon="-79.334039"><ele>147.4</ele><time>2026-05-31T12:13:22.000Z</time></trkpt>
      <trkpt lat="43.753472" lon="-79.334042"><ele>147.4</ele><time>2026-05-31T12:13:23.000Z</time></trkpt>
      <trkpt lat="43.753501" lon="-79.334048"><ele>147.6</ele><time>2026-05-31T12:13:24.000Z</time></trkpt>
      <trkpt lat="43.753529" lon="-79.334055"><ele>147.8</ele><time>2026-05-31T12:13:25.000Z</time></trkpt>
      <trkpt lat="43.753556" lon="-79.334062"><ele>148</ele><time>2026-05-31T12:13:26.000Z</time></trkpt>
      <trkpt lat="43.753582" lon="-79.334068"><ele>148</ele><time>2026-05-31T12:13:27.000Z</time></trkpt>
      <trkpt lat="43.75361" lon="-79.334076"><ele>148.2</ele><time>2026-05-31T12:13:28.000Z</time></trkpt>
      <trkpt lat="43.753637" lon="-79.334081"><ele>148.4</ele><time>2026-05-31T12:13:29.000Z</time></trkpt>
      <trkpt lat="43.753664" lon="-79.334086"><ele>148.4</ele><time>2026-05-31T12:13:30.000Z</time></trkpt>
      <trkpt lat="43.753693" lon="-79.334092"><ele>148.6</ele><time>2026-05-31T12:13:31.000Z</time></trkpt>
      <trkpt lat="43.75372" lon="-79.3341"><ele>148.6</ele><time>2026-05-31T12:13:32.000Z</time></trkpt>
      <trkpt lat="43.753747" lon="-79.334105"><ele>148.8</ele><time>2026-05-31T12:13:33.000Z</time></trkpt>
      <trkpt lat="43.753775" lon="-79.33411"><ele>148.8</ele><time>2026-05-31T12:13:34.000Z</time></trkpt>
      <trkpt lat="43.753803" lon="-79.334119"><ele>149</ele><time>2026-05-31T12:13:35.000Z</time></trkpt>
      <trkpt lat="43.75383" lon="-79.334124"><ele>149</ele><time>2026-05-31T12:13:36.000Z</time></trkpt>
      <trkpt lat="43.753856" lon="-79.334129"><ele>149.2</ele><time>2026-05-31T12:13:37.000Z</time></trkpt>
      <trkpt lat="43.753882" lon="-79.334136"><ele>149.4</ele><time>2026-05-31T12:13:38.000Z</time></trkpt>
      <trkpt lat="43.753908" lon="-79.334145"><ele>149.6</ele><time>2026-05-31T12:13:39.000Z</time></trkpt>
      <trkpt lat="43.753935" lon="-79.334154"><ele>149.8</ele><time>2026-05-31T12:13:40.000Z</time></trkpt>
      <trkpt lat="43.753963" lon="-79.334165"><ele>150</ele><time>2026-05-31T12:13:41.000Z</time></trkpt>
      <trkpt lat="43.753992" lon="-79.334172"><ele>150</ele><time>2026-05-31T12:13:42.000Z</time></trkpt>
      <trkpt lat="43.754018" lon="-79.334178"><ele>150</ele><time>2026-05-31T12:13:43.000Z</time></trkpt>
      <trkpt lat="43.754045" lon="-79.334185"><ele>150</ele><time>2026-05-31T12:13:44.000Z</time></trkpt>
      <trkpt lat="43.754072" lon="-79.334194"><ele>150</ele><time>2026-05-31T12:13:45.000Z</time></trkpt>
      <trkpt lat="43.754099" lon="-79.334202"><ele>150</ele><time>2026-05-31T12:13:46.000Z</time></trkpt>
      <trkpt lat="43.754127" lon="-79.334213"><ele>150</ele><time>2026-05-31T12:13:47.000Z</time></trkpt>
      <trkpt lat="43.754158" lon="-79.334218"><ele>150.2</ele><time>2026-05-31T12:13:48.000Z</time></trkpt>
      <trkpt lat="43.754185" lon="-79.334227"><ele>150.4</ele><time>2026-05-31T12:13:49.000Z</time></trkpt>
      <trkpt lat="43.754213" lon="-79.334233"><ele>150.6</ele><time>2026-05-31T12:13:50.000Z</time></trkpt>
      <trkpt lat="43.754241" lon="-79.334245"><ele>150.8</ele><time>2026-05-31T12:13:51.000Z</time></trkpt>
      <trkpt lat="43.754269" lon="-79.334254"><ele>151</ele><time>2026-05-31T12:13:52.000Z</time></trkpt>
      <trkpt lat="43.754297" lon="-79.334261"><ele>151.2</ele><time>2026-05-31T12:13:53.000Z</time></trkpt>
      <trkpt lat="43.754324" lon="-79.334266"><ele>151.4</ele><time>2026-05-31T12:13:54.000Z</time></trkpt>
      <trkpt lat="43.754349" lon="-79.334277"><ele>151.4</ele><time>2026-05-31T12:13:55.000Z</time></trkpt>
      <trkpt lat="43.754375" lon="-79.334287"><ele>151.6</ele><time>2026-05-31T12:13:56.000Z</time></trkpt>
      <trkpt lat="43.754401" lon="-79.334294"><ele>151.6</ele><time>2026-05-31T12:13:57.000Z</time></trkpt>
      <trkpt lat="43.754429" lon="-79.334301"><ele>151.8</ele><time>2026-05-31T12:13:58.000Z</time></trkpt>
      <trkpt lat="43.754456" lon="-79.334312"><ele>151.8</ele><time>2026-05-31T12:13:59.000Z</time></trkpt>
      <trkpt lat="43.754482" lon="-79.334323"><ele>152</ele><time>2026-05-31T12:14:00.000Z</time></trkpt>
      <trkpt lat="43.754508" lon="-79.334334"><ele>152.2</ele><time>2026-05-31T12:14:01.000Z</time></trkpt>
      <trkpt lat="43.754534" lon="-79.334343"><ele>152.2</ele><time>2026-05-31T12:14:02.000Z</time></trkpt>
      <trkpt lat="43.754561" lon="-79.334351"><ele>152.4</ele><time>2026-05-31T12:14:03.000Z</time></trkpt>
      <trkpt lat="43.754587" lon="-79.33436"><ele>152.6</ele><time>2026-05-31T12:14:04.000Z</time></trkpt>
      <trkpt lat="43.754614" lon="-79.334369"><ele>152.6</ele><time>2026-05-31T12:14:05.000Z</time></trkpt>
      <trkpt lat="43.754639" lon="-79.334378"><ele>152.8</ele><time>2026-05-31T12:14:06.000Z</time></trkpt>
      <trkpt lat="43.754664" lon="-79.334387"><ele>153</ele><time>2026-05-31T12:14:07.000Z</time></trkpt>
      <trkpt lat="43.754693" lon="-79.334395"><ele>153.2</ele><time>2026-05-31T12:14:08.000Z</time></trkpt>
      <trkpt lat="43.754718" lon="-79.334398"><ele>153.2</ele><time>2026-05-31T12:14:09.000Z</time></trkpt>
      <trkpt lat="43.754745" lon="-79.334406"><ele>153.4</ele><time>2026-05-31T12:14:10.000Z</time></trkpt>
      <trkpt lat="43.754774" lon="-79.334418"><ele>153.4</ele><time>2026-05-31T12:14:11.000Z</time></trkpt>
      <trkpt lat="43.754802" lon="-79.334431"><ele>153.6</ele><time>2026-05-31T12:14:12.000Z</time></trkpt>
      <trkpt lat="43.75483" lon="-79.334441"><ele>153.6</ele><time>2026-05-31T12:14:13.000Z</time></trkpt>
      <trkpt lat="43.754859" lon="-79.334448"><ele>153.6</ele><time>2026-05-31T12:14:14.000Z</time></trkpt>
      <trkpt lat="43.754886" lon="-79.33446"><ele>153.6</ele><time>2026-05-31T12:14:15.000Z</time></trkpt>
      <trkpt lat="43.754913" lon="-79.334469"><ele>153.8</ele><time>2026-05-31T12:14:16.000Z</time></trkpt>
      <trkpt lat="43.75494" lon="-79.334478"><ele>153.6</ele><time>2026-05-31T12:14:17.000Z</time></trkpt>
      <trkpt lat="43.754965" lon="-79.334485"><ele>153.8</ele><time>2026-05-31T12:14:18.000Z</time></trkpt>
      <trkpt lat="43.754993" lon="-79.334491"><ele>153.8</ele><time>2026-05-31T12:14:19.000Z</time></trkpt>
      <trkpt lat="43.75502" lon="-79.334499"><ele>153.8</ele><time>2026-05-31T12:14:20.000Z</time></trkpt>
      <trkpt lat="43.755047" lon="-79.334506"><ele>154</ele><time>2026-05-31T12:14:21.000Z</time></trkpt>
      <trkpt lat="43.755077" lon="-79.334515"><ele>154</ele><time>2026-05-31T12:14:22.000Z</time></trkpt>
      <trkpt lat="43.755105" lon="-79.334523"><ele>154.2</ele><time>2026-05-31T12:14:23.000Z</time></trkpt>
      <trkpt lat="43.755132" lon="-79.334529"><ele>154.2</ele><time>2026-05-31T12:14:24.000Z</time></trkpt>
      <trkpt lat="43.755158" lon="-79.334539"><ele>154.4</ele><time>2026-05-31T12:14:25.000Z</time></trkpt>
      <trkpt lat="43.755188" lon="-79.334546"><ele>154.4</ele><time>2026-05-31T12:14:26.000Z</time></trkpt>
      <trkpt lat="43.755216" lon="-79.334556"><ele>154.6</ele><time>2026-05-31T12:14:27.000Z</time></trkpt>
      <trkpt lat="43.755244" lon="-79.334561"><ele>154.8</ele><time>2026-05-31T12:14:28.000Z</time></trkpt>
      <trkpt lat="43.755269" lon="-79.334569"><ele>155</ele><time>2026-05-31T12:14:29.000Z</time></trkpt>
      <trkpt lat="43.755297" lon="-79.334575"><ele>155.2</ele><time>2026-05-31T12:14:30.000Z</time></trkpt>
      <trkpt lat="43.755326" lon="-79.334585"><ele>155.4</ele><time>2026-05-31T12:14:31.000Z</time></trkpt>
      <trkpt lat="43.755355" lon="-79.334595"><ele>155.6</ele><time>2026-05-31T12:14:32.000Z</time></trkpt>
      <trkpt lat="43.755382" lon="-79.334599"><ele>155.6</ele><time>2026-05-31T12:14:33.000Z</time></trkpt>
      <trkpt lat="43.755408" lon="-79.334604"><ele>155.6</ele><time>2026-05-31T12:14:34.000Z</time></trkpt>
      <trkpt lat="43.755435" lon="-79.334611"><ele>155.8</ele><time>2026-05-31T12:14:35.000Z</time></trkpt>
      <trkpt lat="43.755464" lon="-79.334618"><ele>155.8</ele><time>2026-05-31T12:14:36.000Z</time></trkpt>
      <trkpt lat="43.755494" lon="-79.334625"><ele>155.8</ele><time>2026-05-31T12:14:37.000Z</time></trkpt>
      <trkpt lat="43.755522" lon="-79.334632"><ele>155.8</ele><time>2026-05-31T12:14:38.000Z</time></trkpt>
      <trkpt lat="43.755548" lon="-79.334635"><ele>156</ele><time>2026-05-31T12:14:39.000Z</time></trkpt>
      <trkpt lat="43.755576" lon="-79.334642"><ele>156</ele><time>2026-05-31T12:14:40.000Z</time></trkpt>
      <trkpt lat="43.755605" lon="-79.334647"><ele>156.2</ele><time>2026-05-31T12:14:41.000Z</time></trkpt>
      <trkpt lat="43.755633" lon="-79.334651"><ele>156.2</ele><time>2026-05-31T12:14:42.000Z</time></trkpt>
      <trkpt lat="43.755659" lon="-79.334658"><ele>156.4</ele><time>2026-05-31T12:14:43.000Z</time></trkpt>
      <trkpt lat="43.755686" lon="-79.334668"><ele>156.4</ele><time>2026-05-31T12:14:44.000Z</time></trkpt>
      <trkpt lat="43.755715" lon="-79.334673"><ele>156.6</ele><time>2026-05-31T12:14:45.000Z</time></trkpt>
      <trkpt lat="43.755742" lon="-79.33468"><ele>156.6</ele><time>2026-05-31T12:14:46.000Z</time></trkpt>
      <trkpt lat="43.755771" lon="-79.334689"><ele>156.6</ele><time>2026-05-31T12:14:47.000Z</time></trkpt>
      <trkpt lat="43.755799" lon="-79.334694"><ele>156.8</ele><time>2026-05-31T12:14:48.000Z</time></trkpt>
      <trkpt lat="43.755826" lon="-79.334704"><ele>156.8</ele><time>2026-05-31T12:14:49.000Z</time></trkpt>
      <trkpt lat="43.755854" lon="-79.334712"><ele>157</ele><time>2026-05-31T12:14:50.000Z</time></trkpt>
      <trkpt lat="43.755882" lon="-79.334724"><ele>157</ele><time>2026-05-31T12:14:51.000Z</time></trkpt>
      <trkpt lat="43.75591" lon="-79.33473"><ele>157</ele><time>2026-05-31T12:14:52.000Z</time></trkpt>
      <trkpt lat="43.755937" lon="-79.334741"><ele>157.2</ele><time>2026-05-31T12:14:53.000Z</time></trkpt>
      <trkpt lat="43.755964" lon="-79.334747"><ele>157.2</ele><time>2026-05-31T12:14:54.000Z</time></trkpt>
      <trkpt lat="43.75599" lon="-79.334753"><ele>157.4</ele><time>2026-05-31T12:14:55.000Z</time></trkpt>
      <trkpt lat="43.756019" lon="-79.33476"><ele>157.4</ele><time>2026-05-31T12:14:56.000Z</time></trkpt>
      <trkpt lat="43.756047" lon="-79.334768"><ele>157.6</ele><time>2026-05-31T12:14:57.000Z</time></trkpt>
      <trkpt lat="43.756075" lon="-79.334775"><ele>157.8</ele><time>2026-05-31T12:14:58.000Z</time></trkpt>
      <trkpt lat="43.756101" lon="-79.334783"><ele>158</ele><time>2026-05-31T12:14:59.000Z</time></trkpt>
      <trkpt lat="43.756131" lon="-79.334793"><ele>158</ele><time>2026-05-31T12:15:00.000Z</time></trkpt>
      <trkpt lat="43.75616" lon="-79.3348"><ele>158.2</ele><time>2026-05-31T12:15:01.000Z</time></trkpt>
      <trkpt lat="43.756189" lon="-79.334806"><ele>158.4</ele><time>2026-05-31T12:15:02.000Z</time></trkpt>
      <trkpt lat="43.756218" lon="-79.334813"><ele>158.6</ele><time>2026-05-31T12:15:03.000Z</time></trkpt>
      <trkpt lat="43.756247" lon="-79.334822"><ele>158.6</ele><time>2026-05-31T12:15:04.000Z</time></trkpt>
      <trkpt lat="43.756276" lon="-79.334825"><ele>158.8</ele><time>2026-05-31T12:15:05.000Z</time></trkpt>
      <trkpt lat="43.756304" lon="-79.334832"><ele>159</ele><time>2026-05-31T12:15:06.000Z</time></trkpt>
      <trkpt lat="43.756335" lon="-79.33484"><ele>159</ele><time>2026-05-31T12:15:07.000Z</time></trkpt>
      <trkpt lat="43.756365" lon="-79.334846"><ele>159</ele><time>2026-05-31T12:15:08.000Z</time></trkpt>
      <trkpt lat="43.756395" lon="-79.334855"><ele>159.2</ele><time>2026-05-31T12:15:09.000Z</time></trkpt>
      <trkpt lat="43.756424" lon="-79.334862"><ele>159.2</ele><time>2026-05-31T12:15:10.000Z</time></trkpt>
      <trkpt lat="43.756453" lon="-79.334867"><ele>159.4</ele><time>2026-05-31T12:15:11.000Z</time></trkpt>
      <trkpt lat="43.75648" lon="-79.334867"><ele>159.4</ele><time>2026-05-31T12:15:12.000Z</time></trkpt>
      <trkpt lat="43.756508" lon="-79.334861"><ele>159.6</ele><time>2026-05-31T12:15:13.000Z</time></trkpt>
      <trkpt lat="43.756539" lon="-79.334861"><ele>159.6</ele><time>2026-05-31T12:15:14.000Z</time></trkpt>
      <trkpt lat="43.756573" lon="-79.33486"><ele>159.8</ele><time>2026-05-31T12:15:15.000Z</time></trkpt>
      <trkpt lat="43.756605" lon="-79.334854"><ele>159.8</ele><time>2026-05-31T12:15:16.000Z</time></trkpt>
      <trkpt lat="43.756638" lon="-79.334847"><ele>160</ele><time>2026-05-31T12:15:17.000Z</time></trkpt>
      <trkpt lat="43.75667" lon="-79.334839"><ele>160</ele><time>2026-05-31T12:15:18.000Z</time></trkpt>
      <trkpt lat="43.756702" lon="-79.334827"><ele>160</ele><time>2026-05-31T12:15:19.000Z</time></trkpt>
      <trkpt lat="43.756735" lon="-79.334815"><ele>160</ele><time>2026-05-31T12:15:20.000Z</time></trkpt>
      <trkpt lat="43.756766" lon="-79.334795"><ele>160.2</ele><time>2026-05-31T12:15:21.000Z</time></trkpt>
      <trkpt lat="43.756799" lon="-79.334776"><ele>160.2</ele><time>2026-05-31T12:15:22.000Z</time></trkpt>
      <trkpt lat="43.756834" lon="-79.334751"><ele>160.2</ele><time>2026-05-31T12:15:23.000Z</time></trkpt>
      <trkpt lat="43.756868" lon="-79.33473"><ele>160.4</ele><time>2026-05-31T12:15:24.000Z</time></trkpt>
      <trkpt lat="43.756898" lon="-79.334705"><ele>160.4</ele><time>2026-05-31T12:15:25.000Z</time></trkpt>
      <trkpt lat="43.75693" lon="-79.33468"><ele>160.6</ele><time>2026-05-31T12:15:26.000Z</time></trkpt>
      <trkpt lat="43.756957" lon="-79.334658"><ele>160.8</ele><time>2026-05-31T12:15:27.000Z</time></trkpt>
      <trkpt lat="43.756982" lon="-79.334639"><ele>161</ele><time>2026-05-31T12:15:28.000Z</time></trkpt>
      <trkpt lat="43.757001" lon="-79.334618"><ele>161</ele><time>2026-05-31T12:15:29.000Z</time></trkpt>
      <trkpt lat="43.757022" lon="-79.334596"><ele>161.2</ele><time>2026-05-31T12:15:30.000Z</time></trkpt>
      <trkpt lat="43.757045" lon="-79.334567"><ele>161.4</ele><time>2026-05-31T12:15:31.000Z</time></trkpt>
      <trkpt lat="43.75707" lon="-79.33454"><ele>161.4</ele><time>2026-05-31T12:15:32.000Z</time></trkpt>
      <trkpt lat="43.757096" lon="-79.334511"><ele>161.4</ele><time>2026-05-31T12:15:33.000Z</time></trkpt>
      <trkpt lat="43.757122" lon="-79.334484"><ele>161.4</ele><time>2026-05-31T12:15:34.000Z</time></trkpt>
      <trkpt lat="43.75715" lon="-79.334458"><ele>161.6</ele><time>2026-05-31T12:15:35.000Z</time></trkpt>
      <trkpt lat="43.757177" lon="-79.334434"><ele>161.6</ele><time>2026-05-31T12:15:36.000Z</time></trkpt>
      <trkpt lat="43.757204" lon="-79.334407"><ele>161.6</ele><time>2026-05-31T12:15:37.000Z</time></trkpt>
      <trkpt lat="43.757231" lon="-79.334382"><ele>161.8</ele><time>2026-05-31T12:15:38.000Z</time></trkpt>
      <trkpt lat="43.757258" lon="-79.334357"><ele>162</ele><time>2026-05-31T12:15:39.000Z</time></trkpt>
      <trkpt lat="43.757281" lon="-79.334328"><ele>162</ele><time>2026-05-31T12:15:40.000Z</time></trkpt>
      <trkpt lat="43.757304" lon="-79.334303"><ele>162.2</ele><time>2026-05-31T12:15:41.000Z</time></trkpt>
      <trkpt lat="43.757331" lon="-79.334277"><ele>162.2</ele><time>2026-05-31T12:15:42.000Z</time></trkpt>
      <trkpt lat="43.757358" lon="-79.334255"><ele>162.2</ele><time>2026-05-31T12:15:43.000Z</time></trkpt>
      <trkpt lat="43.757383" lon="-79.334229"><ele>162.2</ele><time>2026-05-31T12:15:44.000Z</time></trkpt>
      <trkpt lat="43.757409" lon="-79.334203"><ele>162.2</ele><time>2026-05-31T12:15:45.000Z</time></trkpt>
      <trkpt lat="43.757434" lon="-79.334179"><ele>162.2</ele><time>2026-05-31T12:15:46.000Z</time></trkpt>
      <trkpt lat="43.757459" lon="-79.334155"><ele>162.2</ele><time>2026-05-31T12:15:47.000Z</time></trkpt>
      <trkpt lat="43.757485" lon="-79.334135"><ele>162</ele><time>2026-05-31T12:15:48.000Z</time></trkpt>
      <trkpt lat="43.757515" lon="-79.334112"><ele>162</ele><time>2026-05-31T12:15:49.000Z</time></trkpt>
      <trkpt lat="43.757548" lon="-79.334088"><ele>161.8</ele><time>2026-05-31T12:15:50.000Z</time></trkpt>
      <trkpt lat="43.757579" lon="-79.334065"><ele>161.8</ele><time>2026-05-31T12:15:51.000Z</time></trkpt>
      <trkpt lat="43.757612" lon="-79.334041"><ele>161.6</ele><time>2026-05-31T12:15:52.000Z</time></trkpt>
      <trkpt lat="43.757649" lon="-79.334021"><ele>161.6</ele><time>2026-05-31T12:15:53.000Z</time></trkpt>
      <trkpt lat="43.757691" lon="-79.334005"><ele>161.4</ele><time>2026-05-31T12:15:54.000Z</time></trkpt>
      <trkpt lat="43.75773" lon="-79.33399"><ele>161.4</ele><time>2026-05-31T12:15:55.000Z</time></trkpt>
      <trkpt lat="43.757771" lon="-79.333977"><ele>161.4</ele><time>2026-05-31T12:15:56.000Z</time></trkpt>
      <trkpt lat="43.757815" lon="-79.333964"><ele>161.2</ele><time>2026-05-31T12:15:57.000Z</time></trkpt>
      <trkpt lat="43.757858" lon="-79.333951"><ele>161.2</ele><time>2026-05-31T12:15:58.000Z</time></trkpt>
      <trkpt lat="43.757901" lon="-79.333933"><ele>161</ele><time>2026-05-31T12:15:59.000Z</time></trkpt>
      <trkpt lat="43.757947" lon="-79.333916"><ele>161</ele><time>2026-05-31T12:16:00.000Z</time></trkpt>
      <trkpt lat="43.757992" lon="-79.333902"><ele>161</ele><time>2026-05-31T12:16:01.000Z</time></trkpt>
      <trkpt lat="43.75804" lon="-79.333893"><ele>160.8</ele><time>2026-05-31T12:16:02.000Z</time></trkpt>
      <trkpt lat="43.758086" lon="-79.333885"><ele>160.8</ele><time>2026-05-31T12:16:03.000Z</time></trkpt>
      <trkpt lat="43.75813" lon="-79.33387"><ele>160.8</ele><time>2026-05-31T12:16:04.000Z</time></trkpt>
      <trkpt lat="43.758177" lon="-79.333858"><ele>160.6</ele><time>2026-05-31T12:16:05.000Z</time></trkpt>
      <trkpt lat="43.758224" lon="-79.333845"><ele>160.4</ele><time>2026-05-31T12:16:06.000Z</time></trkpt>
      <trkpt lat="43.758273" lon="-79.333831"><ele>160.2</ele><time>2026-05-31T12:16:07.000Z</time></trkpt>
      <trkpt lat="43.75832" lon="-79.333817"><ele>160</ele><time>2026-05-31T12:16:08.000Z</time></trkpt>
      <trkpt lat="43.758367" lon="-79.333803"><ele>159.8</ele><time>2026-05-31T12:16:09.000Z</time></trkpt>
      <trkpt lat="43.758415" lon="-79.333791"><ele>159.6</ele><time>2026-05-31T12:16:10.000Z</time></trkpt>
      <trkpt lat="43.758463" lon="-79.33378"><ele>159.4</ele><time>2026-05-31T12:16:11.000Z</time></trkpt>
      <trkpt lat="43.758512" lon="-79.333786"><ele>159.4</ele><time>2026-05-31T12:16:12.000Z</time></trkpt>
      <trkpt lat="43.758561" lon="-79.333797"><ele>159.4</ele><time>2026-05-31T12:16:13.000Z</time></trkpt>
      <trkpt lat="43.758607" lon="-79.333807"><ele>159.4</ele><time>2026-05-31T12:16:14.000Z</time></trkpt>
      <trkpt lat="43.758651" lon="-79.333819"><ele>159.4</ele><time>2026-05-31T12:16:15.000Z</time></trkpt>
      <trkpt lat="43.758692" lon="-79.333833"><ele>159.4</ele><time>2026-05-31T12:16:16.000Z</time></trkpt>
      <trkpt lat="43.758728" lon="-79.333853"><ele>159.4</ele><time>2026-05-31T12:16:17.000Z</time></trkpt>
      <trkpt lat="43.758762" lon="-79.333872"><ele>159.6</ele><time>2026-05-31T12:16:18.000Z</time></trkpt>
      <trkpt lat="43.758797" lon="-79.333898"><ele>159.8</ele><time>2026-05-31T12:16:19.000Z</time></trkpt>
      <trkpt lat="43.758821" lon="-79.333939"><ele>160</ele><time>2026-05-31T12:16:20.000Z</time></trkpt>
      <trkpt lat="43.758833" lon="-79.333989"><ele>160.2</ele><time>2026-05-31T12:16:21.000Z</time></trkpt>
      <trkpt lat="43.75883" lon="-79.334044"><ele>160.4</ele><time>2026-05-31T12:16:22.000Z</time></trkpt>
      <trkpt lat="43.758815" lon="-79.334103"><ele>160.4</ele><time>2026-05-31T12:16:23.000Z</time></trkpt>
      <trkpt lat="43.758786" lon="-79.334157"><ele>160.4</ele><time>2026-05-31T12:16:24.000Z</time></trkpt>
      <trkpt lat="43.758751" lon="-79.334206"><ele>160.4</ele><time>2026-05-31T12:16:25.000Z</time></trkpt>
      <trkpt lat="43.758717" lon="-79.334256"><ele>160.4</ele><time>2026-05-31T12:16:26.000Z</time></trkpt>
      <trkpt lat="43.758686" lon="-79.334312"><ele>160.4</ele><time>2026-05-31T12:16:27.000Z</time></trkpt>
      <trkpt lat="43.758661" lon="-79.334375"><ele>160.4</ele><time>2026-05-31T12:16:28.000Z</time></trkpt>
      <trkpt lat="43.758635" lon="-79.334436"><ele>160.4</ele><time>2026-05-31T12:16:29.000Z</time></trkpt>
      <trkpt lat="43.758608" lon="-79.334495"><ele>160.4</ele><time>2026-05-31T12:16:30.000Z</time></trkpt>
      <trkpt lat="43.758578" lon="-79.334551"><ele>160.4</ele><time>2026-05-31T12:16:31.000Z</time></trkpt>
      <trkpt lat="43.758549" lon="-79.334606"><ele>160.4</ele><time>2026-05-31T12:16:32.000Z</time></trkpt>
      <trkpt lat="43.758523" lon="-79.334662"><ele>160.4</ele><time>2026-05-31T12:16:33.000Z</time></trkpt>
      <trkpt lat="43.758496" lon="-79.334718"><ele>160.4</ele><time>2026-05-31T12:16:34.000Z</time></trkpt>
      <trkpt lat="43.75847" lon="-79.334776"><ele>160.6</ele><time>2026-05-31T12:16:35.000Z</time></trkpt>
      <trkpt lat="43.758449" lon="-79.334835"><ele>160.6</ele><time>2026-05-31T12:16:36.000Z</time></trkpt>
      <trkpt lat="43.75843" lon="-79.334894"><ele>160.4</ele><time>2026-05-31T12:16:37.000Z</time></trkpt>
      <trkpt lat="43.758412" lon="-79.334951"><ele>160.2</ele><time>2026-05-31T12:16:38.000Z</time></trkpt>
      <trkpt lat="43.758394" lon="-79.335011"><ele>160.2</ele><time>2026-05-31T12:16:39.000Z</time></trkpt>
      <trkpt lat="43.758377" lon="-79.33507"><ele>160</ele><time>2026-05-31T12:16:40.000Z</time></trkpt>
      <trkpt lat="43.758362" lon="-79.335128"><ele>160</ele><time>2026-05-31T12:16:41.000Z</time></trkpt>
      <trkpt lat="43.758346" lon="-79.335186"><ele>160</ele><time>2026-05-31T12:16:42.000Z</time></trkpt>
      <trkpt lat="43.75833" lon="-79.335242"><ele>160</ele><time>2026-05-31T12:16:43.000Z</time></trkpt>
      <trkpt lat="43.758311" lon="-79.3353"><ele>160</ele><time>2026-05-31T12:16:44.000Z</time></trkpt>
      <trkpt lat="43.758296" lon="-79.335364"><ele>159.8</ele><time>2026-05-31T12:16:45.000Z</time></trkpt>
      <trkpt lat="43.758282" lon="-79.335431"><ele>159.8</ele><time>2026-05-31T12:16:46.000Z</time></trkpt>
      <trkpt lat="43.758267" lon="-79.335492"><ele>159.8</ele><time>2026-05-31T12:16:47.000Z</time></trkpt>
      <trkpt lat="43.758249" lon="-79.335563"><ele>159.8</ele><time>2026-05-31T12:16:48.000Z</time></trkpt>
      <trkpt lat="43.758233" lon="-79.335628"><ele>159.8</ele><time>2026-05-31T12:16:49.000Z</time></trkpt>
      <trkpt lat="43.758221" lon="-79.335684"><ele>159.8</ele><time>2026-05-31T12:16:50.000Z</time></trkpt>
      <trkpt lat="43.758209" lon="-79.335745"><ele>159.8</ele><time>2026-05-31T12:16:51.000Z</time></trkpt>
      <trkpt lat="43.758195" lon="-79.335804"><ele>159.8</ele><time>2026-05-31T12:16:52.000Z</time></trkpt>
      <trkpt lat="43.758179" lon="-79.335859"><ele>159.6</ele><time>2026-05-31T12:16:53.000Z</time></trkpt>
      <trkpt lat="43.758162" lon="-79.335923"><ele>159.6</ele><time>2026-05-31T12:16:54.000Z</time></trkpt>
      <trkpt lat="43.758143" lon="-79.335985"><ele>159.4</ele><time>2026-05-31T12:16:55.000Z</time></trkpt>
      <trkpt lat="43.758123" lon="-79.336062"><ele>159.4</ele><time>2026-05-31T12:16:56.000Z</time></trkpt>
      <trkpt lat="43.758104" lon="-79.336138"><ele>159.4</ele><time>2026-05-31T12:16:57.000Z</time></trkpt>
      <trkpt lat="43.758089" lon="-79.336219"><ele>159.4</ele><time>2026-05-31T12:16:58.000Z</time></trkpt>
      <trkpt lat="43.758074" lon="-79.336295"><ele>159.4</ele><time>2026-05-31T12:16:59.000Z</time></trkpt>
      <trkpt lat="43.758059" lon="-79.336367"><ele>159.4</ele><time>2026-05-31T12:17:00.000Z</time></trkpt>
      <trkpt lat="43.758043" lon="-79.336435"><ele>159.4</ele><time>2026-05-31T12:17:01.000Z</time></trkpt>
      <trkpt lat="43.758029" lon="-79.336505"><ele>159.4</ele><time>2026-05-31T12:17:02.000Z</time></trkpt>
      <trkpt lat="43.758018" lon="-79.336575"><ele>159</ele><time>2026-05-31T12:17:03.000Z</time></trkpt>
      <trkpt lat="43.758007" lon="-79.336646"><ele>158.8</ele><time>2026-05-31T12:17:04.000Z</time></trkpt>
      <trkpt lat="43.757993" lon="-79.336714"><ele>158.8</ele><time>2026-05-31T12:17:05.000Z</time></trkpt>
      <trkpt lat="43.75798" lon="-79.336777"><ele>158.6</ele><time>2026-05-31T12:17:06.000Z</time></trkpt>
      <trkpt lat="43.757968" lon="-79.336837"><ele>158.8</ele><time>2026-05-31T12:17:07.000Z</time></trkpt>
      <trkpt lat="43.757955" lon="-79.33689"><ele>159</ele><time>2026-05-31T12:17:08.000Z</time></trkpt>
      <trkpt lat="43.757946" lon="-79.336937"><ele>159.2</ele><time>2026-05-31T12:17:09.000Z</time></trkpt>
      <trkpt lat="43.757937" lon="-79.336985"><ele>159.2</ele><time>2026-05-31T12:17:10.000Z</time></trkpt>
      <trkpt lat="43.757928" lon="-79.337033"><ele>159.4</ele><time>2026-05-31T12:17:11.000Z</time></trkpt>
      <trkpt lat="43.757913" lon="-79.337084"><ele>159.4</ele><time>2026-05-31T12:17:12.000Z</time></trkpt>
      <trkpt lat="43.757896" lon="-79.33713"><ele>159.4</ele><time>2026-05-31T12:17:13.000Z</time></trkpt>
      <trkpt lat="43.757877" lon="-79.337175"><ele>159.2</ele><time>2026-05-31T12:17:14.000Z</time></trkpt>
      <trkpt lat="43.757856" lon="-79.337212"><ele>159.2</ele><time>2026-05-31T12:17:15.000Z</time></trkpt>
      <trkpt lat="43.757823" lon="-79.33725"><ele>159</ele><time>2026-05-31T12:17:16.000Z</time></trkpt>
      <trkpt lat="43.75778" lon="-79.337257"><ele>158.8</ele><time>2026-05-31T12:17:17.000Z</time></trkpt>
      <trkpt lat="43.757739" lon="-79.337242"><ele>158.6</ele><time>2026-05-31T12:17:18.000Z</time></trkpt>
      <trkpt lat="43.757694" lon="-79.337225"><ele>158.6</ele><time>2026-05-31T12:17:19.000Z</time></trkpt>
      <trkpt lat="43.757648" lon="-79.337202"><ele>158.6</ele><time>2026-05-31T12:17:20.000Z</time></trkpt>
      <trkpt lat="43.757598" lon="-79.337175"><ele>158.4</ele><time>2026-05-31T12:17:21.000Z</time></trkpt>
      <trkpt lat="43.757544" lon="-79.337151"><ele>158.4</ele><time>2026-05-31T12:17:22.000Z</time></trkpt>
      <trkpt lat="43.75749" lon="-79.337126"><ele>158.4</ele><time>2026-05-31T12:17:23.000Z</time></trkpt>
      <trkpt lat="43.757439" lon="-79.337098"><ele>158.4</ele><time>2026-05-31T12:17:24.000Z</time></trkpt>
      <trkpt lat="43.75739" lon="-79.337069"><ele>158.4</ele><time>2026-05-31T12:17:25.000Z</time></trkpt>
      <trkpt lat="43.757341" lon="-79.337034"><ele>158.4</ele><time>2026-05-31T12:17:26.000Z</time></trkpt>
      <trkpt lat="43.757295" lon="-79.336991"><ele>158.4</ele><time>2026-05-31T12:17:27.000Z</time></trkpt>
      <trkpt lat="43.757253" lon="-79.33695"><ele>158.6</ele><time>2026-05-31T12:17:28.000Z</time></trkpt>
      <trkpt lat="43.757217" lon="-79.336903"><ele>158.6</ele><time>2026-05-31T12:17:29.000Z</time></trkpt>
      <trkpt lat="43.75719" lon="-79.336844"><ele>158.8</ele><time>2026-05-31T12:17:30.000Z</time></trkpt>
      <trkpt lat="43.75717" lon="-79.336784"><ele>159</ele><time>2026-05-31T12:17:31.000Z</time></trkpt>
      <trkpt lat="43.757152" lon="-79.336728"><ele>159.4</ele><time>2026-05-31T12:17:32.000Z</time></trkpt>
      <trkpt lat="43.757131" lon="-79.336672"><ele>159.6</ele><time>2026-05-31T12:17:33.000Z</time></trkpt>
      <trkpt lat="43.757111" lon="-79.336617"><ele>159.8</ele><time>2026-05-31T12:17:34.000Z</time></trkpt>
      <trkpt lat="43.757092" lon="-79.336563"><ele>160</ele><time>2026-05-31T12:17:35.000Z</time></trkpt>
      <trkpt lat="43.757072" lon="-79.336509"><ele>160.2</ele><time>2026-05-31T12:17:36.000Z</time></trkpt>
      <trkpt lat="43.75705" lon="-79.336455"><ele>160.4</ele><time>2026-05-31T12:17:37.000Z</time></trkpt>
      <trkpt lat="43.757032" lon="-79.336396"><ele>160.6</ele><time>2026-05-31T12:17:38.000Z</time></trkpt>
      <trkpt lat="43.757017" lon="-79.336337"><ele>160.8</ele><time>2026-05-31T12:17:39.000Z</time></trkpt>
      <trkpt lat="43.757" lon="-79.336283"><ele>161.2</ele><time>2026-05-31T12:17:40.000Z</time></trkpt>
      <trkpt lat="43.75698" lon="-79.336228"><ele>161.2</ele><time>2026-05-31T12:17:41.000Z</time></trkpt>
      <trkpt lat="43.756961" lon="-79.336173"><ele>161.4</ele><time>2026-05-31T12:17:42.000Z</time></trkpt>
      <trkpt lat="43.756945" lon="-79.336117"><ele>161.6</ele><time>2026-05-31T12:17:43.000Z</time></trkpt>
      <trkpt lat="43.756928" lon="-79.336063"><ele>161.6</ele><time>2026-05-31T12:17:44.000Z</time></trkpt>
      <trkpt lat="43.756911" lon="-79.336009"><ele>161.6</ele><time>2026-05-31T12:17:45.000Z</time></trkpt>
      <trkpt lat="43.75689" lon="-79.33596"><ele>161.6</ele><time>2026-05-31T12:17:46.000Z</time></trkpt>
      <trkpt lat="43.756867" lon="-79.335915"><ele>161.8</ele><time>2026-05-31T12:17:47.000Z</time></trkpt>
      <trkpt lat="43.756838" lon="-79.335873"><ele>161.8</ele><time>2026-05-31T12:17:48.000Z</time></trkpt>
      <trkpt lat="43.756804" lon="-79.335829"><ele>161.8</ele><time>2026-05-31T12:17:49.000Z</time></trkpt>
      <trkpt lat="43.756772" lon="-79.33578"><ele>161.8</ele><time>2026-05-31T12:17:50.000Z</time></trkpt>
      <trkpt lat="43.756744" lon="-79.335726"><ele>161.8</ele><time>2026-05-31T12:17:51.000Z</time></trkpt>
      <trkpt lat="43.756708" lon="-79.33567"><ele>161.8</ele><time>2026-05-31T12:17:52.000Z</time></trkpt>
      <trkpt lat="43.756667" lon="-79.335619"><ele>161.6</ele><time>2026-05-31T12:17:53.000Z</time></trkpt>
      <trkpt lat="43.75662" lon="-79.335572"><ele>161.4</ele><time>2026-05-31T12:17:54.000Z</time></trkpt>
      <trkpt lat="43.756575" lon="-79.335528"><ele>161.4</ele><time>2026-05-31T12:17:55.000Z</time></trkpt>
      <trkpt lat="43.756526" lon="-79.335488"><ele>161.2</ele><time>2026-05-31T12:17:56.000Z</time></trkpt>
      <trkpt lat="43.756475" lon="-79.335446"><ele>161</ele><time>2026-05-31T12:17:57.000Z</time></trkpt>
      <trkpt lat="43.75642" lon="-79.335408"><ele>160.8</ele><time>2026-05-31T12:17:58.000Z</time></trkpt>
      <trkpt lat="43.756363" lon="-79.335365"><ele>160.6</ele><time>2026-05-31T12:17:59.000Z</time></trkpt>
      <trkpt lat="43.756304" lon="-79.335321"><ele>160.4</ele><time>2026-05-31T12:18:00.000Z</time></trkpt>
      <trkpt lat="43.756245" lon="-79.335281"><ele>160</ele><time>2026-05-31T12:18:01.000Z</time></trkpt>
      <trkpt lat="43.756182" lon="-79.335244"><ele>159.8</ele><time>2026-05-31T12:18:02.000Z</time></trkpt>
      <trkpt lat="43.756117" lon="-79.335203"><ele>159.6</ele><time>2026-05-31T12:18:03.000Z</time></trkpt>
      <trkpt lat="43.756051" lon="-79.335164"><ele>159.4</ele><time>2026-05-31T12:18:04.000Z</time></trkpt>
      <trkpt lat="43.755981" lon="-79.335126"><ele>159.2</ele><time>2026-05-31T12:18:05.000Z</time></trkpt>
      <trkpt lat="43.755911" lon="-79.335087"><ele>158.8</ele><time>2026-05-31T12:18:06.000Z</time></trkpt>
      <trkpt lat="43.755838" lon="-79.335045"><ele>158.6</ele><time>2026-05-31T12:18:07.000Z</time></trkpt>
      <trkpt lat="43.755761" lon="-79.335004"><ele>158.2</ele><time>2026-05-31T12:18:08.000Z</time></trkpt>
      <trkpt lat="43.755677" lon="-79.334967"><ele>158</ele><time>2026-05-31T12:18:09.000Z</time></trkpt>
      <trkpt lat="43.755591" lon="-79.334936"><ele>157.6</ele><time>2026-05-31T12:18:10.000Z</time></trkpt>
      <trkpt lat="43.755501" lon="-79.334905"><ele>157.2</ele><time>2026-05-31T12:18:11.000Z</time></trkpt>
      <trkpt lat="43.755409" lon="-79.334873"><ele>156.6</ele><time>2026-05-31T12:18:12.000Z</time></trkpt>
      <trkpt lat="43.755315" lon="-79.334839"><ele>156.2</ele><time>2026-05-31T12:18:13.000Z</time></trkpt>
      <trkpt lat="43.755217" lon="-79.3348"><ele>155.8</ele><time>2026-05-31T12:18:14.000Z</time></trkpt>
      <trkpt lat="43.755116" lon="-79.334761"><ele>155.4</ele><time>2026-05-31T12:18:15.000Z</time></trkpt>
      <trkpt lat="43.755013" lon="-79.334724"><ele>154.8</ele><time>2026-05-31T12:18:16.000Z</time></trkpt>
      <trkpt lat="43.754908" lon="-79.334686"><ele>154.2</ele><time>2026-05-31T12:18:17.000Z</time></trkpt>
      <trkpt lat="43.754801" lon="-79.33465"><ele>153.8</ele><time>2026-05-31T12:18:18.000Z</time></trkpt>
      <trkpt lat="43.754692" lon="-79.334616"><ele>153.2</ele><time>2026-05-31T12:18:19.000Z</time></trkpt>
      <trkpt lat="43.754582" lon="-79.334584"><ele>152.8</ele><time>2026-05-31T12:18:20.000Z</time></trkpt>
      <trkpt lat="43.75447" lon="-79.334546"><ele>152.2</ele><time>2026-05-31T12:18:21.000Z</time></trkpt>
      <trkpt lat="43.754357" lon="-79.334505"><ele>151.6</ele><time>2026-05-31T12:18:22.000Z</time></trkpt>
      <trkpt lat="43.754247" lon="-79.334465"><ele>151</ele><time>2026-05-31T12:18:23.000Z</time></trkpt>
      <trkpt lat="43.754132" lon="-79.334423"><ele>150.4</ele><time>2026-05-31T12:18:24.000Z</time></trkpt>
      <trkpt lat="43.754016" lon="-79.334389"><ele>149.8</ele><time>2026-05-31T12:18:25.000Z</time></trkpt>
      <trkpt lat="43.753896" lon="-79.334356"><ele>149.2</ele><time>2026-05-31T12:18:26.000Z</time></trkpt>
      <trkpt lat="43.753775" lon="-79.334323"><ele>148.8</ele><time>2026-05-31T12:18:27.000Z</time></trkpt>
      <trkpt lat="43.753654" lon="-79.334289"><ele>148.2</ele><time>2026-05-31T12:18:28.000Z</time></trkpt>
      <trkpt lat="43.753532" lon="-79.334257"><ele>147.8</ele><time>2026-05-31T12:18:29.000Z</time></trkpt>
      <trkpt lat="43.753411" lon="-79.334224"><ele>147.6</ele><time>2026-05-31T12:18:30.000Z</time></trkpt>
      <trkpt lat="43.753288" lon="-79.334194"><ele>147</ele><time>2026-05-31T12:18:31.000Z</time></trkpt>
      <trkpt lat="43.753164" lon="-79.334167"><ele>146.6</ele><time>2026-05-31T12:18:32.000Z</time></trkpt>
      <trkpt lat="43.75304" lon="-79.334135"><ele>146.2</ele><time>2026-05-31T12:18:33.000Z</time></trkpt>
      <trkpt lat="43.752916" lon="-79.334099"><ele>145.6</ele><time>2026-05-31T12:18:34.000Z</time></trkpt>
      <trkpt lat="43.752792" lon="-79.334067"><ele>145.2</ele><time>2026-05-31T12:18:35.000Z</time></trkpt>
      <trkpt lat="43.752668" lon="-79.33404"><ele>144.6</ele><time>2026-05-31T12:18:36.000Z</time></trkpt>
      <trkpt lat="43.752542" lon="-79.334016"><ele>144.2</ele><time>2026-05-31T12:18:37.000Z</time></trkpt>
      <trkpt lat="43.752414" lon="-79.333988"><ele>144</ele><time>2026-05-31T12:18:38.000Z</time></trkpt>
      <trkpt lat="43.752286" lon="-79.333959"><ele>143.4</ele><time>2026-05-31T12:18:39.000Z</time></trkpt>
      <trkpt lat="43.752156" lon="-79.333932"><ele>142.8</ele><time>2026-05-31T12:18:40.000Z</time></trkpt>
      <trkpt lat="43.752025" lon="-79.333909"><ele>142.2</ele><time>2026-05-31T12:18:41.000Z</time></trkpt>
      <trkpt lat="43.751895" lon="-79.333885"><ele>141.6</ele><time>2026-05-31T12:18:42.000Z</time></trkpt>
      <trkpt lat="43.751764" lon="-79.333865"><ele>141</ele><time>2026-05-31T12:18:43.000Z</time></trkpt>
      <trkpt lat="43.751633" lon="-79.333847"><ele>140.6</ele><time>2026-05-31T12:18:44.000Z</time></trkpt>
      <trkpt lat="43.751501" lon="-79.333822"><ele>140</ele><time>2026-05-31T12:18:45.000Z</time></trkpt>
      <trkpt lat="43.75137" lon="-79.3338"><ele>139.4</ele><time>2026-05-31T12:18:46.000Z</time></trkpt>
      <trkpt lat="43.751234" lon="-79.333784"><ele>139</ele><time>2026-05-31T12:18:47.000Z</time></trkpt>
      <trkpt lat="43.751095" lon="-79.333769"><ele>138.4</ele><time>2026-05-31T12:18:48.000Z</time></trkpt>
      <trkpt lat="43.750952" lon="-79.333748"><ele>137.6</ele><time>2026-05-31T12:18:49.000Z</time></trkpt>
      <trkpt lat="43.750808" lon="-79.333729"><ele>137</ele><time>2026-05-31T12:18:50.000Z</time></trkpt>
      <trkpt lat="43.750664" lon="-79.333711"><ele>136</ele><time>2026-05-31T12:18:51.000Z</time></trkpt>
      <trkpt lat="43.75052" lon="-79.333693"><ele>135.4</ele><time>2026-05-31T12:18:52.000Z</time></trkpt>
      <trkpt lat="43.750377" lon="-79.333678"><ele>134.6</ele><time>2026-05-31T12:18:53.000Z</time></trkpt>
      <trkpt lat="43.750234" lon="-79.333661"><ele>134</ele><time>2026-05-31T12:18:54.000Z</time></trkpt>
      <trkpt lat="43.750092" lon="-79.333646"><ele>133.6</ele><time>2026-05-31T12:18:55.000Z</time></trkpt>
      <trkpt lat="43.749952" lon="-79.333635"><ele>133</ele><time>2026-05-31T12:18:56.000Z</time></trkpt>
      <trkpt lat="43.749814" lon="-79.333623"><ele>132.6</ele><time>2026-05-31T12:18:57.000Z</time></trkpt>
      <trkpt lat="43.749678" lon="-79.333609"><ele>132.4</ele><time>2026-05-31T12:18:58.000Z</time></trkpt>
      <trkpt lat="43.749543" lon="-79.333596"><ele>132.2</ele><time>2026-05-31T12:18:59.000Z</time></trkpt>
      <trkpt lat="43.749409" lon="-79.333583"><ele>132</ele><time>2026-05-31T12:19:00.000Z</time></trkpt>
      <trkpt lat="43.749279" lon="-79.333567"><ele>131.8</ele><time>2026-05-31T12:19:01.000Z</time></trkpt>
      <trkpt lat="43.749151" lon="-79.333553"><ele>131.6</ele><time>2026-05-31T12:19:02.000Z</time></trkpt>
      <trkpt lat="43.749026" lon="-79.333541"><ele>131.6</ele><time>2026-05-31T12:19:03.000Z</time></trkpt>
      <trkpt lat="43.748901" lon="-79.333528"><ele>131.6</ele><time>2026-05-31T12:19:04.000Z</time></trkpt>
      <trkpt lat="43.748775" lon="-79.333518"><ele>131.8</ele><time>2026-05-31T12:19:05.000Z</time></trkpt>
      <trkpt lat="43.748649" lon="-79.333516"><ele>132</ele><time>2026-05-31T12:19:06.000Z</time></trkpt>
      <trkpt lat="43.74852" lon="-79.333514"><ele>132.2</ele><time>2026-05-31T12:19:07.000Z</time></trkpt>
      <trkpt lat="43.74839" lon="-79.33351"><ele>132.2</ele><time>2026-05-31T12:19:08.000Z</time></trkpt>
      <trkpt lat="43.748262" lon="-79.333503"><ele>132</ele><time>2026-05-31T12:19:09.000Z</time></trkpt>
      <trkpt lat="43.748135" lon="-79.333497"><ele>132</ele><time>2026-05-31T12:19:10.000Z</time></trkpt>
      <trkpt lat="43.74801" lon="-79.333485"><ele>131.8</ele><time>2026-05-31T12:19:11.000Z</time></trkpt>
      <trkpt lat="43.747889" lon="-79.33347"><ele>131.8</ele><time>2026-05-31T12:19:12.000Z</time></trkpt>
      <trkpt lat="43.74777" lon="-79.333457"><ele>131.6</ele><time>2026-05-31T12:19:13.000Z</time></trkpt>
      <trkpt lat="43.747653" lon="-79.333443"><ele>131.6</ele><time>2026-05-31T12:19:14.000Z</time></trkpt>
      <trkpt lat="43.747536" lon="-79.33343"><ele>131.4</ele><time>2026-05-31T12:19:15.000Z</time></trkpt>
      <trkpt lat="43.747423" lon="-79.33342"><ele>131.4</ele><time>2026-05-31T12:19:16.000Z</time></trkpt>
      <trkpt lat="43.747312" lon="-79.333409"><ele>131.4</ele><time>2026-05-31T12:19:17.000Z</time></trkpt>
      <trkpt lat="43.7472" lon="-79.333396"><ele>131.6</ele><time>2026-05-31T12:19:18.000Z</time></trkpt>
      <trkpt lat="43.74709" lon="-79.33338"><ele>131.8</ele><time>2026-05-31T12:19:19.000Z</time></trkpt>
      <trkpt lat="43.746978" lon="-79.333367"><ele>131.8</ele><time>2026-05-31T12:19:20.000Z</time></trkpt>
      <trkpt lat="43.746867" lon="-79.333355"><ele>131.8</ele><time>2026-05-31T12:19:21.000Z</time></trkpt>
      <trkpt lat="43.746754" lon="-79.333342"><ele>131.8</ele><time>2026-05-31T12:19:22.000Z</time></trkpt>
      <trkpt lat="43.746644" lon="-79.333323"><ele>131.6</ele><time>2026-05-31T12:19:23.000Z</time></trkpt>
      <trkpt lat="43.746535" lon="-79.3333"><ele>131.6</ele><time>2026-05-31T12:19:24.000Z</time></trkpt>
      <trkpt lat="43.746427" lon="-79.333277"><ele>131.6</ele><time>2026-05-31T12:19:25.000Z</time></trkpt>
      <trkpt lat="43.74632" lon="-79.333255"><ele>131.4</ele><time>2026-05-31T12:19:26.000Z</time></trkpt>
      <trkpt lat="43.746213" lon="-79.333238"><ele>131.4</ele><time>2026-05-31T12:19:27.000Z</time></trkpt>
      <trkpt lat="43.74611" lon="-79.333219"><ele>131.6</ele><time>2026-05-31T12:19:28.000Z</time></trkpt>
      <trkpt lat="43.746007" lon="-79.333195"><ele>131.6</ele><time>2026-05-31T12:19:29.000Z</time></trkpt>
      <trkpt lat="43.745902" lon="-79.333173"><ele>131.6</ele><time>2026-05-31T12:19:30.000Z</time></trkpt>
      <trkpt lat="43.745796" lon="-79.333151"><ele>131.6</ele><time>2026-05-31T12:19:31.000Z</time></trkpt>
      <trkpt lat="43.745688" lon="-79.333128"><ele>131.6</ele><time>2026-05-31T12:19:32.000Z</time></trkpt>
      <trkpt lat="43.745581" lon="-79.3331"><ele>131.4</ele><time>2026-05-31T12:19:33.000Z</time></trkpt>
      <trkpt lat="43.745474" lon="-79.333068"><ele>131.4</ele><time>2026-05-31T12:19:34.000Z</time></trkpt>
      <trkpt lat="43.745369" lon="-79.333036"><ele>131.4</ele><time>2026-05-31T12:19:35.000Z</time></trkpt>
      <trkpt lat="43.745264" lon="-79.333003"><ele>131.4</ele><time>2026-05-31T12:19:36.000Z</time></trkpt>
      <trkpt lat="43.74516" lon="-79.33297"><ele>131.4</ele><time>2026-05-31T12:19:37.000Z</time></trkpt>
      <trkpt lat="43.745055" lon="-79.332938"><ele>131.4</ele><time>2026-05-31T12:19:38.000Z</time></trkpt>
      <trkpt lat="43.744948" lon="-79.332909"><ele>131.4</ele><time>2026-05-31T12:19:39.000Z</time></trkpt>
      <trkpt lat="43.744843" lon="-79.332879"><ele>131.4</ele><time>2026-05-31T12:19:40.000Z</time></trkpt>
      <trkpt lat="43.744738" lon="-79.332851"><ele>131.2</ele><time>2026-05-31T12:19:41.000Z</time></trkpt>
      <trkpt lat="43.744631" lon="-79.332828"><ele>131</ele><time>2026-05-31T12:19:42.000Z</time></trkpt>
      <trkpt lat="43.744524" lon="-79.332807"><ele>130.8</ele><time>2026-05-31T12:19:43.000Z</time></trkpt>
      <trkpt lat="43.744419" lon="-79.332784"><ele>130.6</ele><time>2026-05-31T12:19:44.000Z</time></trkpt>
      <trkpt lat="43.744313" lon="-79.332758"><ele>130.6</ele><time>2026-05-31T12:19:45.000Z</time></trkpt>
      <trkpt lat="43.744208" lon="-79.332732"><ele>130.6</ele><time>2026-05-31T12:19:46.000Z</time></trkpt>
      <trkpt lat="43.744104" lon="-79.332703"><ele>130.6</ele><time>2026-05-31T12:19:47.000Z</time></trkpt>
      <trkpt lat="43.744" lon="-79.332678"><ele>130.6</ele><time>2026-05-31T12:19:48.000Z</time></trkpt>
      <trkpt lat="43.743896" lon="-79.332653"><ele>130.4</ele><time>2026-05-31T12:19:49.000Z</time></trkpt>
      <trkpt lat="43.743794" lon="-79.332633"><ele>130.4</ele><time>2026-05-31T12:19:50.000Z</time></trkpt>
      <trkpt lat="43.743692" lon="-79.332611"><ele>130.2</ele><time>2026-05-31T12:19:51.000Z</time></trkpt>
      <trkpt lat="43.74359" lon="-79.332584"><ele>130</ele><time>2026-05-31T12:19:52.000Z</time></trkpt>
      <trkpt lat="43.743487" lon="-79.332556"><ele>129.8</ele><time>2026-05-31T12:19:53.000Z</time></trkpt>
      <trkpt lat="43.743383" lon="-79.332532"><ele>129.6</ele><time>2026-05-31T12:19:54.000Z</time></trkpt>
      <trkpt lat="43.743278" lon="-79.332506"><ele>129.4</ele><time>2026-05-31T12:19:55.000Z</time></trkpt>
      <trkpt lat="43.743172" lon="-79.332474"><ele>129</ele><time>2026-05-31T12:19:56.000Z</time></trkpt>
      <trkpt lat="43.743066" lon="-79.332439"><ele>128.8</ele><time>2026-05-31T12:19:57.000Z</time></trkpt>
      <trkpt lat="43.742958" lon="-79.332417"><ele>128.4</ele><time>2026-05-31T12:19:58.000Z</time></trkpt>
      <trkpt lat="43.742846" lon="-79.332403"><ele>128</ele><time>2026-05-31T12:19:59.000Z</time></trkpt>
      <trkpt lat="43.742734" lon="-79.332387"><ele>127.8</ele><time>2026-05-31T12:20:00.000Z</time></trkpt>
      <trkpt lat="43.742621" lon="-79.332367"><ele>127.4</ele><time>2026-05-31T12:20:01.000Z</time></trkpt>
      <trkpt lat="43.742507" lon="-79.332348"><ele>127</ele><time>2026-05-31T12:20:02.000Z</time></trkpt>
      <trkpt lat="43.742392" lon="-79.33233"><ele>126.4</ele><time>2026-05-31T12:20:03.000Z</time></trkpt>
      <trkpt lat="43.742276" lon="-79.332317"><ele>125.8</ele><time>2026-05-31T12:20:04.000Z</time></trkpt>
      <trkpt lat="43.742159" lon="-79.332303"><ele>125.2</ele><time>2026-05-31T12:20:05.000Z</time></trkpt>
      <trkpt lat="43.742044" lon="-79.332286"><ele>124.6</ele><time>2026-05-31T12:20:06.000Z</time></trkpt>
      <trkpt lat="43.741927" lon="-79.332272"><ele>124</ele><time>2026-05-31T12:20:07.000Z</time></trkpt>
      <trkpt lat="43.741809" lon="-79.332261"><ele>123.4</ele><time>2026-05-31T12:20:08.000Z</time></trkpt>
      <trkpt lat="43.741689" lon="-79.33225"><ele>122.8</ele><time>2026-05-31T12:20:09.000Z</time></trkpt>
      <trkpt lat="43.741568" lon="-79.33224"><ele>122.2</ele><time>2026-05-31T12:20:10.000Z</time></trkpt>
      <trkpt lat="43.741446" lon="-79.332232"><ele>121.8</ele><time>2026-05-31T12:20:11.000Z</time></trkpt>
      <trkpt lat="43.741324" lon="-79.332228"><ele>121.4</ele><time>2026-05-31T12:20:12.000Z</time></trkpt>
      <trkpt lat="43.741202" lon="-79.332226"><ele>121</ele><time>2026-05-31T12:20:13.000Z</time></trkpt>
      <trkpt lat="43.74108" lon="-79.332229"><ele>120.6</ele><time>2026-05-31T12:20:14.000Z</time></trkpt>
      <trkpt lat="43.740956" lon="-79.332239"><ele>120.2</ele><time>2026-05-31T12:20:15.000Z</time></trkpt>
      <trkpt lat="43.740831" lon="-79.332248"><ele>119.8</ele><time>2026-05-31T12:20:16.000Z</time></trkpt>
      <trkpt lat="43.740705" lon="-79.33225"><ele>119.4</ele><time>2026-05-31T12:20:17.000Z</time></trkpt>
      <trkpt lat="43.740578" lon="-79.33225"><ele>118.8</ele><time>2026-05-31T12:20:18.000Z</time></trkpt>
      <trkpt lat="43.740449" lon="-79.332252"><ele>118</ele><time>2026-05-31T12:20:19.000Z</time></trkpt>
      <trkpt lat="43.740317" lon="-79.332251"><ele>117.4</ele><time>2026-05-31T12:20:20.000Z</time></trkpt>
      <trkpt lat="43.740185" lon="-79.33225"><ele>116.4</ele><time>2026-05-31T12:20:21.000Z</time></trkpt>
      <trkpt lat="43.74005" lon="-79.332257"><ele>115.4</ele><time>2026-05-31T12:20:22.000Z</time></trkpt>
      <trkpt lat="43.739913" lon="-79.332268"><ele>115</ele><time>2026-05-31T12:20:23.000Z</time></trkpt>
      <trkpt lat="43.739774" lon="-79.332277"><ele>113.8</ele><time>2026-05-31T12:20:24.000Z</time></trkpt>
      <trkpt lat="43.739631" lon="-79.33228"><ele>113.2</ele><time>2026-05-31T12:20:25.000Z</time></trkpt>
      <trkpt lat="43.739489" lon="-79.332283"><ele>112.8</ele><time>2026-05-31T12:20:26.000Z</time></trkpt>
      <trkpt lat="43.739349" lon="-79.332281"><ele>112.2</ele><time>2026-05-31T12:20:27.000Z</time></trkpt>
      <trkpt lat="43.739221" lon="-79.332279"><ele>111.8</ele><time>2026-05-31T12:20:28.000Z</time></trkpt>
      <trkpt lat="43.73907" lon="-79.332275"><ele>111.2</ele><time>2026-05-31T12:20:29.000Z</time></trkpt>
      <trkpt lat="43.738921" lon="-79.332273"><ele>110.8</ele><time>2026-05-31T12:20:30.000Z</time></trkpt>
      <trkpt lat="43.738777" lon="-79.332273"><ele>110.4</ele><time>2026-05-31T12:20:31.000Z</time></trkpt>
      <trkpt lat="43.738635" lon="-79.332272"><ele>110</ele><time>2026-05-31T12:20:32.000Z</time></trkpt>
      <trkpt lat="43.738496" lon="-79.33227"><ele>109.8</ele><time>2026-05-31T12:20:33.000Z</time></trkpt>
      <trkpt lat="43.738361" lon="-79.332269"><ele>109.4</ele><time>2026-05-31T12:20:34.000Z</time></trkpt>
      <trkpt lat="43.73823" lon="-79.332272"><ele>109.4</ele><time>2026-05-31T12:20:35.000Z</time></trkpt>
      <trkpt lat="43.738102" lon="-79.332273"><ele>109.2</ele><time>2026-05-31T12:20:36.000Z</time></trkpt>
      <trkpt lat="43.737976" lon="-79.332268"><ele>109.2</ele><time>2026-05-31T12:20:37.000Z</time></trkpt>
      <trkpt lat="43.737852" lon="-79.332259"><ele>109.2</ele><time>2026-05-31T12:20:38.000Z</time></trkpt>
      <trkpt lat="43.737731" lon="-79.332248"><ele>109.2</ele><time>2026-05-31T12:20:39.000Z</time></trkpt>
      <trkpt lat="43.737608" lon="-79.332236"><ele>109.2</ele><time>2026-05-31T12:20:40.000Z</time></trkpt>
      <trkpt lat="43.737488" lon="-79.332231"><ele>109.4</ele><time>2026-05-31T12:20:41.000Z</time></trkpt>
      <trkpt lat="43.737366" lon="-79.332235"><ele>109.4</ele><time>2026-05-31T12:20:42.000Z</time></trkpt>
      <trkpt lat="43.737246" lon="-79.332235"><ele>109.4</ele><time>2026-05-31T12:20:43.000Z</time></trkpt>
      <trkpt lat="43.737126" lon="-79.332225"><ele>109.4</ele><time>2026-05-31T12:20:44.000Z</time></trkpt>
      <trkpt lat="43.737008" lon="-79.332217"><ele>109.4</ele><time>2026-05-31T12:20:45.000Z</time></trkpt>
      <trkpt lat="43.736891" lon="-79.332208"><ele>109.4</ele><time>2026-05-31T12:20:46.000Z</time></trkpt>
      <trkpt lat="43.736774" lon="-79.332197"><ele>109.4</ele><time>2026-05-31T12:20:47.000Z</time></trkpt>
      <trkpt lat="43.736656" lon="-79.332181"><ele>109.2</ele><time>2026-05-31T12:20:48.000Z</time></trkpt>
      <trkpt lat="43.73654" lon="-79.332159"><ele>109</ele><time>2026-05-31T12:20:49.000Z</time></trkpt>
      <trkpt lat="43.736425" lon="-79.332132"><ele>109</ele><time>2026-05-31T12:20:50.000Z</time></trkpt>
      <trkpt lat="43.736313" lon="-79.332102"><ele>109</ele><time>2026-05-31T12:20:51.000Z</time></trkpt>
      <trkpt lat="43.736202" lon="-79.332066"><ele>108.8</ele><time>2026-05-31T12:20:52.000Z</time></trkpt>
      <trkpt lat="43.736092" lon="-79.33203"><ele>108.8</ele><time>2026-05-31T12:20:53.000Z</time></trkpt>
      <trkpt lat="43.735979" lon="-79.331999"><ele>109</ele><time>2026-05-31T12:20:54.000Z</time></trkpt>
      <trkpt lat="43.735864" lon="-79.331972"><ele>109</ele><time>2026-05-31T12:20:55.000Z</time></trkpt>
      <trkpt lat="43.73575" lon="-79.331948"><ele>108.8</ele><time>2026-05-31T12:20:56.000Z</time></trkpt>
      <trkpt lat="43.735637" lon="-79.331922"><ele>108.8</ele><time>2026-05-31T12:20:57.000Z</time></trkpt>
      <trkpt lat="43.735524" lon="-79.331894"><ele>108.8</ele><time>2026-05-31T12:20:58.000Z</time></trkpt>
      <trkpt lat="43.735411" lon="-79.331864"><ele>108.6</ele><time>2026-05-31T12:20:59.000Z</time></trkpt>
      <trkpt lat="43.735302" lon="-79.331833"><ele>108.4</ele><time>2026-05-31T12:21:00.000Z</time></trkpt>
      <trkpt lat="43.735192" lon="-79.33181"><ele>108.4</ele><time>2026-05-31T12:21:01.000Z</time></trkpt>
      <trkpt lat="43.735082" lon="-79.331792"><ele>108.4</ele><time>2026-05-31T12:21:02.000Z</time></trkpt>
      <trkpt lat="43.734972" lon="-79.331782"><ele>108.2</ele><time>2026-05-31T12:21:03.000Z</time></trkpt>
      <trkpt lat="43.734859" lon="-79.331779"><ele>108</ele><time>2026-05-31T12:21:04.000Z</time></trkpt>
      <trkpt lat="43.734746" lon="-79.33177"><ele>108</ele><time>2026-05-31T12:21:05.000Z</time></trkpt>
      <trkpt lat="43.734633" lon="-79.331756"><ele>107.8</ele><time>2026-05-31T12:21:06.000Z</time></trkpt>
      <trkpt lat="43.734521" lon="-79.331739"><ele>107.6</ele><time>2026-05-31T12:21:07.000Z</time></trkpt>
      <trkpt lat="43.734409" lon="-79.331722"><ele>107.6</ele><time>2026-05-31T12:21:08.000Z</time></trkpt>
      <trkpt lat="43.734298" lon="-79.3317"><ele>107.6</ele><time>2026-05-31T12:21:09.000Z</time></trkpt>
      <trkpt lat="43.734191" lon="-79.331673"><ele>107.6</ele><time>2026-05-31T12:21:10.000Z</time></trkpt>
      <trkpt lat="43.734093" lon="-79.331649"><ele>108</ele><time>2026-05-31T12:21:11.000Z</time></trkpt>
      <trkpt lat="43.733989" lon="-79.331632"><ele>108.2</ele><time>2026-05-31T12:21:12.000Z</time></trkpt>
      <trkpt lat="43.733889" lon="-79.331617"><ele>108.4</ele><time>2026-05-31T12:21:13.000Z</time></trkpt>
      <trkpt lat="43.733793" lon="-79.331599"><ele>108.8</ele><time>2026-05-31T12:21:14.000Z</time></trkpt>
      <trkpt lat="43.733703" lon="-79.331586"><ele>109.2</ele><time>2026-05-31T12:21:15.000Z</time></trkpt>
      <trkpt lat="43.733615" lon="-79.331575"><ele>109.4</ele><time>2026-05-31T12:21:16.000Z</time></trkpt>
      <trkpt lat="43.733535" lon="-79.331557"><ele>109.8</ele><time>2026-05-31T12:21:17.000Z</time></trkpt>
      <trkpt lat="43.733462" lon="-79.331537"><ele>110.2</ele><time>2026-05-31T12:21:18.000Z</time></trkpt>
      <trkpt lat="43.733394" lon="-79.331521"><ele>110.6</ele><time>2026-05-31T12:21:19.000Z</time></trkpt>
      <trkpt lat="43.733325" lon="-79.331508"><ele>111</ele><time>2026-05-31T12:21:20.000Z</time></trkpt>
      <trkpt lat="43.733259" lon="-79.331495"><ele>111.4</ele><time>2026-05-31T12:21:21.000Z</time></trkpt>
      <trkpt lat="43.733192" lon="-79.331471"><ele>111.8</ele><time>2026-05-31T12:21:22.000Z</time></trkpt>
      <trkpt lat="43.733126" lon="-79.331448"><ele>112.2</ele><time>2026-05-31T12:21:23.000Z</time></trkpt>
      <trkpt lat="43.733063" lon="-79.331424"><ele>112.6</ele><time>2026-05-31T12:21:24.000Z</time></trkpt>
      <trkpt lat="43.733004" lon="-79.331401"><ele>113</ele><time>2026-05-31T12:21:25.000Z</time></trkpt>
      <trkpt lat="43.732946" lon="-79.331378"><ele>113.2</ele><time>2026-05-31T12:21:26.000Z</time></trkpt>
      <trkpt lat="43.73289" lon="-79.331362"><ele>113.6</ele><time>2026-05-31T12:21:27.000Z</time></trkpt>
      <trkpt lat="43.732835" lon="-79.331343"><ele>114</ele><time>2026-05-31T12:21:28.000Z</time></trkpt>
      <trkpt lat="43.732779" lon="-79.331323"><ele>114.2</ele><time>2026-05-31T12:21:29.000Z</time></trkpt>
      <trkpt lat="43.732725" lon="-79.331308"><ele>114.6</ele><time>2026-05-31T12:21:30.000Z</time></trkpt>
      <trkpt lat="43.73267" lon="-79.331296"><ele>114.8</ele><time>2026-05-31T12:21:31.000Z</time></trkpt>
      <trkpt lat="43.732617" lon="-79.331283"><ele>115</ele><time>2026-05-31T12:21:32.000Z</time></trkpt>
      <trkpt lat="43.732562" lon="-79.331272"><ele>115.2</ele><time>2026-05-31T12:21:33.000Z</time></trkpt>
      <trkpt lat="43.732508" lon="-79.331265"><ele>115.4</ele><time>2026-05-31T12:21:34.000Z</time></trkpt>
      <trkpt lat="43.732458" lon="-79.33126"><ele>115.6</ele><time>2026-05-31T12:21:35.000Z</time></trkpt>
      <trkpt lat="43.732408" lon="-79.331255"><ele>115.8</ele><time>2026-05-31T12:21:36.000Z</time></trkpt>
      <trkpt lat="43.732359" lon="-79.331252"><ele>116.2</ele><time>2026-05-31T12:21:37.000Z</time></trkpt>
      <trkpt lat="43.732313" lon="-79.331248"><ele>116.4</ele><time>2026-05-31T12:21:38.000Z</time></trkpt>
      <trkpt lat="43.732266" lon="-79.331241"><ele>116.6</ele><time>2026-05-31T12:21:39.000Z</time></trkpt>
      <trkpt lat="43.732211" lon="-79.331235"><ele>116.6</ele><time>2026-05-31T12:21:40.000Z</time></trkpt>
      <trkpt lat="43.732157" lon="-79.331228"><ele>116.8</ele><time>2026-05-31T12:21:41.000Z</time></trkpt>
      <trkpt lat="43.732105" lon="-79.331219"><ele>117</ele><time>2026-05-31T12:21:42.000Z</time></trkpt>
      <trkpt lat="43.732052" lon="-79.331211"><ele>117.2</ele><time>2026-05-31T12:21:43.000Z</time></trkpt>
      <trkpt lat="43.732002" lon="-79.331207"><ele>117.4</ele><time>2026-05-31T12:21:44.000Z</time></trkpt>
      <trkpt lat="43.731956" lon="-79.331199"><ele>117.6</ele><time>2026-05-31T12:21:45.000Z</time></trkpt>
      <trkpt lat="43.731912" lon="-79.33119"><ele>117.8</ele><time>2026-05-31T12:21:46.000Z</time></trkpt>
      <trkpt lat="43.731867" lon="-79.331177"><ele>118</ele><time>2026-05-31T12:21:47.000Z</time></trkpt>
      <trkpt lat="43.73182" lon="-79.331166"><ele>118.2</ele><time>2026-05-31T12:21:48.000Z</time></trkpt>
      <trkpt lat="43.731772" lon="-79.331159"><ele>118.6</ele><time>2026-05-31T12:21:49.000Z</time></trkpt>
      <trkpt lat="43.731728" lon="-79.331155"><ele>118.8</ele><time>2026-05-31T12:21:50.000Z</time></trkpt>
      <trkpt lat="43.731685" lon="-79.331156"><ele>119</ele><time>2026-05-31T12:21:51.000Z</time></trkpt>
      <trkpt lat="43.731645" lon="-79.331151"><ele>119.2</ele><time>2026-05-31T12:21:52.000Z</time></trkpt>
      <trkpt lat="43.731606" lon="-79.331143"><ele>119.6</ele><time>2026-05-31T12:21:53.000Z</time></trkpt>
      <trkpt lat="43.731569" lon="-79.331137"><ele>119.8</ele><time>2026-05-31T12:21:54.000Z</time></trkpt>
      <trkpt lat="43.731533" lon="-79.33113"><ele>119.8</ele><time>2026-05-31T12:21:55.000Z</time></trkpt>
      <trkpt lat="43.731499" lon="-79.331121"><ele>120.2</ele><time>2026-05-31T12:21:56.000Z</time></trkpt>
      <trkpt lat="43.731467" lon="-79.331113"><ele>120.4</ele><time>2026-05-31T12:21:57.000Z</time></trkpt>
      <trkpt lat="43.731437" lon="-79.33111"><ele>120.4</ele><time>2026-05-31T12:21:58.000Z</time></trkpt>
      <trkpt lat="43.731407" lon="-79.331102"><ele>120.6</ele><time>2026-05-31T12:21:59.000Z</time></trkpt>
      <trkpt lat="43.731374" lon="-79.331098"><ele>120.8</ele><time>2026-05-31T12:22:00.000Z</time></trkpt>
      <trkpt lat="43.731342" lon="-79.331092"><ele>120.8</ele><time>2026-05-31T12:22:01.000Z</time></trkpt>
      <trkpt lat="43.73131" lon="-79.331089"><ele>121</ele><time>2026-05-31T12:22:02.000Z</time></trkpt>
      <trkpt lat="43.731278" lon="-79.331085"><ele>121.2</ele><time>2026-05-31T12:22:03.000Z</time></trkpt>
      <trkpt lat="43.731246" lon="-79.331081"><ele>121.2</ele><time>2026-05-31T12:22:04.000Z</time></trkpt>
      <trkpt lat="43.731216" lon="-79.331077"><ele>121.4</ele><time>2026-05-31T12:22:05.000Z</time></trkpt>
      <trkpt lat="43.731184" lon="-79.331072"><ele>121.4</ele><time>2026-05-31T12:22:06.000Z</time></trkpt>
      <trkpt lat="43.731152" lon="-79.331068"><ele>121.6</ele><time>2026-05-31T12:22:07.000Z</time></trkpt>
      <trkpt lat="43.731119" lon="-79.331065"><ele>121.8</ele><time>2026-05-31T12:22:08.000Z</time></trkpt>
      <trkpt lat="43.731087" lon="-79.331056"><ele>121.8</ele><time>2026-05-31T12:22:09.000Z</time></trkpt>
      <trkpt lat="43.731051" lon="-79.331052"><ele>122</ele><time>2026-05-31T12:22:10.000Z</time></trkpt>
      <trkpt lat="43.731018" lon="-79.331051"><ele>122.2</ele><time>2026-05-31T12:22:11.000Z</time></trkpt>
      <trkpt lat="43.730988" lon="-79.331046"><ele>122.2</ele><time>2026-05-31T12:22:12.000Z</time></trkpt>
      <trkpt lat="43.730961" lon="-79.331041"><ele>122.4</ele><time>2026-05-31T12:22:13.000Z</time></trkpt>
      <trkpt lat="43.730931" lon="-79.331033"><ele>122.4</ele><time>2026-05-31T12:22:14.000Z</time></trkpt>
      <trkpt lat="43.730901" lon="-79.331023"><ele>122.4</ele><time>2026-05-31T12:22:15.000Z</time></trkpt>
      <trkpt lat="43.730868" lon="-79.331014"><ele>122.6</ele><time>2026-05-31T12:22:16.000Z</time></trkpt>
      <trkpt lat="43.730837" lon="-79.331009"><ele>122.8</ele><time>2026-05-31T12:22:17.000Z</time></trkpt>
      <trkpt lat="43.730804" lon="-79.331007"><ele>122.8</ele><time>2026-05-31T12:22:18.000Z</time></trkpt>
      <trkpt lat="43.73077" lon="-79.331003"><ele>123</ele><time>2026-05-31T12:22:19.000Z</time></trkpt>
      <trkpt lat="43.730735" lon="-79.330998"><ele>123.2</ele><time>2026-05-31T12:22:20.000Z</time></trkpt>
      <trkpt lat="43.730697" lon="-79.330995"><ele>123.4</ele><time>2026-05-31T12:22:21.000Z</time></trkpt>
      <trkpt lat="43.730652" lon="-79.330995"><ele>123.6</ele><time>2026-05-31T12:22:22.000Z</time></trkpt>
      <trkpt lat="43.730619" lon="-79.33099"><ele>123.8</ele><time>2026-05-31T12:22:23.000Z</time></trkpt>
      <trkpt lat="43.730583" lon="-79.330982"><ele>124</ele><time>2026-05-31T12:22:24.000Z</time></trkpt>
      <trkpt lat="43.730549" lon="-79.330973"><ele>124.4</ele><time>2026-05-31T12:22:25.000Z</time></trkpt>
      <trkpt lat="43.730519" lon="-79.330964"><ele>124.6</ele><time>2026-05-31T12:22:26.000Z</time></trkpt>
      <trkpt lat="43.730495" lon="-79.33096"><ele>124.8</ele><time>2026-05-31T12:22:27.000Z</time></trkpt>
      <trkpt lat="43.730472" lon="-79.330954"><ele>125</ele><time>2026-05-31T12:22:28.000Z</time></trkpt>
      <trkpt lat="43.730455" lon="-79.330946"><ele>125.2</ele><time>2026-05-31T12:22:29.000Z</time></trkpt>
      <trkpt lat="43.730442" lon="-79.330927"><ele>125.6</ele><time>2026-05-31T12:22:30.000Z</time></trkpt>
      <trkpt lat="43.730404" lon="-79.330885"><ele>125.6</ele><time>2026-05-31T12:22:31.000Z</time></trkpt>
      <trkpt lat="43.73034" lon="-79.330911"><ele>125.8</ele><time>2026-05-31T12:22:32.000Z</time></trkpt>
      <trkpt lat="43.730307" lon="-79.330918"><ele>125.8</ele><time>2026-05-31T12:22:33.000Z</time></trkpt>
      <trkpt lat="43.730276" lon="-79.330931"><ele>126</ele><time>2026-05-31T12:22:34.000Z</time></trkpt>
      <trkpt lat="43.730241" lon="-79.330926"><ele>126</ele><time>2026-05-31T12:22:35.000Z</time></trkpt>
      <trkpt lat="43.730203" lon="-79.330918"><ele>126.2</ele><time>2026-05-31T12:22:36.000Z</time></trkpt>
      <trkpt lat="43.730162" lon="-79.330911"><ele>126.2</ele><time>2026-05-31T12:22:37.000Z</time></trkpt>
      <trkpt lat="43.730128" lon="-79.330905"><ele>126.4</ele><time>2026-05-31T12:22:38.000Z</time></trkpt>
      <trkpt lat="43.730098" lon="-79.330901"><ele>126.6</ele><time>2026-05-31T12:22:39.000Z</time></trkpt>
      <trkpt lat="43.730066" lon="-79.330898"><ele>126.8</ele><time>2026-05-31T12:22:40.000Z</time></trkpt>
      <trkpt lat="43.730034" lon="-79.330893"><ele>126.8</ele><time>2026-05-31T12:22:41.000Z</time></trkpt>
      <trkpt lat="43.730001" lon="-79.330886"><ele>127</ele><time>2026-05-31T12:22:42.000Z</time></trkpt>
      <trkpt lat="43.729971" lon="-79.330877"><ele>127</ele><time>2026-05-31T12:22:43.000Z</time></trkpt>
      <trkpt lat="43.729939" lon="-79.330872"><ele>127</ele><time>2026-05-31T12:22:44.000Z</time></trkpt>
      <trkpt lat="43.729908" lon="-79.330868"><ele>127.2</ele><time>2026-05-31T12:22:45.000Z</time></trkpt>
      <trkpt lat="43.729878" lon="-79.330864"><ele>127.2</ele><time>2026-05-31T12:22:46.000Z</time></trkpt>
      <trkpt lat="43.72985" lon="-79.330858"><ele>127.2</ele><time>2026-05-31T12:22:47.000Z</time></trkpt>
      <trkpt lat="43.729822" lon="-79.330854"><ele>127.4</ele><time>2026-05-31T12:22:48.000Z</time></trkpt>
      <trkpt lat="43.729793" lon="-79.330852"><ele>127.4</ele><time>2026-05-31T12:22:49.000Z</time></trkpt>
      <trkpt lat="43.729764" lon="-79.330852"><ele>127.6</ele><time>2026-05-31T12:22:50.000Z</time></trkpt>
      <trkpt lat="43.729734" lon="-79.330848"><ele>127.8</ele><time>2026-05-31T12:22:51.000Z</time></trkpt>
      <trkpt lat="43.729706" lon="-79.330842"><ele>127.8</ele><time>2026-05-31T12:22:52.000Z</time></trkpt>
      <trkpt lat="43.729677" lon="-79.330836"><ele>128</ele><time>2026-05-31T12:22:53.000Z</time></trkpt>
      <trkpt lat="43.729647" lon="-79.330832"><ele>128.2</ele><time>2026-05-31T12:22:54.000Z</time></trkpt>
      <trkpt lat="43.729619" lon="-79.330831"><ele>128.2</ele><time>2026-05-31T12:22:55.000Z</time></trkpt>
      <trkpt lat="43.729591" lon="-79.330829"><ele>128.4</ele><time>2026-05-31T12:22:56.000Z</time></trkpt>
      <trkpt lat="43.729563" lon="-79.330829"><ele>128.4</ele><time>2026-05-31T12:22:57.000Z</time></trkpt>
      <trkpt lat="43.729533" lon="-79.330828"><ele>128.6</ele><time>2026-05-31T12:22:58.000Z</time></trkpt>
      <trkpt lat="43.729503" lon="-79.330826"><ele>128.6</ele><time>2026-05-31T12:22:59.000Z</time></trkpt>
      <trkpt lat="43.729472" lon="-79.330827"><ele>128.8</ele><time>2026-05-31T12:23:00.000Z</time></trkpt>
      <trkpt lat="43.729441" lon="-79.330828"><ele>128.8</ele><time>2026-05-31T12:23:01.000Z</time></trkpt>
      <trkpt lat="43.729409" lon="-79.330826"><ele>129</ele><time>2026-05-31T12:23:02.000Z</time></trkpt>
      <trkpt lat="43.729378" lon="-79.330823"><ele>129</ele><time>2026-05-31T12:23:03.000Z</time></trkpt>
      <trkpt lat="43.729346" lon="-79.330825"><ele>129.2</ele><time>2026-05-31T12:23:04.000Z</time></trkpt>
      <trkpt lat="43.729316" lon="-79.330824"><ele>129.2</ele><time>2026-05-31T12:23:05.000Z</time></trkpt>
      <trkpt lat="43.729286" lon="-79.330822"><ele>129.4</ele><time>2026-05-31T12:23:06.000Z</time></trkpt>
      <trkpt lat="43.729255" lon="-79.330821"><ele>129.6</ele><time>2026-05-31T12:23:07.000Z</time></trkpt>
      <trkpt lat="43.729224" lon="-79.330821"><ele>129.6</ele><time>2026-05-31T12:23:08.000Z</time></trkpt>
      <trkpt lat="43.729192" lon="-79.330822"><ele>129.6</ele><time>2026-05-31T12:23:09.000Z</time></trkpt>
      <trkpt lat="43.72916" lon="-79.33082"><ele>129.8</ele><time>2026-05-31T12:23:10.000Z</time></trkpt>
      <trkpt lat="43.729124" lon="-79.330822"><ele>130</ele><time>2026-05-31T12:23:11.000Z</time></trkpt>
      <trkpt lat="43.729091" lon="-79.330825"><ele>130</ele><time>2026-05-31T12:23:12.000Z</time></trkpt>
      <trkpt lat="43.72906" lon="-79.330827"><ele>130.2</ele><time>2026-05-31T12:23:13.000Z</time></trkpt>
      <trkpt lat="43.729026" lon="-79.330831"><ele>130.4</ele><time>2026-05-31T12:23:14.000Z</time></trkpt>
      <trkpt lat="43.728992" lon="-79.330833"><ele>130.6</ele><time>2026-05-31T12:23:15.000Z</time></trkpt>
      <trkpt lat="43.728959" lon="-79.330834"><ele>130.6</ele><time>2026-05-31T12:23:16.000Z</time></trkpt>
      <trkpt lat="43.728927" lon="-79.330835"><ele>130.8</ele><time>2026-05-31T12:23:17.000Z</time></trkpt>
      <trkpt lat="43.728893" lon="-79.330836"><ele>131</ele><time>2026-05-31T12:23:18.000Z</time></trkpt>
      <trkpt lat="43.728859" lon="-79.330838"><ele>131.2</ele><time>2026-05-31T12:23:19.000Z</time></trkpt>
      <trkpt lat="43.728823" lon="-79.330839"><ele>131.4</ele><time>2026-05-31T12:23:20.000Z</time></trkpt>
      <trkpt lat="43.728788" lon="-79.33084"><ele>131.6</ele><time>2026-05-31T12:23:21.000Z</time></trkpt>
      <trkpt lat="43.728755" lon="-79.330843"><ele>131.8</ele><time>2026-05-31T12:23:22.000Z</time></trkpt>
      <trkpt lat="43.728722" lon="-79.330844"><ele>131.8</ele><time>2026-05-31T12:23:23.000Z</time></trkpt>
      <trkpt lat="43.728688" lon="-79.330847"><ele>132</ele><time>2026-05-31T12:23:24.000Z</time></trkpt>
      <trkpt lat="43.728654" lon="-79.330851"><ele>132.2</ele><time>2026-05-31T12:23:25.000Z</time></trkpt>
      <trkpt lat="43.72862" lon="-79.330849"><ele>132.2</ele><time>2026-05-31T12:23:26.000Z</time></trkpt>
      <trkpt lat="43.728585" lon="-79.33085"><ele>132.4</ele><time>2026-05-31T12:23:27.000Z</time></trkpt>
      <trkpt lat="43.728549" lon="-79.330852"><ele>132.4</ele><time>2026-05-31T12:23:28.000Z</time></trkpt>
      <trkpt lat="43.728514" lon="-79.330852"><ele>132.4</ele><time>2026-05-31T12:23:29.000Z</time></trkpt>
      <trkpt lat="43.728481" lon="-79.330854"><ele>132.6</ele><time>2026-05-31T12:23:30.000Z</time></trkpt>
      <trkpt lat="43.728448" lon="-79.330858"><ele>132.6</ele><time>2026-05-31T12:23:31.000Z</time></trkpt>
      <trkpt lat="43.728417" lon="-79.330859"><ele>132.6</ele><time>2026-05-31T12:23:32.000Z</time></trkpt>
      <trkpt lat="43.728385" lon="-79.33086"><ele>132.8</ele><time>2026-05-31T12:23:33.000Z</time></trkpt>
      <trkpt lat="43.728353" lon="-79.330864"><ele>132.8</ele><time>2026-05-31T12:23:34.000Z</time></trkpt>
      <trkpt lat="43.728319" lon="-79.330866"><ele>133</ele><time>2026-05-31T12:23:35.000Z</time></trkpt>
      <trkpt lat="43.728284" lon="-79.33087"><ele>133</ele><time>2026-05-31T12:23:36.000Z</time></trkpt>
      <trkpt lat="43.728247" lon="-79.33087"><ele>133</ele><time>2026-05-31T12:23:37.000Z</time></trkpt>
      <trkpt lat="43.728213" lon="-79.330871"><ele>133</ele><time>2026-05-31T12:23:38.000Z</time></trkpt>
      <trkpt lat="43.728179" lon="-79.330875"><ele>133.2</ele><time>2026-05-31T12:23:39.000Z</time></trkpt>
      <trkpt lat="43.728146" lon="-79.330877"><ele>133.4</ele><time>2026-05-31T12:23:40.000Z</time></trkpt>
      <trkpt lat="43.728116" lon="-79.33088"><ele>133.6</ele><time>2026-05-31T12:23:41.000Z</time></trkpt>
      <trkpt lat="43.728086" lon="-79.330882"><ele>133.8</ele><time>2026-05-31T12:23:42.000Z</time></trkpt>
      <trkpt lat="43.728054" lon="-79.330886"><ele>134</ele><time>2026-05-31T12:23:43.000Z</time></trkpt>
      <trkpt lat="43.728024" lon="-79.330888"><ele>134.2</ele><time>2026-05-31T12:23:44.000Z</time></trkpt>
      <trkpt lat="43.727995" lon="-79.330891"><ele>134.2</ele><time>2026-05-31T12:23:45.000Z</time></trkpt>
      <trkpt lat="43.727964" lon="-79.330891"><ele>134.4</ele><time>2026-05-31T12:23:46.000Z</time></trkpt>
      <trkpt lat="43.727934" lon="-79.330888"><ele>134.4</ele><time>2026-05-31T12:23:47.000Z</time></trkpt>
      <trkpt lat="43.727903" lon="-79.330888"><ele>134.6</ele><time>2026-05-31T12:23:48.000Z</time></trkpt>
      <trkpt lat="43.727873" lon="-79.330887"><ele>134.8</ele><time>2026-05-31T12:23:49.000Z</time></trkpt>
      <trkpt lat="43.727842" lon="-79.330889"><ele>135</ele><time>2026-05-31T12:23:50.000Z</time></trkpt>
      <trkpt lat="43.727814" lon="-79.330893"><ele>135</ele><time>2026-05-31T12:23:51.000Z</time></trkpt>
      <trkpt lat="43.727784" lon="-79.330896"><ele>135.2</ele><time>2026-05-31T12:23:52.000Z</time></trkpt>
      <trkpt lat="43.727754" lon="-79.330898"><ele>135.4</ele><time>2026-05-31T12:23:53.000Z</time></trkpt>
      <trkpt lat="43.727724" lon="-79.330901"><ele>135.6</ele><time>2026-05-31T12:23:54.000Z</time></trkpt>
      <trkpt lat="43.727694" lon="-79.330904"><ele>135.8</ele><time>2026-05-31T12:23:55.000Z</time></trkpt>
      <trkpt lat="43.727665" lon="-79.330909"><ele>136</ele><time>2026-05-31T12:23:56.000Z</time></trkpt>
      <trkpt lat="43.727636" lon="-79.330917"><ele>136.2</ele><time>2026-05-31T12:23:57.000Z</time></trkpt>
      <trkpt lat="43.727606" lon="-79.330923"><ele>136.4</ele><time>2026-05-31T12:23:58.000Z</time></trkpt>
      <trkpt lat="43.727575" lon="-79.330925"><ele>136.6</ele><time>2026-05-31T12:23:59.000Z</time></trkpt>
      <trkpt lat="43.727545" lon="-79.330925"><ele>136.6</ele><time>2026-05-31T12:24:00.000Z</time></trkpt>
      <trkpt lat="43.727514" lon="-79.330928"><ele>136.8</ele><time>2026-05-31T12:24:01.000Z</time></trkpt>
      <trkpt lat="43.727485" lon="-79.330926"><ele>137</ele><time>2026-05-31T12:24:02.000Z</time></trkpt>
      <trkpt lat="43.727455" lon="-79.330927"><ele>137.2</ele><time>2026-05-31T12:24:03.000Z</time></trkpt>
      <trkpt lat="43.727426" lon="-79.330929"><ele>137.4</ele><time>2026-05-31T12:24:04.000Z</time></trkpt>
      <trkpt lat="43.727395" lon="-79.330929"><ele>137.8</ele><time>2026-05-31T12:24:05.000Z</time></trkpt>
      <trkpt lat="43.727367" lon="-79.330924"><ele>138</ele><time>2026-05-31T12:24:06.000Z</time></trkpt>
      <trkpt lat="43.727338" lon="-79.330922"><ele>138.2</ele><time>2026-05-31T12:24:07.000Z</time></trkpt>
      <trkpt lat="43.72731" lon="-79.330924"><ele>138.2</ele><time>2026-05-31T12:24:08.000Z</time></trkpt>
      <trkpt lat="43.72728" lon="-79.330926"><ele>138.4</ele><time>2026-05-31T12:24:09.000Z</time></trkpt>
      <trkpt lat="43.727251" lon="-79.330927"><ele>138.4</ele><time>2026-05-31T12:24:10.000Z</time></trkpt>
      <trkpt lat="43.727223" lon="-79.330926"><ele>138.6</ele><time>2026-05-31T12:24:11.000Z</time></trkpt>
      <trkpt lat="43.727195" lon="-79.330925"><ele>138.6</ele><time>2026-05-31T12:24:12.000Z</time></trkpt>
      <trkpt lat="43.727167" lon="-79.330925"><ele>138.6</ele><time>2026-05-31T12:24:13.000Z</time></trkpt>
      <trkpt lat="43.727141" lon="-79.330923"><ele>138.8</ele><time>2026-05-31T12:24:14.000Z</time></trkpt>
      <trkpt lat="43.727117" lon="-79.330923"><ele>138.8</ele><time>2026-05-31T12:24:15.000Z</time></trkpt>
      <trkpt lat="43.727093" lon="-79.330925"><ele>139</ele><time>2026-05-31T12:24:16.000Z</time></trkpt>
      <trkpt lat="43.727067" lon="-79.330924"><ele>139.2</ele><time>2026-05-31T12:24:17.000Z</time></trkpt>
      <trkpt lat="43.727045" lon="-79.330926"><ele>139.4</ele><time>2026-05-31T12:24:18.000Z</time></trkpt>
      <trkpt lat="43.727021" lon="-79.330927"><ele>139.4</ele><time>2026-05-31T12:24:19.000Z</time></trkpt>
      <trkpt lat="43.727" lon="-79.330925"><ele>139.4</ele><time>2026-05-31T12:24:20.000Z</time></trkpt>
      <trkpt lat="43.726886" lon="-79.330905"><ele>139.8</ele><time>2026-05-31T12:24:53.000Z</time></trkpt>
      <trkpt lat="43.726886" lon="-79.330905"><ele>139.8</ele><time>2026-05-31T12:24:54.000Z</time></trkpt>
      <trkpt lat="43.726881" lon="-79.330903"><ele>139.8</ele><time>2026-05-31T12:24:55.000Z</time></trkpt>
      <trkpt lat="43.726854" lon="-79.3309"><ele>139.8</ele><time>2026-05-31T12:24:56.000Z</time></trkpt>
      <trkpt lat="43.726838" lon="-79.3309"><ele>139.8</ele><time>2026-05-31T12:24:57.000Z</time></trkpt>
      <trkpt lat="43.726815" lon="-79.3309"><ele>140</ele><time>2026-05-31T12:24:58.000Z</time></trkpt>
      <trkpt lat="43.726794" lon="-79.330899"><ele>140</ele><time>2026-05-31T12:24:59.000Z</time></trkpt>
      <trkpt lat="43.726775" lon="-79.330902"><ele>140</ele><time>2026-05-31T12:25:00.000Z</time></trkpt>
      <trkpt lat="43.726755" lon="-79.33091"><ele>140</ele><time>2026-05-31T12:25:01.000Z</time></trkpt>
      <trkpt lat="43.726582" lon="-79.331211"><ele>140.2</ele><time>2026-05-31T12:25:14.000Z</time></trkpt>
      <trkpt lat="43.726576" lon="-79.331233"><ele>140.2</ele><time>2026-05-31T12:25:15.000Z</time></trkpt>
      <trkpt lat="43.726572" lon="-79.331257"><ele>140.2</ele><time>2026-05-31T12:25:16.000Z</time></trkpt>
      <trkpt lat="43.72657" lon="-79.331277"><ele>140.2</ele><time>2026-05-31T12:25:17.000Z</time></trkpt>
      <trkpt lat="43.726568" lon="-79.3313"><ele>140.2</ele><time>2026-05-31T12:25:18.000Z</time></trkpt>
      <trkpt lat="43.726565" lon="-79.331318"><ele>140.2</ele><time>2026-05-31T12:25:19.000Z</time></trkpt>
      <trkpt lat="43.726348" lon="-79.331397"><ele>139.6</ele><time>2026-05-31T12:25:52.000Z</time></trkpt>
      <trkpt lat="43.726341" lon="-79.331355"><ele>139.4</ele><time>2026-05-31T12:25:53.000Z</time></trkpt>
      <trkpt lat="43.726336" lon="-79.331308"><ele>139.2</ele><time>2026-05-31T12:25:54.000Z</time></trkpt>
      <trkpt lat="43.726331" lon="-79.331257"><ele>139</ele><time>2026-05-31T12:25:55.000Z</time></trkpt>
      <trkpt lat="43.726326" lon="-79.331209"><ele>138.8</ele><time>2026-05-31T12:25:56.000Z</time></trkpt>
      <trkpt lat="43.726319" lon="-79.331157"><ele>138.8</ele><time>2026-05-31T12:25:57.000Z</time></trkpt>
      <trkpt lat="43.726301" lon="-79.331113"><ele>138.6</ele><time>2026-05-31T12:25:58.000Z</time></trkpt>
    </trkseg>
  </trk>
</gpx>
