<?xml version="1.0" encoding="UTF-8"?>
<gpx creator="Garmin Connect" version="1.1"
  xsi:schemaLocation="http://www.topografix.com/GPX/1/1 http://www.topografix.com/GPX/11.xsd"
  xmlns:ns3="http://www.garmin.com/xmlschemas/TrackPointExtension/v1"
  xmlns="http://www.topografix.com/GPX/1/1"
  xmlns:xsi="http://www.w3.org/2001/XMLSchema-instance" xmlns:ns2="http://www.garmin.com/xmlschemas/GpxExtensions/v3">
  <metadata>
    <name>2025 TCS Toronto Waterfront Marathon FULL OFFICIAL</name>
    <link href="connect.garmin.com">
      <text>Garmin Connect</text>
    </link>
    <time>2025-09-08T13:57:23.000Z</time>
  </metadata>
  <trk>
    <name>2025 TCS Toronto Waterfront Marathon FULL OFFICIAL</name>
    <trkseg>
      <trkpt lat="43.65778296254575" lon="-79.38158009201288">
        <ele>92.08</ele>
      </trkpt>
      <trkpt lat="43.65806048735976" lon="-79.381696684286">
        <ele>92.47</ele>
      </trkpt>
      <trkpt lat="43.65833792835474" lon="-79.38181319274008">
        <ele>92.77</ele>
      </trkpt>
      <trkpt lat="43.65861545316875" lon="-79.3819297850132">
        <ele>93.21</ele>
      </trkpt>
      <trkpt lat="43.65889289416373" lon="-79.38204637728631">
        <ele>93.56</ele>
      </trkpt>
      <trkpt lat="43.65917041897774" lon="-79.38216296955943">
        <ele>93.87</ele>
      </trkpt>
      <trkpt lat="43.65944920107722" lon="-79.38228006474674">
        <ele>94.16</ele>
      </trkpt>
      <trkpt lat="43.65973837673664" lon="-79.38240076415241">
        <ele>94.55</ele>
      </trkpt>
      <trkpt lat="43.66002755239606" lon="-79.38252154737711">
        <ele>94.92</ele>
      </trkpt>
      <trkpt lat="43.66031672805548" lon="-79.38264224678278">
        <ele>95.35</ele>
      </trkpt>
      <trkpt lat="43.660605903714895" lon="-79.38276294618845">
        <ele>95.77</ele>
      </trkpt>
      <trkpt lat="43.66089507937431" lon="-79.38288372941315">
        <ele>96.17</ele>
      </trkpt>
      <trkpt lat="43.66118425503373" lon="-79.38300442881882">
        <ele>96.55</ele>
      </trkpt>
      <trkpt lat="43.66147343069315" lon="-79.38312512822449">
        <ele>97.05</ele>
      </trkpt>
      <trkpt lat="43.66176260635257" lon="-79.3832459114492">
        <ele>97.48</ele>
      </trkpt>
      <trkpt lat="43.662051782011986" lon="-79.38336661085486">
        <ele>97.96</ele>
      </trkpt>
      <trkpt lat="43.662340957671404" lon="-79.38348731026053">
        <ele>98.47</ele>
      </trkpt>
      <trkpt lat="43.66263013333082" lon="-79.38360809348524">
        <ele>98.97</ele>
      </trkpt>
      <trkpt lat="43.66291930899024" lon="-79.3837287928909">
        <ele>99.51</ele>
      </trkpt>
      <trkpt lat="43.66320848464966" lon="-79.38384949229658">
        <ele>100.02</ele>
      </trkpt>
      <trkpt lat="43.663497660309076" lon="-79.38397027552128">
        <ele>100.57</ele>
      </trkpt>
      <trkpt lat="43.663786835968494" lon="-79.38409097492695">
        <ele>101.08</ele>
      </trkpt>
      <trkpt lat="43.66407601162791" lon="-79.38421175815165">
        <ele>101.62</ele>
      </trkpt>
      <trkpt lat="43.66436518728733" lon="-79.38433245755732">
        <ele>102.13</ele>
      </trkpt>
      <trkpt lat="43.66465436294675" lon="-79.38445324078202">
        <ele>102.63</ele>
      </trkpt>
      <trkpt lat="43.664947813376784" lon="-79.38457586802542">
        <ele>103.12</ele>
      </trkpt>
      <trkpt lat="43.665239084511995" lon="-79.38469774089754">
        <ele>103.58</ele>
      </trkpt>
      <trkpt lat="43.665530271828175" lon="-79.38481969758868">
        <ele>104.02</ele>
      </trkpt>
      <trkpt lat="43.665821542963386" lon="-79.3849415704608">
        <ele>104.42</ele>
      </trkpt>
      <trkpt lat="43.666112730279565" lon="-79.38506352715194">
        <ele>104.81</ele>
      </trkpt>
      <trkpt lat="43.666403917595744" lon="-79.38518540002406">
        <ele>105.2</ele>
      </trkpt>
      <trkpt lat="43.666695188730955" lon="-79.38530727289617">
        <ele>105.49</ele>
      </trkpt>
      <trkpt lat="43.666986376047134" lon="-79.38542922958732">
        <ele>105.72</ele>
      </trkpt>
      <trkpt lat="43.667277647182345" lon="-79.38555110245943">
        <ele>105.9</ele>
      </trkpt>
      <trkpt lat="43.667568834498525" lon="-79.38567305915058">
        <ele>106.04</ele>
      </trkpt>
      <trkpt lat="43.667860021814704" lon="-79.38579493202269">
        <ele>106.14</ele>
      </trkpt>
      <trkpt lat="43.668151292949915" lon="-79.38591688871384">
        <ele>106.21</ele>
      </trkpt>
      <trkpt lat="43.668442480266094" lon="-79.38603876158595">
        <ele>106.24</ele>
      </trkpt>
      <trkpt lat="43.66873366758227" lon="-79.3861607182771">
        <ele>106.26</ele>
      </trkpt>
      <trkpt lat="43.669024938717484" lon="-79.38628259114921">
        <ele>106.25</ele>
      </trkpt>
      <trkpt lat="43.669316126033664" lon="-79.38640454784036">
        <ele>106.23</ele>
      </trkpt>
      <trkpt lat="43.669607397168875" lon="-79.38652642071247">
        <ele>106.2</ele>
      </trkpt>
      <trkpt lat="43.669898584485054" lon="-79.38664837740362">
        <ele>106.17</ele>
      </trkpt>
      <trkpt lat="43.67019396275282" lon="-79.38677209429443">
        <ele>106.13</ele>
      </trkpt>
      <trkpt lat="43.67011425085366" lon="-79.3871742580086">
        <ele>106.1</ele>
      </trkpt>
      <trkpt lat="43.67003462277353" lon="-79.3875765055418">
        <ele>106.07</ele>
      </trkpt>
      <trkpt lat="43.66995491087437" lon="-79.38797866925597">
        <ele>106.06</ele>
      </trkpt>
      <trkpt lat="43.66987528279424" lon="-79.38838083297014">
        <ele>106.05</ele>
      </trkpt>
      <trkpt lat="43.669795570895076" lon="-79.38878308050334">
        <ele>106.06</ele>
      </trkpt>
      <trkpt lat="43.669715942814946" lon="-79.38918524421751">
        <ele>106.09</ele>
      </trkpt>
      <trkpt lat="43.669636230915785" lon="-79.38958740793169">
        <ele>106.13</ele>
      </trkpt>
      <trkpt lat="43.669556602835655" lon="-79.38998957164586">
        <ele>106.19</ele>
      </trkpt>
      <trkpt lat="43.669476890936494" lon="-79.39039181917906">
        <ele>106.27</ele>
      </trkpt>
      <trkpt lat="43.669397262856364" lon="-79.39079398289323">
        <ele>106.37</ele>
      </trkpt>
      <trkpt lat="43.6693175509572" lon="-79.3911961466074">
        <ele>106.5</ele>
      </trkpt>
      <trkpt lat="43.66923792287707" lon="-79.3915983941406">
        <ele>106.64</ele>
      </trkpt>
      <trkpt lat="43.66915821097791" lon="-79.39200055785477">
        <ele>106.82</ele>
      </trkpt>
      <trkpt lat="43.66908084601164" lon="-79.39239031635225">
        <ele>107.04</ele>
      </trkpt>
      <trkpt lat="43.66899627260864" lon="-79.39280245453119">
        <ele>107.25</ele>
      </trkpt>
      <trkpt lat="43.668911615386605" lon="-79.3932145088911">
        <ele>107.51</ele>
      </trkpt>
      <trkpt lat="43.668827041983604" lon="-79.39362664707005">
        <ele>107.71</ele>
      </trkpt>
      <trkpt lat="43.668742468580604" lon="-79.394038785249">
        <ele>107.99</ele>
      </trkpt>
      <trkpt lat="43.66865781135857" lon="-79.39445092342794">
        <ele>108.21</ele>
      </trkpt>
      <trkpt lat="43.66857323795557" lon="-79.39486306160688">
        <ele>108.42</ele>
      </trkpt>
      <trkpt lat="43.66848858073354" lon="-79.39527519978583">
        <ele>108.62</ele>
      </trkpt>
      <trkpt lat="43.66840400733054" lon="-79.39568725414574">
        <ele>108.82</ele>
      </trkpt>
      <trkpt lat="43.668319350108504" lon="-79.39609939232469">
        <ele>109.0</ele>
      </trkpt>
      <trkpt lat="43.6682347767055" lon="-79.39651153050363">
        <ele>109.25</ele>
      </trkpt>
      <trkpt lat="43.66815011948347" lon="-79.39692366868258">
        <ele>109.42</ele>
      </trkpt>
      <trkpt lat="43.66806554608047" lon="-79.39733572304249">
        <ele>109.57</ele>
      </trkpt>
      <trkpt lat="43.66798097267747" lon="-79.39774786122143">
        <ele>109.7</ele>
      </trkpt>
      <trkpt lat="43.66789631545544" lon="-79.39815999940038">
        <ele>109.82</ele>
      </trkpt>
      <trkpt lat="43.667811742052436" lon="-79.39857213757932">
        <ele>110.01</ele>
      </trkpt>
      <trkpt lat="43.6677270848304" lon="-79.39898419193923">
        <ele>110.15</ele>
      </trkpt>
      <trkpt lat="43.6676425114274" lon="-79.39939633011818">
        <ele>110.28</ele>
      </trkpt>
      <trkpt lat="43.66755785420537" lon="-79.39980846829712">
        <ele>110.4</ele>
      </trkpt>
      <trkpt lat="43.66747328080237" lon="-79.40022060647607">
        <ele>110.52</ele>
      </trkpt>
      <trkpt lat="43.66738862358034" lon="-79.40063266083598">
        <ele>110.63</ele>
      </trkpt>
      <trkpt lat="43.667304050177336" lon="-79.40104479901493">
        <ele>110.74</ele>
      </trkpt>
      <trkpt lat="43.667219476774335" lon="-79.40145693719387">
        <ele>110.84</ele>
      </trkpt>
      <trkpt lat="43.6671348195523" lon="-79.40186899155378">
        <ele>110.94</ele>
      </trkpt>
      <trkpt lat="43.6670502461493" lon="-79.40228112973273">
        <ele>111.04</ele>
      </trkpt>
      <trkpt lat="43.66696558892727" lon="-79.40269326791167">
        <ele>111.17</ele>
      </trkpt>
      <trkpt lat="43.66688101552427" lon="-79.40310532227159">
        <ele>111.28</ele>
      </trkpt>
      <trkpt lat="43.666796358302236" lon="-79.40351746045053">
        <ele>111.35</ele>
      </trkpt>
      <trkpt lat="43.666711784899235" lon="-79.40392959862947">
        <ele>111.42</ele>
      </trkpt>
      <trkpt lat="43.6666271276772" lon="-79.40434165298939">
        <ele>111.47</ele>
      </trkpt>
      <trkpt lat="43.6665425542742" lon="-79.40475379116833">
        <ele>111.55</ele>
      </trkpt>
      <trkpt lat="43.66645789705217" lon="-79.40516592934728">
        <ele>111.6</ele>
      </trkpt>
      <trkpt lat="43.66637332364917" lon="-79.40557798370719">
        <ele>111.58</ele>
      </trkpt>
      <trkpt lat="43.66628875024617" lon="-79.40599012188613">
        <ele>111.55</ele>
      </trkpt>
      <trkpt lat="43.666204093024135" lon="-79.40640226006508">
        <ele>111.5</ele>
      </trkpt>
      <trkpt lat="43.666119519621134" lon="-79.40681431442499">
        <ele>111.45</ele>
      </trkpt>
      <trkpt lat="43.6660348623991" lon="-79.40722645260394">
        <ele>111.38</ele>
      </trkpt>
      <trkpt lat="43.6659502889961" lon="-79.40763850696385">
        <ele>111.3</ele>
      </trkpt>
      <trkpt lat="43.66586563177407" lon="-79.4080506451428">
        <ele>111.2</ele>
      </trkpt>
      <trkpt lat="43.66578105837107" lon="-79.40846278332174">
        <ele>111.08</ele>
      </trkpt>
      <trkpt lat="43.665696401149035" lon="-79.40887483768165">
        <ele>110.94</ele>
      </trkpt>
      <trkpt lat="43.665611827746034" lon="-79.4092869758606">
        <ele>110.78</ele>
      </trkpt>
      <trkpt lat="43.66552725434303" lon="-79.40969903022051">
        <ele>110.6</ele>
      </trkpt>
      <trkpt lat="43.665442597121" lon="-79.41011116839945">
        <ele>110.4</ele>
      </trkpt>
      <trkpt lat="43.665358023718" lon="-79.41052322275937">
        <ele>110.19</ele>
      </trkpt>
      <trkpt lat="43.66527336649597" lon="-79.41093536093831">
        <ele>109.98</ele>
      </trkpt>
      <trkpt lat="43.66519583389163" lon="-79.41130508668721">
        <ele>109.77</ele>
      </trkpt>
      <trkpt lat="43.66489450447261" lon="-79.41118178889155">
        <ele>109.56</ele>
      </trkpt>
      <trkpt lat="43.66459325887263" lon="-79.4110584910959">
        <ele>109.28</ele>
      </trkpt>
      <trkpt lat="43.66429192945361" lon="-79.41093519330025">
        <ele>109.04</ele>
      </trkpt>
      <trkpt lat="43.663990600034595" lon="-79.41081197932363">
        <ele>108.82</ele>
      </trkpt>
      <trkpt lat="43.66368935443461" lon="-79.41068868152797">
        <ele>108.54</ele>
      </trkpt>
      <trkpt lat="43.66338802501559" lon="-79.41056538373232">
        <ele>108.33</ele>
      </trkpt>
      <trkpt lat="43.66308677941561" lon="-79.41044208593667">
        <ele>108.11</ele>
      </trkpt>
      <trkpt lat="43.66278544999659" lon="-79.41031878814101">
        <ele>107.86</ele>
      </trkpt>
      <trkpt lat="43.662484120577574" lon="-79.41019549034536">
        <ele>107.68</ele>
      </trkpt>
      <trkpt lat="43.66218287497759" lon="-79.4100721925497">
        <ele>107.48</ele>
      </trkpt>
      <trkpt lat="43.66188154555857" lon="-79.40994889475405">
        <ele>107.3</ele>
      </trkpt>
      <trkpt lat="43.66158029995859" lon="-79.4098255969584">
        <ele>107.16</ele>
      </trkpt>
      <trkpt lat="43.66127897053957" lon="-79.40970229916275">
        <ele>107.03</ele>
      </trkpt>
      <trkpt lat="43.660977724939585" lon="-79.40957900136709">
        <ele>106.92</ele>
      </trkpt>
      <trkpt lat="43.66067639552057" lon="-79.40945570357144">
        <ele>106.81</ele>
      </trkpt>
      <trkpt lat="43.66037506610155" lon="-79.40933240577579">
        <ele>106.71</ele>
      </trkpt>
      <trkpt lat="43.660073820501566" lon="-79.40920910798013">
        <ele>106.6</ele>
      </trkpt>
      <trkpt lat="43.65977249108255" lon="-79.40908589400351">
        <ele>106.5</ele>
      </trkpt>
      <trkpt lat="43.659471245482564" lon="-79.40896259620786">
        <ele>106.39</ele>
      </trkpt>
      <trkpt lat="43.65916991606355" lon="-79.4088392984122">
        <ele>106.27</ele>
      </trkpt>
      <trkpt lat="43.65886858664453" lon="-79.40871600061655">
        <ele>106.13</ele>
      </trkpt>
      <trkpt lat="43.658567341044545" lon="-79.4085927028209">
        <ele>105.97</ele>
      </trkpt>
      <trkpt lat="43.65826601162553" lon="-79.40846940502524">
        <ele>105.78</ele>
      </trkpt>
      <trkpt lat="43.65796476602554" lon="-79.40834610722959">
        <ele>105.57</ele>
      </trkpt>
      <trkpt lat="43.657663436606526" lon="-79.40822289325297">
        <ele>105.33</ele>
      </trkpt>
      <trkpt lat="43.65736210718751" lon="-79.40809959545732">
        <ele>105.06</ele>
      </trkpt>
      <trkpt lat="43.657060861587524" lon="-79.40797629766166">
        <ele>104.69</ele>
      </trkpt>
      <trkpt lat="43.65675953216851" lon="-79.40785299986601">
        <ele>104.34</ele>
      </trkpt>
      <trkpt lat="43.65645124576986" lon="-79.40772710368037">
        <ele>103.9</ele>
      </trkpt>
      <trkpt lat="43.656155448406935" lon="-79.40760967321694">
        <ele>103.49</ele>
      </trkpt>
      <trkpt lat="43.65585965104401" lon="-79.40749215893447">
        <ele>102.99</ele>
      </trkpt>
      <trkpt lat="43.65556385368109" lon="-79.40737472847104">
        <ele>102.5</ele>
      </trkpt>
      <trkpt lat="43.655268056318164" lon="-79.40725729800761">
        <ele>101.97</ele>
      </trkpt>
      <trkpt lat="43.65497225895524" lon="-79.40713978372514">
        <ele>101.42</ele>
      </trkpt>
      <trkpt lat="43.654676377773285" lon="-79.40702235326171">
        <ele>100.88</ele>
      </trkpt>
      <trkpt lat="43.65438058041036" lon="-79.40690483897924">
        <ele>100.32</ele>
      </trkpt>
      <trkpt lat="43.65408478304744" lon="-79.40678740851581">
        <ele>99.75</ele>
      </trkpt>
      <trkpt lat="43.653788985684514" lon="-79.40666997805238">
        <ele>99.19</ele>
      </trkpt>
      <trkpt lat="43.65349318832159" lon="-79.40655246376991">
        <ele>98.6</ele>
      </trkpt>
      <trkpt lat="43.65319739095867" lon="-79.40643503330648">
        <ele>98.06</ele>
      </trkpt>
      <trkpt lat="43.65290159359574" lon="-79.40631751902401">
        <ele>97.48</ele>
      </trkpt>
      <trkpt lat="43.65260579623282" lon="-79.40620008856058">
        <ele>96.96</ele>
      </trkpt>
      <trkpt lat="43.652309998869896" lon="-79.40608265809715">
        <ele>96.47</ele>
      </trkpt>
      <trkpt lat="43.65201420150697" lon="-79.40596514381468">
        <ele>95.92</ele>
      </trkpt>
      <trkpt lat="43.65171832032502" lon="-79.40584771335125">
        <ele>95.39</ele>
      </trkpt>
      <trkpt lat="43.65142252296209" lon="-79.40573028288782">
        <ele>94.94</ele>
      </trkpt>
      <trkpt lat="43.65112672559917" lon="-79.40561276860535">
        <ele>94.47</ele>
      </trkpt>
      <trkpt lat="43.650830928236246" lon="-79.40549533814192">
        <ele>94.08</ele>
      </trkpt>
      <trkpt lat="43.65053513087332" lon="-79.40537790767848">
        <ele>93.69</ele>
      </trkpt>
      <trkpt lat="43.6502393335104" lon="-79.40526039339602">
        <ele>93.31</ele>
      </trkpt>
      <trkpt lat="43.649943536147475" lon="-79.40514296293259">
        <ele>92.99</ele>
      </trkpt>
      <trkpt lat="43.64964773878455" lon="-79.40502553246915">
        <ele>92.66</ele>
      </trkpt>
      <trkpt lat="43.64935194142163" lon="-79.40490810200572">
        <ele>92.37</ele>
      </trkpt>
      <trkpt lat="43.649056144058704" lon="-79.40479058772326">
        <ele>92.1</ele>
      </trkpt>
      <trkpt lat="43.64876034669578" lon="-79.40467315725982">
        <ele>91.82</ele>
      </trkpt>
      <trkpt lat="43.648464465513825" lon="-79.40455572679639">
        <ele>91.61</ele>
      </trkpt>
      <trkpt lat="43.6481686681509" lon="-79.40443829633296">
        <ele>91.41</ele>
      </trkpt>
      <trkpt lat="43.64787287078798" lon="-79.40432078205049">
        <ele>91.22</ele>
      </trkpt>
      <trkpt lat="43.647577073425055" lon="-79.40420335158706">
        <ele>91.03</ele>
      </trkpt>
      <trkpt lat="43.64727373234928" lon="-79.40408323891461">
        <ele>90.84</ele>
      </trkpt>
      <trkpt lat="43.64697374403477" lon="-79.40396178513765">
        <ele>90.64</ele>
      </trkpt>
      <trkpt lat="43.646673671901226" lon="-79.40384041517973">
        <ele>90.44</ele>
      </trkpt>
      <trkpt lat="43.64637368358672" lon="-79.40371896140277">
        <ele>90.21</ele>
      </trkpt>
      <trkpt lat="43.646073611453176" lon="-79.40359759144485">
        <ele>89.98</ele>
      </trkpt>
      <trkpt lat="43.645773539319634" lon="-79.40347622148693">
        <ele>89.71</ele>
      </trkpt>
      <trkpt lat="43.645473551005125" lon="-79.40335476770997">
        <ele>89.39</ele>
      </trkpt>
      <trkpt lat="43.645173478871584" lon="-79.40323339775205">
        <ele>89.05</ele>
      </trkpt>
      <trkpt lat="43.644873490557075" lon="-79.40311194397509">
        <ele>88.67</ele>
      </trkpt>
      <trkpt lat="43.64457341842353" lon="-79.40299057401717">
        <ele>88.29</ele>
      </trkpt>
      <trkpt lat="43.644273430109024" lon="-79.40286920405924">
        <ele>87.85</ele>
      </trkpt>
      <trkpt lat="43.64397335797548" lon="-79.40274775028229">
        <ele>87.44</ele>
      </trkpt>
      <trkpt lat="43.64367328584194" lon="-79.40262638032436">
        <ele>86.96</ele>
      </trkpt>
      <trkpt lat="43.64337329752743" lon="-79.40250501036644">
        <ele>86.46</ele>
      </trkpt>
      <trkpt lat="43.64307322539389" lon="-79.40238355658948">
        <ele>86.01</ele>
      </trkpt>
      <trkpt lat="43.64277323707938" lon="-79.40226218663156">
        <ele>85.51</ele>
      </trkpt>
      <trkpt lat="43.64247316494584" lon="-79.4021407328546">
        <ele>85.06</ele>
      </trkpt>
      <trkpt lat="43.64217317663133" lon="-79.40201936289668">
        <ele>84.58</ele>
      </trkpt>
      <trkpt lat="43.64187310449779" lon="-79.40189799293876">
        <ele>84.06</ele>
      </trkpt>
      <trkpt lat="43.64157303236425" lon="-79.40177662298083">
        <ele>83.59</ele>
      </trkpt>
      <trkpt lat="43.64127304404974" lon="-79.40165516920388">
        <ele>83.12</ele>
      </trkpt>
      <trkpt lat="43.6409729719162" lon="-79.40153379924595">
        <ele>82.67</ele>
      </trkpt>
      <trkpt lat="43.64067298360169" lon="-79.40141242928803">
        <ele>82.26</ele>
      </trkpt>
      <trkpt lat="43.64037291146815" lon="-79.40129097551107">
        <ele>81.8</ele>
      </trkpt>
      <trkpt lat="43.64007292315364" lon="-79.40116960555315">
        <ele>81.42</ele>
      </trkpt>
      <trkpt lat="43.6397728510201" lon="-79.40104823559523">
        <ele>81.06</ele>
      </trkpt>
      <trkpt lat="43.63947277888656" lon="-79.4009268656373">
        <ele>80.71</ele>
      </trkpt>
      <trkpt lat="43.63917279057205" lon="-79.40080541186035">
        <ele>80.38</ele>
      </trkpt>
      <trkpt lat="43.63886592909694" lon="-79.40068152733147">
        <ele>80.04</ele>
      </trkpt>
      <trkpt lat="43.63876283168793" lon="-79.4008856266737">
        <ele>79.71</ele>
      </trkpt>
      <trkpt lat="43.63865998573601" lon="-79.40108922310174">
        <ele>79.38</ele>
      </trkpt>
      <trkpt lat="43.638518415391445" lon="-79.40142231993377">
        <ele>79.07</ele>
      </trkpt>
      <trkpt lat="43.63837684504688" lon="-79.40175550058484">
        <ele>78.77</ele>
      </trkpt>
      <trkpt lat="43.638235945254564" lon="-79.40208717249334">
        <ele>78.5</ele>
      </trkpt>
      <trkpt lat="43.63808783702552" lon="-79.40240878611803">
        <ele>78.24</ele>
      </trkpt>
      <trkpt lat="43.637939812615514" lon="-79.40273048356175">
        <ele>77.96</ele>
      </trkpt>
      <trkpt lat="43.637792374938726" lon="-79.40305075608194">
        <ele>77.71</ele>
      </trkpt>
      <trkpt lat="43.63767804577947" lon="-79.40342257730663">
        <ele>77.48</ele>
      </trkpt>
      <trkpt lat="43.6375642195344" lon="-79.40379297360778">
        <ele>77.25</ele>
      </trkpt>
      <trkpt lat="43.637537732720375" lon="-79.40420259721577">
        <ele>77.04</ele>
      </trkpt>
      <trkpt lat="43.637511329725385" lon="-79.4046123046428">
        <ele>76.82</ele>
      </trkpt>
      <trkpt lat="43.63748484291136" lon="-79.40502192825079">
        <ele>76.62</ele>
      </trkpt>
      <trkpt lat="43.63745835609734" lon="-79.40543163567781">
        <ele>76.39</ele>
      </trkpt>
      <trkpt lat="43.637432204559445" lon="-79.40583639778197">
        <ele>76.18</ele>
      </trkpt>
      <trkpt lat="43.63737026229501" lon="-79.40608450211585">
        <ele>75.96</ele>
      </trkpt>
      <trkpt lat="43.637308571487665" lon="-79.40633168444037">
        <ele>75.78</ele>
      </trkpt>
      <trkpt lat="43.63714252598584" lon="-79.40654408186674">
        <ele>75.62</ele>
      </trkpt>
      <trkpt lat="43.636976731941104" lon="-79.40675622783601">
        <ele>75.46</ele>
      </trkpt>
      <trkpt lat="43.63668546080589" lon="-79.40682328306139">
        <ele>75.27</ele>
      </trkpt>
      <trkpt lat="43.63639360293746" lon="-79.40689042210579">
        <ele>75.16</ele>
      </trkpt>
      <trkpt lat="43.636165615171194" lon="-79.40687851980329">
        <ele>75.05</ele>
      </trkpt>
      <trkpt lat="43.63593771122396" lon="-79.40686661750078">
        <ele>74.96</ele>
      </trkpt>
      <trkpt lat="43.63570905290544" lon="-79.40685463137925">
        <ele>74.88</ele>
      </trkpt>
      <trkpt lat="43.63554493524134" lon="-79.40681230276823">
        <ele>74.82</ele>
      </trkpt>
      <trkpt lat="43.63545843400061" lon="-79.40713827498257">
        <ele>74.77</ele>
      </trkpt>
      <trkpt lat="43.63537201657891" lon="-79.40746424719691">
        <ele>74.73</ele>
      </trkpt>
      <trkpt lat="43.63528601825237" lon="-79.40778829157352">
        <ele>74.7</ele>
      </trkpt>
      <trkpt lat="43.63509382121265" lon="-79.40809892490506">
        <ele>74.68</ele>
      </trkpt>
      <trkpt lat="43.634901540353894" lon="-79.40840947441757">
        <ele>74.68</ele>
      </trkpt>
      <trkpt lat="43.63470984622836" lon="-79.40871918573976">
        <ele>74.67</ele>
      </trkpt>
      <trkpt lat="43.634435003623366" lon="-79.40889067947865">
        <ele>74.68</ele>
      </trkpt>
      <trkpt lat="43.6341602448374" lon="-79.40906217321754">
        <ele>74.69</ele>
      </trkpt>
      <trkpt lat="43.63388540223241" lon="-79.40923366695642">
        <ele>74.71</ele>
      </trkpt>
      <trkpt lat="43.63361005671322" lon="-79.40940549597144">
        <ele>74.73</ele>
      </trkpt>
      <trkpt lat="43.63336329348385" lon="-79.40958294086158">
        <ele>74.75</ele>
      </trkpt>
      <trkpt lat="43.63311644643545" lon="-79.40976046957076">
        <ele>74.78</ele>
      </trkpt>
      <trkpt lat="43.632937828078866" lon="-79.41004444845021">
        <ele>74.81</ele>
      </trkpt>
      <trkpt lat="43.63275962881744" lon="-79.41032784059644">
        <ele>74.84</ele>
      </trkpt>
      <trkpt lat="43.63263851031661" lon="-79.41069010645151">
        <ele>74.87</ele>
      </trkpt>
      <trkpt lat="43.63251739181578" lon="-79.41105237230659">
        <ele>74.89</ele>
      </trkpt>
      <trkpt lat="43.63239627331495" lon="-79.41141463816166">
        <ele>74.92</ele>
      </trkpt>
      <trkpt lat="43.632275154814124" lon="-79.41177690401673">
        <ele>74.95</ele>
      </trkpt>
      <trkpt lat="43.632154036313295" lon="-79.4121391698718">
        <ele>74.98</ele>
      </trkpt>
      <trkpt lat="43.632032833993435" lon="-79.41250135190785">
        <ele>75.0</ele>
      </trkpt>
      <trkpt lat="43.63191330805421" lon="-79.41285900771618">
        <ele>75.02</ele>
      </trkpt>
      <trkpt lat="43.63181808963418" lon="-79.41313770599663">
        <ele>75.04</ele>
      </trkpt>
      <trkpt lat="43.63172295503318" lon="-79.41341632045805">
        <ele>75.06</ele>
      </trkpt>
      <trkpt lat="43.631628323346376" lon="-79.41369350999594">
        <ele>75.07</ele>
      </trkpt>
      <trkpt lat="43.63154307939112" lon="-79.41401554271579">
        <ele>75.08</ele>
      </trkpt>
      <trkpt lat="43.631457751616836" lon="-79.41433757543564">
        <ele>75.09</ele>
      </trkpt>
      <trkpt lat="43.63137301057577" lon="-79.41465768031776">
        <ele>75.1</ele>
      </trkpt>
      <trkpt lat="43.63130293786526" lon="-79.41497141495347">
        <ele>75.1</ele>
      </trkpt>
      <trkpt lat="43.63123320043087" lon="-79.41528380848467">
        <ele>75.1</ele>
      </trkpt>
      <trkpt lat="43.63118056207895" lon="-79.41560299135745">
        <ele>75.09</ele>
      </trkpt>
      <trkpt lat="43.631127839908004" lon="-79.41592209041119">
        <ele>75.08</ele>
      </trkpt>
      <trkpt lat="43.63107520155609" lon="-79.41624118946493">
        <ele>75.07</ele>
      </trkpt>
      <trkpt lat="43.63102298229933" lon="-79.41655743867159">
        <ele>75.05</ele>
      </trkpt>
      <trkpt lat="43.63097914494574" lon="-79.41686538979411">
        <ele>75.03</ele>
      </trkpt>
      <trkpt lat="43.63093530759215" lon="-79.4171732570976">
        <ele>75.01</ele>
      </trkpt>
      <trkpt lat="43.63089180551469" lon="-79.4174790289253">
        <ele>74.98</ele>
      </trkpt>
      <trkpt lat="43.6308294441551" lon="-79.41784867085516">
        <ele>74.95</ele>
      </trkpt>
      <trkpt lat="43.63076699897647" lon="-79.41821831278503">
        <ele>74.91</ele>
      </trkpt>
      <trkpt lat="43.63070505671203" lon="-79.41858544014394">
        <ele>74.87</ele>
      </trkpt>
      <trkpt lat="43.630660297349095" lon="-79.41886397078633">
        <ele>74.83</ele>
      </trkpt>
      <trkpt lat="43.63062048330903" lon="-79.41921031102538">
        <ele>74.78</ele>
      </trkpt>
      <trkpt lat="43.630580585449934" lon="-79.41955673508346">
        <ele>74.73</ele>
      </trkpt>
      <trkpt lat="43.630541022866964" lon="-79.41990064457059">
        <ele>74.68</ele>
      </trkpt>
      <trkpt lat="43.630500035360456" lon="-79.42021354101598">
        <ele>74.63</ele>
      </trkpt>
      <trkpt lat="43.63045921549201" lon="-79.42052501253784">
        <ele>74.59</ele>
      </trkpt>
      <trkpt lat="43.63042761571705" lon="-79.420903371647">
        <ele>74.54</ele>
      </trkpt>
      <trkpt lat="43.63039609976113" lon="-79.42128164693713">
        <ele>74.49</ele>
      </trkpt>
      <trkpt lat="43.63036449998617" lon="-79.4216600060463">
        <ele>74.45</ele>
      </trkpt>
      <trkpt lat="43.630332900211215" lon="-79.42203828133643">
        <ele>74.42</ele>
      </trkpt>
      <trkpt lat="43.63030138425529" lon="-79.42241664044559">
        <ele>74.39</ele>
      </trkpt>
      <trkpt lat="43.63026978448033" lon="-79.42279499955475">
        <ele>74.38</ele>
      </trkpt>
      <trkpt lat="43.6302387714386" lon="-79.4231669884175">
        <ele>74.37</ele>
      </trkpt>
      <trkpt lat="43.63020407035947" lon="-79.42355155013502">
        <ele>74.38</ele>
      </trkpt>
      <trkpt lat="43.63016945309937" lon="-79.42393619567156">
        <ele>74.4</ele>
      </trkpt>
      <trkpt lat="43.63013508729637" lon="-79.42431807518005">
        <ele>74.44</ele>
      </trkpt>
      <trkpt lat="43.630113042891026" lon="-79.42461387254298">
        <ele>74.51</ele>
      </trkpt>
      <trkpt lat="43.630091082304716" lon="-79.42490824498236">
        <ele>74.59</ele>
      </trkpt>
      <trkpt lat="43.630100302398205" lon="-79.42527084611356">
        <ele>74.7</ele>
      </trkpt>
      <trkpt lat="43.630184289067984" lon="-79.42567275837064">
        <ele>74.83</ele>
      </trkpt>
      <trkpt lat="43.6302992887795" lon="-79.42601214163005">
        <ele>74.98</ele>
      </trkpt>
      <trkpt lat="43.63041428849101" lon="-79.42635152488947">
        <ele>75.17</ele>
      </trkpt>
      <trkpt lat="43.630529288202524" lon="-79.42669090814888">
        <ele>75.43</ele>
      </trkpt>
      <trkpt lat="43.63064428791404" lon="-79.4270302914083">
        <ele>75.69</ele>
      </trkpt>
      <trkpt lat="43.63075819797814" lon="-79.42736657336354">
        <ele>75.96</ele>
      </trkpt>
      <trkpt lat="43.63085551187396" lon="-79.42766622640193">
        <ele>76.25</ele>
      </trkpt>
      <trkpt lat="43.63095282576978" lon="-79.42796596325934">
        <ele>76.58</ele>
      </trkpt>
      <trkpt lat="43.63105005584657" lon="-79.42826561629772">
        <ele>76.94</ele>
      </trkpt>
      <trkpt lat="43.63114661537111" lon="-79.42856309004128">
        <ele>77.33</ele>
      </trkpt>
      <trkpt lat="43.63128600642085" lon="-79.4288916606456">
        <ele>77.74</ele>
      </trkpt>
      <trkpt lat="43.63146177493036" lon="-79.42921570502222">
        <ele>78.17</ele>
      </trkpt>
      <trkpt lat="43.6316376272589" lon="-79.42953974939883">
        <ele>78.61</ele>
      </trkpt>
      <trkpt lat="43.631813479587436" lon="-79.42986379377544">
        <ele>79.0</ele>
      </trkpt>
      <trkpt lat="43.63198849372566" lon="-79.43018632940948">
        <ele>79.45</ele>
      </trkpt>
      <trkpt lat="43.63217247650027" lon="-79.43049989640713">
        <ele>79.89</ele>
      </trkpt>
      <trkpt lat="43.63235645927489" lon="-79.43081346340477">
        <ele>80.33</ele>
      </trkpt>
      <trkpt lat="43.63253993913531" lon="-79.43112602457404">
        <ele>80.75</ele>
      </trkpt>
      <trkpt lat="43.63266281783581" lon="-79.43134998902678">
        <ele>81.14</ele>
      </trkpt>
      <trkpt lat="43.63278544507921" lon="-79.43157353438437">
        <ele>81.51</ele>
      </trkpt>
      <trkpt lat="43.63286314532161" lon="-79.43182080052793">
        <ele>81.84</ele>
      </trkpt>
      <trkpt lat="43.63295760937035" lon="-79.4321362953633">
        <ele>82.07</ele>
      </trkpt>
      <trkpt lat="43.633008655160666" lon="-79.43243837915361">
        <ele>82.33</ele>
      </trkpt>
      <trkpt lat="43.63305961713195" lon="-79.43274046294391">
        <ele>82.55</ele>
      </trkpt>
      <trkpt lat="43.633110327646136" lon="-79.43304045125842">
        <ele>82.74</ele>
      </trkpt>
      <trkpt lat="43.63317981362343" lon="-79.43343398161232">
        <ele>82.89</ele>
      </trkpt>
      <trkpt lat="43.63324921578169" lon="-79.43382751196623">
        <ele>83.01</ele>
      </trkpt>
      <trkpt lat="43.63331819884479" lon="-79.43421844393015">
        <ele>83.08</ele>
      </trkpt>
      <trkpt lat="43.63335440866649" lon="-79.43454341031611">
        <ele>83.08</ele>
      </trkpt>
      <trkpt lat="43.63339053466916" lon="-79.4348668679595">
        <ele>83.02</ele>
      </trkpt>
      <trkpt lat="43.63341827876866" lon="-79.43525654263794">
        <ele>82.95</ele>
      </trkpt>
      <trkpt lat="43.633424481377006" lon="-79.43556818179786">
        <ele>82.83</ele>
      </trkpt>
      <trkpt lat="43.63343060016632" lon="-79.43587982095778">
        <ele>82.64</ele>
      </trkpt>
      <trkpt lat="43.633436635136604" lon="-79.43618919700384">
        <ele>82.45</ele>
      </trkpt>
      <trkpt lat="43.63346756435931" lon="-79.43654500879347">
        <ele>82.24</ele>
      </trkpt>
      <trkpt lat="43.633541744202375" lon="-79.43676184862852">
        <ele>82.0</ele>
      </trkpt>
      <trkpt lat="43.63361567258835" lon="-79.43697785027325">
        <ele>81.72</ele>
      </trkpt>
      <trkpt lat="43.63375003449619" lon="-79.43727850914001">
        <ele>81.38</ele>
      </trkpt>
      <trkpt lat="43.6338840611279" lon="-79.43757832981646">
        <ele>81.06</ele>
      </trkpt>
      <trkpt lat="43.63401892594993" lon="-79.4378733728081">
        <ele>80.68</ele>
      </trkpt>
      <trkpt lat="43.63415379077196" lon="-79.43816849961877">
        <ele>80.26</ele>
      </trkpt>
      <trkpt lat="43.63428865559399" lon="-79.4384635426104">
        <ele>79.77</ele>
      </trkpt>
      <trkpt lat="43.634422682225704" lon="-79.43875690922141">
        <ele>79.32</ele>
      </trkpt>
      <trkpt lat="43.63457917235792" lon="-79.43910676985979">
        <ele>78.8</ele>
      </trkpt>
      <trkpt lat="43.63473566249013" lon="-79.43945663049817">
        <ele>78.3</ele>
      </trkpt>
      <trkpt lat="43.63489206880331" lon="-79.43980649113655">
        <ele>77.72</ele>
      </trkpt>
      <trkpt lat="43.635047636926174" lon="-79.44015425629914">
        <ele>77.25</ele>
      </trkpt>
      <trkpt lat="43.63518719561398" lon="-79.44047033786774">
        <ele>76.77</ele>
      </trkpt>
      <trkpt lat="43.63532683812082" lon="-79.44078641943634">
        <ele>76.39</ele>
      </trkpt>
      <trkpt lat="43.635466396808624" lon="-79.44110250100493">
        <ele>76.03</ele>
      </trkpt>
      <trkpt lat="43.635605201125145" lon="-79.44141673855484">
        <ele>75.71</ele>
      </trkpt>
      <trkpt lat="43.63570653833449" lon="-79.44170147180557">
        <ele>75.42</ele>
      </trkpt>
      <trkpt lat="43.635807456448674" lon="-79.44198528304696">
        <ele>75.16</ele>
      </trkpt>
      <trkpt lat="43.63588976673782" lon="-79.4422198086977">
        <ele>74.94</ele>
      </trkpt>
      <trkpt lat="43.63597182556987" lon="-79.44245349615812">
        <ele>74.76</ele>
      </trkpt>
      <trkpt lat="43.6360443290323" lon="-79.44267117418349">
        <ele>74.6</ele>
      </trkpt>
      <trkpt lat="43.63611666485667" lon="-79.44288801401854">
        <ele>74.48</ele>
      </trkpt>
      <trkpt lat="43.636206770315766" lon="-79.44312874227762">
        <ele>74.38</ele>
      </trkpt>
      <trkpt lat="43.636296624317765" lon="-79.44336863234639">
        <ele>74.31</ele>
      </trkpt>
      <trkpt lat="43.63640299066901" lon="-79.44362134672701">
        <ele>74.27</ele>
      </trkpt>
      <trkpt lat="43.63651245832443" lon="-79.44386249408126">
        <ele>74.24</ele>
      </trkpt>
      <trkpt lat="43.636621590703726" lon="-79.44410297088325">
        <ele>74.23</ele>
      </trkpt>
      <trkpt lat="43.63675209693611" lon="-79.44442877545953">
        <ele>74.24</ele>
      </trkpt>
      <trkpt lat="43.63688226789236" lon="-79.44475357420743">
        <ele>74.26</ele>
      </trkpt>
      <trkpt lat="43.637007074430585" lon="-79.44504434242845">
        <ele>74.3</ele>
      </trkpt>
      <trkpt lat="43.63708368502557" lon="-79.44529613479972">
        <ele>74.34</ele>
      </trkpt>
      <trkpt lat="43.637160044163465" lon="-79.44554700516164">
        <ele>74.38</ele>
      </trkpt>
      <trkpt lat="43.63723849877715" lon="-79.44582000374794">
        <ele>74.44</ele>
      </trkpt>
      <trkpt lat="43.63731670193374" lon="-79.44609199650586">
        <ele>74.49</ele>
      </trkpt>
      <trkpt lat="43.63739171996713" lon="-79.44640363566577">
        <ele>74.55</ele>
      </trkpt>
      <trkpt lat="43.637466821819544" lon="-79.44671535864472">
        <ele>74.61</ele>
      </trkpt>
      <trkpt lat="43.63754142075777" lon="-79.44702506996691">
        <ele>74.66</ele>
      </trkpt>
      <trkpt lat="43.63760797306895" lon="-79.44730695337057">
        <ele>74.72</ele>
      </trkpt>
      <trkpt lat="43.63767435774207" lon="-79.44758774712682">
        <ele>74.77</ele>
      </trkpt>
      <trkpt lat="43.63774652592838" lon="-79.4479254540056">
        <ele>74.82</ele>
      </trkpt>
      <trkpt lat="43.63781877793372" lon="-79.44826307706535">
        <ele>74.86</ele>
      </trkpt>
      <trkpt lat="43.637890527024865" lon="-79.4485986046493">
        <ele>74.9</ele>
      </trkpt>
      <trkpt lat="43.6379249766469" lon="-79.44882625713944">
        <ele>74.94</ele>
      </trkpt>
      <trkpt lat="43.63795925863087" lon="-79.4490529038012">
        <ele>74.97</ele>
      </trkpt>
      <trkpt lat="43.63802061416209" lon="-79.44938843138516">
        <ele>75.0</ele>
      </trkpt>
      <trkpt lat="43.63808188587427" lon="-79.44972395896912">
        <ele>75.02</ele>
      </trkpt>
      <trkpt lat="43.63814282231033" lon="-79.45005730725825">
        <ele>75.04</ele>
      </trkpt>
      <trkpt lat="43.63819847814739" lon="-79.4503761548549">
        <ele>75.06</ele>
      </trkpt>
      <trkpt lat="43.63825413398445" lon="-79.45069500245154">
        <ele>75.07</ele>
      </trkpt>
      <trkpt lat="43.63830945454538" lon="-79.45101167075336">
        <ele>75.08</ele>
      </trkpt>
      <trkpt lat="43.638344909995794" lon="-79.451311994344">
        <ele>75.09</ele>
      </trkpt>
      <trkpt lat="43.63838036544621" lon="-79.45161231793463">
        <ele>75.09</ele>
      </trkpt>
      <trkpt lat="43.63841556943953" lon="-79.45191046223044">
        <ele>75.09</ele>
      </trkpt>
      <trkpt lat="43.63841934129596" lon="-79.452197374776">
        <ele>75.09</ele>
      </trkpt>
      <trkpt lat="43.63842319697142" lon="-79.452482778579">
        <ele>75.09</ele>
      </trkpt>
      <trkpt lat="43.63840525969863" lon="-79.45280288346112">
        <ele>75.08</ele>
      </trkpt>
      <trkpt lat="43.638387406244874" lon="-79.4531213119626">
        <ele>75.08</ele>
      </trkpt>
      <trkpt lat="43.63836469128728" lon="-79.45343043655157">
        <ele>75.07</ele>
      </trkpt>
      <trkpt lat="43.638342060148716" lon="-79.45373805239797">
        <ele>75.07</ele>
      </trkpt>
      <trkpt lat="43.63834851421416" lon="-79.45412781089544">
        <ele>75.06</ele>
      </trkpt>
      <trkpt lat="43.63835505209863" lon="-79.45451748557389">
        <ele>75.05</ele>
      </trkpt>
      <trkpt lat="43.638361506164074" lon="-79.45490431040525">
        <ele>75.04</ele>
      </trkpt>
      <trkpt lat="43.63837097771466" lon="-79.45521930232644">
        <ele>75.04</ele>
      </trkpt>
      <trkpt lat="43.63838036544621" lon="-79.45553278550506">
        <ele>75.03</ele>
      </trkpt>
      <trkpt lat="43.63835974596441" lon="-79.45594584569335">
        <ele>75.02</ele>
      </trkpt>
      <trkpt lat="43.638339126482606" lon="-79.45635697804391">
        <ele>75.02</ele>
      </trkpt>
      <trkpt lat="43.63833040930331" lon="-79.45669175125659">
        <ele>75.01</ele>
      </trkpt>
      <trkpt lat="43.63832169212401" lon="-79.45702493190765">
        <ele>75.01</ele>
      </trkpt>
      <trkpt lat="43.6382738314569" lon="-79.4573538377881">
        <ele>75.0</ele>
      </trkpt>
      <trkpt lat="43.63822588697076" lon="-79.45768282748759">
        <ele>75.0</ele>
      </trkpt>
      <trkpt lat="43.638178277760744" lon="-79.45800955407321">
        <ele>75.0</ele>
      </trkpt>
      <trkpt lat="43.63810082897544" lon="-79.4584146514535">
        <ele>74.99</ele>
      </trkpt>
      <trkpt lat="43.638023380190134" lon="-79.45881983265281">
        <ele>74.99</ele>
      </trkpt>
      <trkpt lat="43.63794593140483" lon="-79.45922493003309">
        <ele>74.99</ele>
      </trkpt>
      <trkpt lat="43.637868482619524" lon="-79.4596301112324">
        <ele>74.99</ele>
      </trkpt>
      <trkpt lat="43.637791872024536" lon="-79.460030766204">
        <ele>74.99</ele>
      </trkpt>
      <trkpt lat="43.637753650546074" lon="-79.4604089576751">
        <ele>74.98</ele>
      </trkpt>
      <trkpt lat="43.637715596705675" lon="-79.46078538894653">
        <ele>74.98</ele>
      </trkpt>
      <trkpt lat="43.63771190866828" lon="-79.46115151047707">
        <ele>74.98</ele>
      </trkpt>
      <trkpt lat="43.637708304449916" lon="-79.46151587180793">
        <ele>74.98</ele>
      </trkpt>
      <trkpt lat="43.63766396418214" lon="-79.46182273328304">
        <ele>74.98</ele>
      </trkpt>
      <trkpt lat="43.637619875371456" lon="-79.46212816983461">
        <ele>74.99</ele>
      </trkpt>
      <trkpt lat="43.63752641715109" lon="-79.46246813982725">
        <ele>74.99</ele>
      </trkpt>
      <trkpt lat="43.63743337802589" lon="-79.46280676871538">
        <ele>74.99</ele>
      </trkpt>
      <trkpt lat="43.637279737740755" lon="-79.46312117390335">
        <ele>74.99</ele>
      </trkpt>
      <trkpt lat="43.63712651655078" lon="-79.463434740901">
        <ele>74.99</ele>
      </trkpt>
      <trkpt lat="43.63696424290538" lon="-79.46374470368028">
        <ele>74.99</ele>
      </trkpt>
      <trkpt lat="43.636802304536104" lon="-79.4640539959073">
        <ele>74.99</ele>
      </trkpt>
      <trkpt lat="43.63668143749237" lon="-79.46428785100579">
        <ele>74.99</ele>
      </trkpt>
      <trkpt lat="43.63658403977752" lon="-79.4645965564996">
        <ele>74.99</ele>
      </trkpt>
      <trkpt lat="43.636504746973515" lon="-79.46482161059976">
        <ele>74.99</ele>
      </trkpt>
      <trkpt lat="43.63642570562661" lon="-79.46504591032863">
        <ele>74.99</ele>
      </trkpt>
      <trkpt lat="43.63636787049472" lon="-79.46518463082612">
        <ele>74.99</ele>
      </trkpt>
      <trkpt lat="43.63629159517586" lon="-79.46520064026117">
        <ele>74.99</ele>
      </trkpt>
      <trkpt lat="43.636240465566516" lon="-79.46515613235533">
        <ele>74.99</ele>
      </trkpt>
      <trkpt lat="43.63622797653079" lon="-79.46507625281811">
        <ele>74.99</ele>
      </trkpt>
      <trkpt lat="43.63626946695149" lon="-79.46492814458907">
        <ele>74.99</ele>
      </trkpt>
      <trkpt lat="43.63636954687536" lon="-79.46455489844084">
        <ele>74.99</ele>
      </trkpt>
      <trkpt lat="43.6364692915231" lon="-79.46418316103518">
        <ele>74.99</ele>
      </trkpt>
      <trkpt lat="43.636605413630605" lon="-79.46384654380381">
        <ele>74.99</ele>
      </trkpt>
      <trkpt lat="43.63674103282392" lon="-79.46351110003889">
        <ele>74.99</ele>
      </trkpt>
      <trkpt lat="43.636924512684345" lon="-79.46325830183923">
        <ele>74.99</ele>
      </trkpt>
      <trkpt lat="43.637086283415556" lon="-79.4629125483334">
        <ele>74.99</ele>
      </trkpt>
      <trkpt lat="43.63724763505161" lon="-79.46256771683693">
        <ele>74.99</ele>
      </trkpt>
      <trkpt lat="43.63736975938082" lon="-79.46221140213311">
        <ele>74.99</ele>
      </trkpt>
      <trkpt lat="43.63740789704025" lon="-79.46198517456651">
        <ele>74.99</ele>
      </trkpt>
      <trkpt lat="43.63744595088065" lon="-79.46176003664732">
        <ele>74.99</ele>
      </trkpt>
      <trkpt lat="43.63746020011604" lon="-79.46150061674416">
        <ele>74.99</ele>
      </trkpt>
      <trkpt lat="43.63747444935143" lon="-79.46124253794551">
        <ele>74.99</ele>
      </trkpt>
      <trkpt lat="43.63748241215944" lon="-79.46092461235821">
        <ele>74.99</ele>
      </trkpt>
      <trkpt lat="43.63748459145427" lon="-79.46068849414587">
        <ele>74.99</ele>
      </trkpt>
      <trkpt lat="43.63748677074909" lon="-79.460453633219">
        <ele>74.99</ele>
      </trkpt>
      <trkpt lat="43.63750755786896" lon="-79.46013520471752">
        <ele>74.99</ele>
      </trkpt>
      <trkpt lat="43.63758240826428" lon="-79.45971569046378">
        <ele>74.99</ele>
      </trkpt>
      <trkpt lat="43.637631526216865" lon="-79.45944621227682">
        <ele>74.99</ele>
      </trkpt>
      <trkpt lat="43.637680392712355" lon="-79.4591779075563">
        <ele>75.0</ele>
      </trkpt>
      <trkpt lat="43.63774216733873" lon="-79.45893692784011">
        <ele>75.0</ele>
      </trkpt>
      <trkpt lat="43.637803606688976" lon="-79.45869687013328">
        <ele>75.0</ele>
      </trkpt>
      <trkpt lat="43.63785792142153" lon="-79.4584075268358">
        <ele>75.01</ele>
      </trkpt>
      <trkpt lat="43.63791223615408" lon="-79.45811826735735">
        <ele>75.01</ele>
      </trkpt>
      <trkpt lat="43.63796613179147" lon="-79.4578308518976">
        <ele>75.01</ele>
      </trkpt>
      <trkpt lat="43.63800359889865" lon="-79.45756061933935">
        <ele>75.02</ele>
      </trkpt>
      <trkpt lat="43.63804089836776" lon="-79.45729156024754">
        <ele>75.02</ele>
      </trkpt>
      <trkpt lat="43.638067469000816" lon="-79.45700506679714">
        <ele>75.03</ele>
      </trkpt>
      <trkpt lat="43.63809387199581" lon="-79.45671983063221">
        <ele>75.04</ele>
      </trkpt>
      <trkpt lat="43.63811407238245" lon="-79.45646376349032">
        <ele>75.04</ele>
      </trkpt>
      <trkpt lat="43.63813410513103" lon="-79.4562089536339">
        <ele>75.05</ele>
      </trkpt>
      <trkpt lat="43.638134775683284" lon="-79.45578851737082">
        <ele>75.05</ele>
      </trkpt>
      <trkpt lat="43.63813544623554" lon="-79.4553700927645">
        <ele>75.06</ele>
      </trkpt>
      <trkpt lat="43.638114826753736" lon="-79.45496013388038">
        <ele>75.06</ele>
      </trkpt>
      <trkpt lat="43.63809437491" lon="-79.45455210283399">
        <ele>75.06</ele>
      </trkpt>
      <trkpt lat="43.63807727582753" lon="-79.45427382364869">
        <ele>75.07</ele>
      </trkpt>
      <trkpt lat="43.63806017674506" lon="-79.4539968855679">
        <ele>75.07</ele>
      </trkpt>
      <trkpt lat="43.63800963386893" lon="-79.453603355214">
        <ele>75.07</ele>
      </trkpt>
      <trkpt lat="43.63795909099281" lon="-79.4532098248601">
        <ele>75.07</ele>
      </trkpt>
      <trkpt lat="43.63790846429765" lon="-79.45281621068716">
        <ele>75.06</ele>
      </trkpt>
      <trkpt lat="43.63785792142153" lon="-79.45242268033326">
        <ele>75.06</ele>
      </trkpt>
      <trkpt lat="43.6378073785454" lon="-79.45202906616032">
        <ele>75.05</ele>
      </trkpt>
      <trkpt lat="43.63775683566928" lon="-79.45163553580642">
        <ele>75.04</ele>
      </trkpt>
      <trkpt lat="43.63770704716444" lon="-79.45124837569892">
        <ele>75.02</ele>
      </trkpt>
      <trkpt lat="43.63764954730868" lon="-79.45093271322548">
        <ele>75.01</ele>
      </trkpt>
      <trkpt lat="43.63759213127196" lon="-79.45061705075204">
        <ele>74.99</ele>
      </trkpt>
      <trkpt lat="43.63753505051136" lon="-79.4503034837544">
        <ele>74.97</ele>
      </trkpt>
      <trkpt lat="43.63746481016278" lon="-79.449927136302">
        <ele>74.94</ele>
      </trkpt>
      <trkpt lat="43.637394569814205" lon="-79.44955078884959">
        <ele>74.91</ele>
      </trkpt>
      <trkpt lat="43.63732432946563" lon="-79.44917444139719">
        <ele>74.88</ele>
      </trkpt>
      <trkpt lat="43.63725400529802" lon="-79.44879801012576">
        <ele>74.84</ele>
      </trkpt>
      <trkpt lat="43.63718376494944" lon="-79.44842166267335">
        <ele>74.8</ele>
      </trkpt>
      <trkpt lat="43.63711444661021" lon="-79.44805034436285">
        <ele>74.76</ele>
      </trkpt>
      <trkpt lat="43.637066166847944" lon="-79.44773426279426">
        <ele>74.72</ele>
      </trkpt>
      <trkpt lat="43.63703674636781" lon="-79.44740837439895">
        <ele>74.67</ele>
      </trkpt>
      <trkpt lat="43.63703431561589" lon="-79.44702272303402">
        <ele>74.63</ele>
      </trkpt>
      <trkpt lat="43.637037836015224" lon="-79.44678953848779">
        <ele>74.59</ele>
      </trkpt>
      <trkpt lat="43.63704118877649" lon="-79.446557527408">
        <ele>74.54</ele>
      </trkpt>
      <trkpt lat="43.63708393648267" lon="-79.44616500288248">
        <ele>74.51</ele>
      </trkpt>
      <trkpt lat="43.63707806915045" lon="-79.44594187662005">
        <ele>74.47</ele>
      </trkpt>
      <trkpt lat="43.63707228563726" lon="-79.44571984000504">
        <ele>74.44</ele>
      </trkpt>
      <trkpt lat="43.63698377273977" lon="-79.4453243818134">
        <ele>74.42</ele>
      </trkpt>
      <trkpt lat="43.6368630733341" lon="-79.44504769518971">
        <ele>74.41</ele>
      </trkpt>
      <trkpt lat="43.63674245774746" lon="-79.44477109238505">
        <ele>74.41</ele>
      </trkpt>
      <trkpt lat="43.63662226125598" lon="-79.44449566304684">
        <ele>74.42</ele>
      </trkpt>
      <trkpt lat="43.636489575728774" lon="-79.44417807273567">
        <ele>74.45</ele>
      </trkpt>
      <trkpt lat="43.63635680638254" lon="-79.4438604824245">
        <ele>74.49</ele>
      </trkpt>
      <trkpt lat="43.63622470758855" lon="-79.44354431703687">
        <ele>74.56</ele>
      </trkpt>
      <trkpt lat="43.63611850887537" lon="-79.44325338117778">
        <ele>74.64</ele>
      </trkpt>
      <trkpt lat="43.636012729257345" lon="-79.44296336732805">
        <ele>74.75</ele>
      </trkpt>
      <trkpt lat="43.6359409801662" lon="-79.44276572205126">
        <ele>74.88</ele>
      </trkpt>
      <trkpt lat="43.635869566351175" lon="-79.44256874732673">
        <ele>75.04</ele>
      </trkpt>
      <trkpt lat="43.63580888137221" lon="-79.44236263632774">
        <ele>75.22</ele>
      </trkpt>
      <trkpt lat="43.63574844785035" lon="-79.44215736351907">
        <ele>75.43</ele>
      </trkpt>
      <trkpt lat="43.63563906401396" lon="-79.44185569882393">
        <ele>75.67</ele>
      </trkpt>
      <trkpt lat="43.63553009927273" lon="-79.44155503995717">
        <ele>75.93</ele>
      </trkpt>
      <trkpt lat="43.635368747636676" lon="-79.441187242046">
        <ele>76.21</ele>
      </trkpt>
      <trkpt lat="43.63520731218159" lon="-79.44081952795386">
        <ele>76.52</ele>
      </trkpt>
      <trkpt lat="43.63504596054554" lon="-79.4404517300427">
        <ele>76.86</ele>
      </trkpt>
      <trkpt lat="43.63488553091884" lon="-79.44008611142635">
        <ele>77.25</ele>
      </trkpt>
      <trkpt lat="43.63476005382836" lon="-79.43979064933956">
        <ele>77.65</ele>
      </trkpt>
      <trkpt lat="43.63463457673788" lon="-79.43949518725276">
        <ele>78.09</ele>
      </trkpt>
      <trkpt lat="43.6345090996474" lon="-79.43919972516596">
        <ele>78.48</ele>
      </trkpt>
      <trkpt lat="43.63438437692821" lon="-79.43890610709786">
        <ele>78.88</ele>
      </trkpt>
      <trkpt lat="43.6342640966177" lon="-79.43863235414028">
        <ele>79.21</ele>
      </trkpt>
      <trkpt lat="43.634144151583314" lon="-79.43835943937302">
        <ele>79.54</ele>
      </trkpt>
      <trkpt lat="43.634019093587995" lon="-79.43809607997537">
        <ele>79.82</ele>
      </trkpt>
      <trkpt lat="43.6338943708688" lon="-79.437833474949">
        <ele>80.05</ele>
      </trkpt>
      <trkpt lat="43.63378171809018" lon="-79.43761370144784">
        <ele>80.23</ele>
      </trkpt>
      <trkpt lat="43.63366940058768" lon="-79.43739451467991">
        <ele>80.34</ele>
      </trkpt>
      <trkpt lat="43.63351525738835" lon="-79.4372187461704">
        <ele>80.41</ele>
      </trkpt>
      <trkpt lat="43.63336128182709" lon="-79.43704306147993">
        <ele>80.5</ele>
      </trkpt>
      <trkpt lat="43.63315491937101" lon="-79.43677274510264">
        <ele>80.51</ele>
      </trkpt>
      <trkpt lat="43.63294059410691" lon="-79.4364586751908">
        <ele>80.46</ele>
      </trkpt>
      <trkpt lat="43.63281603902578" lon="-79.43628156557679">
        <ele>80.44</ele>
      </trkpt>
      <trkpt lat="43.63272006623447" lon="-79.43609322421253">
        <ele>80.41</ele>
      </trkpt>
      <trkpt lat="43.63262442871928" lon="-79.43590538576245">
        <ele>80.32</ele>
      </trkpt>
      <trkpt lat="43.632508758455515" lon="-79.43561235442758">
        <ele>80.22</ele>
      </trkpt>
      <trkpt lat="43.63239317201078" lon="-79.4353193230927">
        <ele>80.14</ele>
      </trkpt>
      <trkpt lat="43.632278088480234" lon="-79.43502771668136">
        <ele>80.0</ele>
      </trkpt>
      <trkpt lat="43.63220608793199" lon="-79.43476603366435">
        <ele>79.85</ele>
      </trkpt>
      <trkpt lat="43.632134422659874" lon="-79.43450544029474">
        <ele>79.7</ele>
      </trkpt>
      <trkpt lat="43.632082622498274" lon="-79.43421467207372">
        <ele>79.58</ele>
      </trkpt>
      <trkpt lat="43.63203107379377" lon="-79.43392516113818">
        <ele>79.41</ele>
      </trkpt>
      <trkpt lat="43.63199402578175" lon="-79.4336783979088">
        <ele>79.23</ele>
      </trkpt>
      <trkpt lat="43.631957145407796" lon="-79.43343264050782">
        <ele>79.04</ele>
      </trkpt>
      <trkpt lat="43.63188849762082" lon="-79.4330572988838">
        <ele>78.84</ele>
      </trkpt>
      <trkpt lat="43.63182018510997" lon="-79.43268354982138">
        <ele>78.63</ele>
      </trkpt>
      <trkpt lat="43.63178540021181" lon="-79.4323300011456">
        <ele>78.43</ele>
      </trkpt>
      <trkpt lat="43.63175053149462" lon="-79.43197645246983">
        <ele>78.23</ele>
      </trkpt>
      <trkpt lat="43.63171599805355" lon="-79.43162550218403">
        <ele>78.02</ele>
      </trkpt>
      <trkpt lat="43.63166897557676" lon="-79.43131973035634">
        <ele>77.81</ele>
      </trkpt>
      <trkpt lat="43.631621953099966" lon="-79.43101404234767">
        <ele>77.6</ele>
      </trkpt>
      <trkpt lat="43.6315752658993" lon="-79.43071036599576">
        <ele>77.39</ele>
      </trkpt>
      <trkpt lat="43.63150536082685" lon="-79.43033552728593">
        <ele>77.18</ele>
      </trkpt>
      <trkpt lat="43.631435791030526" lon="-79.42996236495674">
        <ele>76.97</ele>
      </trkpt>
      <trkpt lat="43.63133939914405" lon="-79.42963027395308">
        <ele>76.82</ele>
      </trkpt>
      <trkpt lat="43.63124342635274" lon="-79.4292994402349">
        <ele>76.61</ele>
      </trkpt>
      <trkpt lat="43.63114485517144" lon="-79.4289558660239">
        <ele>76.4</ele>
      </trkpt>
      <trkpt lat="43.63104661926627" lon="-79.4286136329174">
        <ele>76.2</ele>
      </trkpt>
      <trkpt lat="43.6309174541384" lon="-79.42824734374881">
        <ele>76.0</ele>
      </trkpt>
      <trkpt lat="43.630788289010525" lon="-79.42788105458021">
        <ele>75.83</ele>
      </trkpt>
      <trkpt lat="43.63065912388265" lon="-79.42751468159258">
        <ele>75.68</ele>
      </trkpt>
      <trkpt lat="43.63052995875478" lon="-79.42714839242399">
        <ele>75.51</ele>
      </trkpt>
      <trkpt lat="43.63040188327432" lon="-79.4267852883786">
        <ele>75.35</ele>
      </trkpt>
      <trkpt lat="43.630295768380165" lon="-79.42646157927811">
        <ele>75.21</ele>
      </trkpt>
      <trkpt lat="43.63018956966698" lon="-79.42613787017763">
        <ele>75.11</ele>
      </trkpt>
      <trkpt lat="43.63008395768702" lon="-79.42581600509584">
        <ele>75.01</ele>
      </trkpt>
      <trkpt lat="43.63004037179053" lon="-79.425602350384">
        <ele>74.93</ele>
      </trkpt>
      <trkpt lat="43.6299969535321" lon="-79.42538970150054">
        <ele>74.87</ele>
      </trkpt>
      <trkpt lat="43.62998421303928" lon="-79.42520161159337">
        <ele>74.81</ele>
      </trkpt>
      <trkpt lat="43.62998513504863" lon="-79.42496934905648">
        <ele>74.77</ele>
      </trkpt>
      <trkpt lat="43.62998605705798" lon="-79.42473825998604">
        <ele>74.74</ele>
      </trkpt>
      <trkpt lat="43.63001698628068" lon="-79.42435755394399">
        <ele>74.71</ele>
      </trkpt>
      <trkpt lat="43.630047999322414" lon="-79.42397693172097">
        <ele>74.7</ele>
      </trkpt>
      <trkpt lat="43.63007892854512" lon="-79.42359630949795">
        <ele>74.69</ele>
      </trkpt>
      <trkpt lat="43.630109606310725" lon="-79.4232192914933">
        <ele>74.69</ele>
      </trkpt>
      <trkpt lat="43.630138942971826" lon="-79.42286917939782">
        <ele>74.7</ele>
      </trkpt>
      <trkpt lat="43.630168279632926" lon="-79.42251915112138">
        <ele>74.71</ele>
      </trkpt>
      <trkpt lat="43.630197532474995" lon="-79.42216912284493">
        <ele>74.72</ele>
      </trkpt>
      <trkpt lat="43.630226617679" lon="-79.42182244732976">
        <ele>74.74</ele>
      </trkpt>
      <trkpt lat="43.63027011975646" lon="-79.42139714956284">
        <ele>74.76</ele>
      </trkpt>
      <trkpt lat="43.63031370565295" lon="-79.42097185179591">
        <ele>74.78</ele>
      </trkpt>
      <trkpt lat="43.630357291549444" lon="-79.42054655402899">
        <ele>74.8</ele>
      </trkpt>
      <trkpt lat="43.630400793626904" lon="-79.42012125626206">
        <ele>74.83</ele>
      </trkpt>
      <trkpt lat="43.6304443795234" lon="-79.41969595849514">
        <ele>74.85</ele>
      </trkpt>
      <trkpt lat="43.630487294867635" lon="-79.41927661187947">
        <ele>74.88</ele>
      </trkpt>
      <trkpt lat="43.63054018467665" lon="-79.41886874847114">
        <ele>74.9</ele>
      </trkpt>
      <trkpt lat="43.630592823028564" lon="-79.41846272908151">
        <ele>74.92</ele>
      </trkpt>
      <trkpt lat="43.63065308891237" lon="-79.41808110103011">
        <ele>74.94</ele>
      </trkpt>
      <trkpt lat="43.63071335479617" lon="-79.41769947297871">
        <ele>74.96</ele>
      </trkpt>
      <trkpt lat="43.630773620679975" lon="-79.41731784492731">
        <ele>74.98</ele>
      </trkpt>
      <trkpt lat="43.63083388656378" lon="-79.41693621687591">
        <ele>75.0</ele>
      </trkpt>
      <trkpt lat="43.63089415244758" lon="-79.41655458882451">
        <ele>75.01</ele>
      </trkpt>
      <trkpt lat="43.630954418331385" lon="-79.41617296077311">
        <ele>75.03</ele>
      </trkpt>
      <trkpt lat="43.63101476803422" lon="-79.41579133272171">
        <ele>75.04</ele>
      </trkpt>
      <trkpt lat="43.63107503391802" lon="-79.41540970467031">
        <ele>75.05</ele>
      </trkpt>
      <trkpt lat="43.63113404251635" lon="-79.41503578796983">
        <ele>75.06</ele>
      </trkpt>
      <trkpt lat="43.631184585392475" lon="-79.41481827758253">
        <ele>75.07</ele>
      </trkpt>
      <trkpt lat="43.631234876811504" lon="-79.41460160538554">
        <ele>75.08</ele>
      </trkpt>
      <trkpt lat="43.63132942467928" lon="-79.41429667174816">
        <ele>75.09</ele>
      </trkpt>
      <trkpt lat="43.631423553451896" lon="-79.4139928277582">
        <ele>75.09</ele>
      </trkpt>
      <trkpt lat="43.63152103498578" lon="-79.41366853192449">
        <ele>75.09</ele>
      </trkpt>
      <trkpt lat="43.631618432700634" lon="-79.41334431990981">
        <ele>75.1</ele>
      </trkpt>
      <trkpt lat="43.631715243682265" lon="-79.4130218680948">
        <ele>75.1</ele>
      </trkpt>
      <trkpt lat="43.631838373839855" lon="-79.41265658475459">
        <ele>75.09</ele>
      </trkpt>
      <trkpt lat="43.63196142017841" lon="-79.41229121759534">
        <ele>75.09</ele>
      </trkpt>
      <trkpt lat="43.63208387978375" lon="-79.41192777827382">
        <ele>75.08</ele>
      </trkpt>
      <trkpt lat="43.63219234161079" lon="-79.41154816187918">
        <ele>75.08</ele>
      </trkpt>
      <trkpt lat="43.63230080343783" lon="-79.41116854548454">
        <ele>75.06</ele>
      </trkpt>
      <trkpt lat="43.63240926526487" lon="-79.4107889290899">
        <ele>75.05</ele>
      </trkpt>
      <trkpt lat="43.63251680508256" lon="-79.41041224636137">
        <ele>75.04</ele>
      </trkpt>
      <trkpt lat="43.63262962549925" lon="-79.41017009317875">
        <ele>75.02</ele>
      </trkpt>
      <trkpt lat="43.63274211063981" lon="-79.40992852672935">
        <ele>75.0</ele>
      </trkpt>
      <trkpt lat="43.63288099877536" lon="-79.40977673046291">
        <ele>74.97</ele>
      </trkpt>
      <trkpt lat="43.633019803091884" lon="-79.4096250180155">
        <ele>74.95</ele>
      </trkpt>
      <trkpt lat="43.633186435326934" lon="-79.40948830917478">
        <ele>74.92</ele>
      </trkpt>
      <trkpt lat="43.633353151381016" lon="-79.40935151651502">
        <ele>74.89</ele>
      </trkpt>
      <trkpt lat="43.633612571284175" lon="-79.4091915898025">
        <ele>74.85</ele>
      </trkpt>
      <trkpt lat="43.633871991187334" lon="-79.40903157927096">
        <ele>74.81</ele>
      </trkpt>
      <trkpt lat="43.63413174636662" lon="-79.40887131728232">
        <ele>74.78</ele>
      </trkpt>
      <trkpt lat="43.634324027225375" lon="-79.40873946994543">
        <ele>74.74</ele>
      </trkpt>
      <trkpt lat="43.63451639190316" lon="-79.40860753878951">
        <ele>74.7</ele>
      </trkpt>
      <trkpt lat="43.63476013764739" lon="-79.40834602341056">
        <ele>74.66</ele>
      </trkpt>
      <trkpt lat="43.634928027167916" lon="-79.408069672063">
        <ele>74.62</ele>
      </trkpt>
      <trkpt lat="43.635095581412315" lon="-79.40779382362962">
        <ele>74.58</ele>
      </trkpt>
      <trkpt lat="43.635240169242024" lon="-79.40746366046369">
        <ele>74.55</ele>
      </trkpt>
      <trkpt lat="43.63530068658292" lon="-79.40719929523766">
        <ele>74.52</ele>
      </trkpt>
      <trkpt lat="43.63536103628576" lon="-79.40693601965904">
        <ele>74.49</ele>
      </trkpt>
      <trkpt lat="43.635450303554535" lon="-79.40672404132783">
        <ele>74.47</ele>
      </trkpt>
      <trkpt lat="43.635539235547185" lon="-79.40651281736791">
        <ele>74.47</ele>
      </trkpt>
      <trkpt lat="43.63559614866972" lon="-79.4062683172524">
        <ele>74.47</ele>
      </trkpt>
      <trkpt lat="43.63562213256955" lon="-79.40591694787145">
        <ele>74.48</ele>
      </trkpt>
      <trkpt lat="43.63564794883132" lon="-79.40556725487113">
        <ele>74.51</ele>
      </trkpt>
      <trkpt lat="43.635672675445676" lon="-79.40523792989552">
        <ele>74.56</ele>
      </trkpt>
      <trkpt lat="43.635697485879064" lon="-79.40490868873894">
        <ele>74.62</ele>
      </trkpt>
      <trkpt lat="43.63572221249342" lon="-79.40457936376333">
        <ele>74.7</ele>
      </trkpt>
      <trkpt lat="43.63574668765068" lon="-79.40425322391093">
        <ele>74.8</ele>
      </trkpt>
      <trkpt lat="43.635773761197925" lon="-79.40388282760978">
        <ele>74.92</ele>
      </trkpt>
      <trkpt lat="43.635800667107105" lon="-79.4035141915083">
        <ele>75.07</ele>
      </trkpt>
      <trkpt lat="43.63583134487271" lon="-79.40313088707626">
        <ele>75.24</ele>
      </trkpt>
      <trkpt lat="43.63586210645735" lon="-79.40274758264422">
        <ele>75.43</ele>
      </trkpt>
      <trkpt lat="43.63589286804199" lon="-79.40236427821219">
        <ele>75.65</ele>
      </trkpt>
      <trkpt lat="43.635923294350505" lon="-79.40198466181755">
        <ele>75.93</ele>
      </trkpt>
      <trkpt lat="43.635992696508765" lon="-79.40157034434378">
        <ele>76.22</ele>
      </trkpt>
      <trkpt lat="43.63606394268572" lon="-79.4012466352433">
        <ele>76.52</ele>
      </trkpt>
      <trkpt lat="43.636134937405586" lon="-79.40092435106635">
        <ele>76.85</ele>
      </trkpt>
      <trkpt lat="43.63621129654348" lon="-79.40063676796854">
        <ele>77.18</ele>
      </trkpt>
      <trkpt lat="43.636287320405245" lon="-79.40035035833716">
        <ele>77.53</ele>
      </trkpt>
      <trkpt lat="43.63636049441993" lon="-79.40013259649277">
        <ele>77.87</ele>
      </trkpt>
      <trkpt lat="43.636497370898724" lon="-79.39975256100297">
        <ele>78.23</ele>
      </trkpt>
      <trkpt lat="43.636634247377515" lon="-79.3993726093322">
        <ele>78.55</ele>
      </trkpt>
      <trkpt lat="43.63677120767534" lon="-79.39899265766144">
        <ele>78.88</ele>
      </trkpt>
      <trkpt lat="43.63690707832575" lon="-79.39861530438066">
        <ele>79.24</ele>
      </trkpt>
      <trkpt lat="43.63699693232775" lon="-79.39836443401873">
        <ele>79.55</ele>
      </trkpt>
      <trkpt lat="43.63708636723459" lon="-79.39811448566616">
        <ele>79.85</ele>
      </trkpt>
      <trkpt lat="43.63720907829702" lon="-79.39779580570757">
        <ele>80.14</ele>
      </trkpt>
      <trkpt lat="43.63733137026429" lon="-79.3974782153964">
        <ele>80.42</ele>
      </trkpt>
      <trkpt lat="43.637491296976805" lon="-79.39717328175902">
        <ele>80.68</ele>
      </trkpt>
      <trkpt lat="43.63765080459416" lon="-79.39686910249293">
        <ele>80.94</ele>
      </trkpt>
      <trkpt lat="43.637811820954084" lon="-79.39658168703318">
        <ele>81.19</ele>
      </trkpt>
      <trkpt lat="43.63797275349498" lon="-79.39629418775439">
        <ele>81.48</ele>
      </trkpt>
      <trkpt lat="43.6381337698549" lon="-79.39600677229464">
        <ele>81.69</ele>
      </trkpt>
      <trkpt lat="43.63829403184354" lon="-79.39572061412036">
        <ele>81.89</ele>
      </trkpt>
      <trkpt lat="43.63839687779546" lon="-79.39546521753073">
        <ele>82.08</ele>
      </trkpt>
      <trkpt lat="43.638499304652214" lon="-79.39521057531238">
        <ele>82.3</ele>
      </trkpt>
      <trkpt lat="43.63857742398977" lon="-79.39497227780521">
        <ele>82.49</ele>
      </trkpt>
      <trkpt lat="43.638655291870236" lon="-79.39473498612642">
        <ele>82.61</ele>
      </trkpt>
      <trkpt lat="43.638697788119316" lon="-79.39448671415448">
        <ele>82.7</ele>
      </trkpt>
      <trkpt lat="43.6387400329113" lon="-79.39423961564898">
        <ele>82.77</ele>
      </trkpt>
      <trkpt lat="43.63880289718509" lon="-79.39386184327304">
        <ele>82.81</ele>
      </trkpt>
      <trkpt lat="43.638865761458874" lon="-79.39348398707807">
        <ele>82.81</ele>
      </trkpt>
      <trkpt lat="43.63892862573266" lon="-79.3931061308831">
        <ele>82.78</ele>
      </trkpt>
      <trkpt lat="43.63899149000645" lon="-79.39272835850716">
        <ele>82.74</ele>
      </trkpt>
      <trkpt lat="43.639054438099265" lon="-79.39235050231218">
        <ele>82.7</ele>
      </trkpt>
      <trkpt lat="43.63911730237305" lon="-79.39197264611721">
        <ele>82.65</ele>
      </trkpt>
      <trkpt lat="43.63918016664684" lon="-79.39159478992224">
        <ele>82.58</ele>
      </trkpt>
      <trkpt lat="43.639243030920625" lon="-79.3912170175463">
        <ele>82.5</ele>
      </trkpt>
      <trkpt lat="43.639304554089904" lon="-79.39084678888321">
        <ele>82.41</ele>
      </trkpt>
      <trkpt lat="43.63935241475701" lon="-79.39054763875902">
        <ele>82.31</ele>
      </trkpt>
      <trkpt lat="43.63940019160509" lon="-79.39024848863482">
        <ele>82.21</ele>
      </trkpt>
      <trkpt lat="43.63944763317704" lon="-79.38995143398643">
        <ele>82.1</ele>
      </trkpt>
      <trkpt lat="43.639516700059175" lon="-79.38953124918044">
        <ele>81.96</ele>
      </trkpt>
      <trkpt lat="43.63958576694131" lon="-79.38911098055542">
        <ele>81.82</ele>
      </trkpt>
      <trkpt lat="43.63965483382344" lon="-79.38869079574943">
        <ele>81.72</ele>
      </trkpt>
      <trkpt lat="43.639723816886544" lon="-79.38827061094344">
        <ele>81.62</ele>
      </trkpt>
      <trkpt lat="43.63979288376868" lon="-79.38785042613745">
        <ele>81.46</ele>
      </trkpt>
      <trkpt lat="43.63986195065081" lon="-79.38743024133146">
        <ele>81.34</ele>
      </trkpt>
      <trkpt lat="43.639931017532945" lon="-79.38701005652547">
        <ele>81.24</ele>
      </trkpt>
      <trkpt lat="43.63999874331057" lon="-79.38659741543233">
        <ele>81.13</ele>
      </trkpt>
      <trkpt lat="43.64006236195564" lon="-79.3862434476614">
        <ele>81.03</ele>
      </trkpt>
      <trkpt lat="43.640126064419746" lon="-79.3858895637095">
        <ele>80.94</ele>
      </trkpt>
      <trkpt lat="43.64018926396966" lon="-79.38553802669048">
        <ele>80.85</ele>
      </trkpt>
      <trkpt lat="43.64025950431824" lon="-79.38517668284476">
        <ele>80.77</ele>
      </trkpt>
      <trkpt lat="43.64032982848585" lon="-79.38481533899903">
        <ele>80.69</ele>
      </trkpt>
      <trkpt lat="43.640400152653456" lon="-79.38445399515331">
        <ele>80.62</ele>
      </trkpt>
      <trkpt lat="43.64047039300203" lon="-79.38409265130758">
        <ele>80.55</ele>
      </trkpt>
      <trkpt lat="43.64054071716964" lon="-79.38373130746186">
        <ele>80.49</ele>
      </trkpt>
      <trkpt lat="43.64061003550887" lon="-79.38337474130094">
        <ele>80.42</ele>
      </trkpt>
      <trkpt lat="43.64072285592556" lon="-79.38312864862382">
        <ele>80.37</ele>
      </trkpt>
      <trkpt lat="43.64083567634225" lon="-79.38288255594671">
        <ele>80.29</ele>
      </trkpt>
      <trkpt lat="43.64094799384475" lon="-79.382637552917">
        <ele>80.23</ele>
      </trkpt>
      <trkpt lat="43.641102304682136" lon="-79.38233479857445">
        <ele>80.21</ele>
      </trkpt>
      <trkpt lat="43.64125653170049" lon="-79.38203204423189">
        <ele>80.21</ele>
      </trkpt>
      <trkpt lat="43.64141075871885" lon="-79.38172928988934">
        <ele>80.23</ele>
      </trkpt>
      <trkpt lat="43.641565069556236" lon="-79.38142653554678">
        <ele>80.25</ele>
      </trkpt>
      <trkpt lat="43.64171929657459" lon="-79.38112378120422">
        <ele>80.26</ele>
      </trkpt>
      <trkpt lat="43.641872350126505" lon="-79.38082328997552">
        <ele>80.27</ele>
      </trkpt>
      <trkpt lat="43.642041413113475" lon="-79.38046370632946">
        <ele>80.29</ele>
      </trkpt>
      <trkpt lat="43.642210476100445" lon="-79.38010420650244">
        <ele>80.31</ele>
      </trkpt>
      <trkpt lat="43.642379539087415" lon="-79.37974462285638">
        <ele>80.35</ele>
      </trkpt>
      <trkpt lat="43.642548602074385" lon="-79.37938512302935">
        <ele>80.36</ele>
      </trkpt>
      <trkpt lat="43.64271758124232" lon="-79.37902553938329">
        <ele>80.42</ele>
      </trkpt>
      <trkpt lat="43.64288664422929" lon="-79.37866603955626">
        <ele>80.51</ele>
      </trkpt>
      <trkpt lat="43.64305570721626" lon="-79.3783064559102">
        <ele>80.64</ele>
      </trkpt>
      <trkpt lat="43.6432228423655" lon="-79.37795089557767">
        <ele>80.71</ele>
      </trkpt>
      <trkpt lat="43.643510257825255" lon="-79.37805759720504">
        <ele>80.87</ele>
      </trkpt>
      <trkpt lat="43.64380965940654" lon="-79.37811367213726">
        <ele>80.99</ele>
      </trkpt>
      <trkpt lat="43.6440053768456" lon="-79.37820436432958">
        <ele>81.12</ele>
      </trkpt>
      <trkpt lat="43.64420126192272" lon="-79.37829522415996">
        <ele>81.25</ele>
      </trkpt>
      <trkpt lat="43.64449714310467" lon="-79.37841868959367">
        <ele>81.39</ele>
      </trkpt>
      <trkpt lat="43.64479302428663" lon="-79.37854215502739">
        <ele>81.53</ele>
      </trkpt>
      <trkpt lat="43.64508890546858" lon="-79.3786656204611">
        <ele>81.7</ele>
      </trkpt>
      <trkpt lat="43.64538478665054" lon="-79.37878900207579">
        <ele>81.88</ele>
      </trkpt>
      <trkpt lat="43.645680667832494" lon="-79.37891246750951">
        <ele>82.02</ele>
      </trkpt>
      <trkpt lat="43.64597789011896" lon="-79.37903651967645">
        <ele>82.15</ele>
      </trkpt>
      <trkpt lat="43.64624937996268" lon="-79.37916023656726">
        <ele>82.29</ele>
      </trkpt>
      <trkpt lat="43.64652086980641" lon="-79.37928395345807">
        <ele>82.45</ele>
      </trkpt>
      <trkpt lat="43.6467922758311" lon="-79.37940767034888">
        <ele>82.55</ele>
      </trkpt>
      <trkpt lat="43.64706376567483" lon="-79.3795313872397">
        <ele>82.64</ele>
      </trkpt>
      <trkpt lat="43.647336261346936" lon="-79.37965552322567">
        <ele>82.71</ele>
      </trkpt>
      <trkpt lat="43.647413877770305" lon="-79.37927255406976">
        <ele>82.76</ele>
      </trkpt>
      <trkpt lat="43.64749141037464" lon="-79.37888958491385">
        <ele>82.8</ele>
      </trkpt>
      <trkpt lat="43.64756902679801" lon="-79.37850661575794">
        <ele>82.82</ele>
      </trkpt>
      <trkpt lat="43.64764655940235" lon="-79.37812373042107">
        <ele>82.83</ele>
      </trkpt>
      <trkpt lat="43.647724175825715" lon="-79.37774076126516">
        <ele>82.79</ele>
      </trkpt>
      <trkpt lat="43.64780070260167" lon="-79.37736273743212">
        <ele>82.73</ele>
      </trkpt>
      <trkpt lat="43.64789206534624" lon="-79.37696292065084">
        <ele>82.71</ele>
      </trkpt>
      <trkpt lat="43.64798334427178" lon="-79.37656302005053">
        <ele>82.68</ele>
      </trkpt>
      <trkpt lat="43.64807462319732" lon="-79.37616311945021">
        <ele>82.61</ele>
      </trkpt>
      <trkpt lat="43.648165902122855" lon="-79.37576330266893">
        <ele>82.55</ele>
      </trkpt>
      <trkpt lat="43.64825617522001" lon="-79.3753675930202">
        <ele>82.49</ele>
      </trkpt>
      <trkpt lat="43.64833018742502" lon="-79.375010272488">
        <ele>82.42</ele>
      </trkpt>
      <trkpt lat="43.64840419963002" lon="-79.3746529519558">
        <ele>82.35</ele>
      </trkpt>
      <trkpt lat="43.648478128015995" lon="-79.37429563142359">
        <ele>82.28</ele>
      </trkpt>
      <trkpt lat="43.648551469668746" lon="-79.37394141219556">
        <ele>82.2</ele>
      </trkpt>
      <trkpt lat="43.648530431091785" lon="-79.37386756762862">
        <ele>82.11</ele>
      </trkpt>
      <trkpt lat="43.6485053692013" lon="-79.37381098978221">
        <ele>82.03</ele>
      </trkpt>
      <trkpt lat="43.648488353937864" lon="-79.37371451407671">
        <ele>81.93</ele>
      </trkpt>
      <trkpt lat="43.648516768589616" lon="-79.37362289987504">
        <ele>81.83</ele>
      </trkpt>
      <trkpt lat="43.64865138195455" lon="-79.37324831262231">
        <ele>81.69</ele>
      </trkpt>
      <trkpt lat="43.648787923157215" lon="-79.37289820052683">
        <ele>81.6</ele>
      </trkpt>
      <trkpt lat="43.64892454817891" lon="-79.37254808843136">
        <ele>81.51</ele>
      </trkpt>
      <trkpt lat="43.649061089381576" lon="-79.37219806015491">
        <ele>81.41</ele>
      </trkpt>
      <trkpt lat="43.64919763058424" lon="-79.37184794805944">
        <ele>81.32</ele>
      </trkpt>
      <trkpt lat="43.64933299832046" lon="-79.37150068581104">
        <ele>81.23</ele>
      </trkpt>
      <trkpt lat="43.64942301996052" lon="-79.37123506329954">
        <ele>81.13</ele>
      </trkpt>
      <trkpt lat="43.649512622505426" lon="-79.37097044661641">
        <ele>81.03</ele>
      </trkpt>
      <trkpt lat="43.64961739629507" lon="-79.37070205807686">
        <ele>80.93</ele>
      </trkpt>
      <trkpt lat="43.64972208626568" lon="-79.37043375335634">
        <ele>80.82</ele>
      </trkpt>
      <trkpt lat="43.64982635714114" lon="-79.37016670592129">
        <ele>80.71</ele>
      </trkpt>
      <trkpt lat="43.64990858361125" lon="-79.36980670318007">
        <ele>80.59</ele>
      </trkpt>
      <trkpt lat="43.649990893900394" lon="-79.36944661661983">
        <ele>80.4</ele>
      </trkpt>
      <trkpt lat="43.65007312037051" lon="-79.36908653005958">
        <ele>80.27</ele>
      </trkpt>
      <trkpt lat="43.65015534684062" lon="-79.36872652731836">
        <ele>80.14</ele>
      </trkpt>
      <trkpt lat="43.650236735120416" lon="-79.36837029643357">
        <ele>80.0</ele>
      </trkpt>
      <trkpt lat="43.65032499656081" lon="-79.36798514798284">
        <ele>79.86</ele>
      </trkpt>
      <trkpt lat="43.65041325800121" lon="-79.36760008335114">
        <ele>79.71</ele>
      </trkpt>
      <trkpt lat="43.650501603260636" lon="-79.36721501871943">
        <ele>79.51</ele>
      </trkpt>
      <trkpt lat="43.65058986470103" lon="-79.36682995408773">
        <ele>79.34</ele>
      </trkpt>
      <trkpt lat="43.65067812614143" lon="-79.36644488945603">
        <ele>79.18</ele>
      </trkpt>
      <trkpt lat="43.650766387581825" lon="-79.36605982482433">
        <ele>79.01</ele>
      </trkpt>
      <trkpt lat="43.65085464902222" lon="-79.3656746763736">
        <ele>78.85</ele>
      </trkpt>
      <trkpt lat="43.65094291046262" lon="-79.3652896117419">
        <ele>78.63</ele>
      </trkpt>
      <trkpt lat="43.651031171903014" lon="-79.3649045471102">
        <ele>78.44</ele>
      </trkpt>
      <trkpt lat="43.65111943334341" lon="-79.3645194824785">
        <ele>78.26</ele>
      </trkpt>
      <trkpt lat="43.651205599308014" lon="-79.36414330266416">
        <ele>78.09</ele>
      </trkpt>
      <trkpt lat="43.651272570714355" lon="-79.3638595752418">
        <ele>77.91</ele>
      </trkpt>
      <trkpt lat="43.65133962593973" lon="-79.36357576400042">
        <ele>77.74</ele>
      </trkpt>
      <trkpt lat="43.65140617825091" lon="-79.36329388059676">
        <ele>77.56</ele>
      </trkpt>
      <trkpt lat="43.65149955265224" lon="-79.36288970522583">
        <ele>77.37</ele>
      </trkpt>
      <trkpt lat="43.65159292705357" lon="-79.3624855298549">
        <ele>77.19</ele>
      </trkpt>
      <trkpt lat="43.6516863014549" lon="-79.36208135448396">
        <ele>76.94</ele>
      </trkpt>
      <trkpt lat="43.651779759675264" lon="-79.36167717911303">
        <ele>76.76</ele>
      </trkpt>
      <trkpt lat="43.651872128248215" lon="-79.36127719469368">
        <ele>76.57</ele>
      </trkpt>
      <trkpt lat="43.651991402730346" lon="-79.36097477562726">
        <ele>76.34</ele>
      </trkpt>
      <trkpt lat="43.652142779901624" lon="-79.36081510037184">
        <ele>76.19</ele>
      </trkpt>
      <trkpt lat="43.65238828584552" lon="-79.36067830771208">
        <ele>76.05</ele>
      </trkpt>
      <trkpt lat="43.65262356586754" lon="-79.36049298383296">
        <ele>75.84</ele>
      </trkpt>
      <trkpt lat="43.65280729718506" lon="-79.36029081232846">
        <ele>75.69</ele>
      </trkpt>
      <trkpt lat="43.65299362689257" lon="-79.3599571287632">
        <ele>75.52</ele>
      </trkpt>
      <trkpt lat="43.65317995660007" lon="-79.35962336137891">
        <ele>75.35</ele>
      </trkpt>
      <trkpt lat="43.65336628630757" lon="-79.35928967781365">
        <ele>75.23</ele>
      </trkpt>
      <trkpt lat="43.65355261601508" lon="-79.35895591042936">
        <ele>75.13</ele>
      </trkpt>
      <trkpt lat="43.6537379398942" lon="-79.3586240708828">
        <ele>75.04</ele>
      </trkpt>
      <trkpt lat="43.65368094295263" lon="-79.3585791438818">
        <ele>74.96</ele>
      </trkpt>
      <trkpt lat="43.65340366959572" lon="-79.35848451219499">
        <ele>74.89</ele>
      </trkpt>
      <trkpt lat="43.65314022637904" lon="-79.35836222022772">
        <ele>74.83</ele>
      </trkpt>
      <trkpt lat="43.652876783162355" lon="-79.35823984444141">
        <ele>74.79</ele>
      </trkpt>
      <trkpt lat="43.65261275321245" lon="-79.35811730101705">
        <ele>74.76</ele>
      </trkpt>
      <trkpt lat="43.6526897829026" lon="-79.35779023915529">
        <ele>74.73</ele>
      </trkpt>
      <trkpt lat="43.65276689641178" lon="-79.35746317729354">
        <ele>74.72</ele>
      </trkpt>
      <trkpt lat="43.65284392610192" lon="-79.35713619925082">
        <ele>74.71</ele>
      </trkpt>
      <trkpt lat="43.652920285239816" lon="-79.35681181959808">
        <ele>74.71</ele>
      </trkpt>
      <trkpt lat="43.65298541262746" lon="-79.3564672395587">
        <ele>74.71</ele>
      </trkpt>
      <trkpt lat="43.65299823693931" lon="-79.35616943053901">
        <ele>74.72</ele>
      </trkpt>
      <trkpt lat="43.65306235849857" lon="-79.3558836914599">
        <ele>74.74</ele>
      </trkpt>
      <trkpt lat="43.65312631241977" lon="-79.35559912584722">
        <ele>74.75</ele>
      </trkpt>
      <trkpt lat="43.653215328231454" lon="-79.35520970262587">
        <ele>74.77</ele>
      </trkpt>
      <trkpt lat="43.653304260224104" lon="-79.35482036322355">
        <ele>74.79</ele>
      </trkpt>
      <trkpt lat="43.653393276035786" lon="-79.3544309400022">
        <ele>74.81</ele>
      </trkpt>
      <trkpt lat="43.653482208028436" lon="-79.35404151678085">
        <ele>74.83</ele>
      </trkpt>
      <trkpt lat="43.65357030183077" lon="-79.35365620069206">
        <ele>74.85</ele>
      </trkpt>
      <trkpt lat="43.65379175171256" lon="-79.35373700223863">
        <ele>74.88</ele>
      </trkpt>
      <trkpt lat="43.653997192159295" lon="-79.35375032946467">
        <ele>74.9</ele>
      </trkpt>
      <trkpt lat="43.654202967882156" lon="-79.35376365669072">
        <ele>74.92</ele>
      </trkpt>
      <trkpt lat="43.654366079717875" lon="-79.35373641550541">
        <ele>74.93</ele>
      </trkpt>
      <trkpt lat="43.65452952682972" lon="-79.35370909050107">
        <ele>74.95</ele>
      </trkpt>
      <trkpt lat="43.65483454428613" lon="-79.35360196977854">
        <ele>74.96</ele>
      </trkpt>
      <trkpt lat="43.65494778379798" lon="-79.35352703556418">
        <ele>74.98</ele>
      </trkpt>
      <trkpt lat="43.65508164279163" lon="-79.3534453958273">
        <ele>74.99</ele>
      </trkpt>
      <trkpt lat="43.65530267357826" lon="-79.35327432118356">
        <ele>75.0</ele>
      </trkpt>
      <trkpt lat="43.655485985800624" lon="-79.35319393873215">
        <ele>75.01</ele>
      </trkpt>
      <trkpt lat="43.65566963329911" lon="-79.35311338864267">
        <ele>75.01</ele>
      </trkpt>
      <trkpt lat="43.65582930855453" lon="-79.3531166575849">
        <ele>75.02</ele>
      </trkpt>
      <trkpt lat="43.655989319086075" lon="-79.35311992652714">
        <ele>75.02</ele>
      </trkpt>
      <trkpt lat="43.65622367709875" lon="-79.35324079357088">
        <ele>75.03</ele>
      </trkpt>
      <trkpt lat="43.65642534568906" lon="-79.35345076024532">
        <ele>75.03</ele>
      </trkpt>
      <trkpt lat="43.656626930460334" lon="-79.35366072691977">
        <ele>75.03</ele>
      </trkpt>
      <trkpt lat="43.65682063624263" lon="-79.35387136414647">
        <ele>75.03</ele>
      </trkpt>
      <trkpt lat="43.6570414993912" lon="-79.35412047430873">
        <ele>75.03</ele>
      </trkpt>
      <trkpt lat="43.6572624463588" lon="-79.35436966829002">
        <ele>75.03</ele>
      </trkpt>
      <trkpt lat="43.65748314186931" lon="-79.35461852699518">
        <ele>75.03</ele>
      </trkpt>
      <trkpt lat="43.657677099108696" lon="-79.35477811843157">
        <ele>75.03</ele>
      </trkpt>
      <trkpt lat="43.65793718956411" lon="-79.35487777926028">
        <ele>75.02</ele>
      </trkpt>
      <trkpt lat="43.65819728001952" lon="-79.35497744008899">
        <ele>75.02</ele>
      </trkpt>
      <trkpt lat="43.658457454293966" lon="-79.3550771009177">
        <ele>75.02</ele>
      </trkpt>
      <trkpt lat="43.658718382939696" lon="-79.35517709702253">
        <ele>75.02</ele>
      </trkpt>
      <trkpt lat="43.65898375399411" lon="-79.35524951666594">
        <ele>75.01</ele>
      </trkpt>
      <trkpt lat="43.65924971178174" lon="-79.35532202012837">
        <ele>75.01</ele>
      </trkpt>
      <trkpt lat="43.65950712002814" lon="-79.35539209283888">
        <ele>75.01</ele>
      </trkpt>
      <trkpt lat="43.659764528274536" lon="-79.3554621655494">
        <ele>75.01</ele>
      </trkpt>
      <trkpt lat="43.660022020339966" lon="-79.35553215444088">
        <ele>75.0</ele>
      </trkpt>
      <trkpt lat="43.660279428586364" lon="-79.3556022271514">
        <ele>75.0</ele>
      </trkpt>
      <trkpt lat="43.66053809411824" lon="-79.35567263513803">
        <ele>75.0</ele>
      </trkpt>
      <trkpt lat="43.66082944907248" lon="-79.35576491989195">
        <ele>75.0</ele>
      </trkpt>
      <trkpt lat="43.66112080402672" lon="-79.3558572884649">
        <ele>75.0</ele>
      </trkpt>
      <trkpt lat="43.661412158980966" lon="-79.35594965703785">
        <ele>74.99</ele>
      </trkpt>
      <trkpt lat="43.66170359775424" lon="-79.3560420256108">
        <ele>74.99</ele>
      </trkpt>
      <trkpt lat="43.66199495270848" lon="-79.35613431036472">
        <ele>74.99</ele>
      </trkpt>
      <trkpt lat="43.662286307662725" lon="-79.35622667893767">
        <ele>74.99</ele>
      </trkpt>
      <trkpt lat="43.662577746436" lon="-79.35631904751062">
        <ele>74.99</ele>
      </trkpt>
      <trkpt lat="43.662871196866035" lon="-79.35641208663583">
        <ele>74.99</ele>
      </trkpt>
      <trkpt lat="43.66316741332412" lon="-79.35649364255369">
        <ele>74.99</ele>
      </trkpt>
      <trkpt lat="43.6634636297822" lon="-79.35657528229058">
        <ele>74.99</ele>
      </trkpt>
      <trkpt lat="43.663759930059314" lon="-79.35665692202747">
        <ele>74.99</ele>
      </trkpt>
      <trkpt lat="43.664056146517396" lon="-79.35673847794533">
        <ele>74.99</ele>
      </trkpt>
      <trkpt lat="43.66435378789902" lon="-79.35682045295835">
        <ele>74.99</ele>
      </trkpt>
      <trkpt lat="43.66465008817613" lon="-79.3569228798151">
        <ele>74.99</ele>
      </trkpt>
      <trkpt lat="43.664946388453245" lon="-79.35702522285283">
        <ele>74.99</ele>
      </trkpt>
      <trkpt lat="43.665243526920676" lon="-79.35712781734765">
        <ele>74.99</ele>
      </trkpt>
      <trkpt lat="43.66551945917308" lon="-79.35718950815499">
        <ele>74.99</ele>
      </trkpt>
      <trkpt lat="43.66579866036773" lon="-79.35728908516467">
        <ele>74.99</ele>
      </trkpt>
      <trkpt lat="43.66607836447656" lon="-79.35738882981241">
        <ele>74.99</ele>
      </trkpt>
      <trkpt lat="43.666274417191744" lon="-79.3574292305857">
        <ele>74.99</ele>
      </trkpt>
      <trkpt lat="43.66623116657138" lon="-79.35751397162676">
        <ele>74.99</ele>
      </trkpt>
      <trkpt lat="43.66615698672831" lon="-79.35749494470656">
        <ele>74.99</ele>
      </trkpt>
      <trkpt lat="43.666001753881574" lon="-79.35744347982109">
        <ele>74.99</ele>
      </trkpt>
      <trkpt lat="43.66584618575871" lon="-79.35739193111658">
        <ele>74.99</ele>
      </trkpt>
      <trkpt lat="43.665593387559056" lon="-79.35731942765415">
        <ele>74.99</ele>
      </trkpt>
      <trkpt lat="43.66534008644521" lon="-79.35724684037268">
        <ele>74.99</ele>
      </trkpt>
      <trkpt lat="43.665119893848896" lon="-79.35716670937836">
        <ele>74.99</ele>
      </trkpt>
      <trkpt lat="43.66489970125258" lon="-79.35708649456501">
        <ele>74.99</ele>
      </trkpt>
      <trkpt lat="43.66467892192304" lon="-79.3570061121136">
        <ele>75.0</ele>
      </trkpt>
      <trkpt lat="43.66443643346429" lon="-79.35693914070725">
        <ele>75.0</ele>
      </trkpt>
      <trkpt lat="43.664193442091346" lon="-79.35687200166285">
        <ele>75.0</ele>
      </trkpt>
      <trkpt lat="43.66394558921456" lon="-79.35680201277137">
        <ele>75.0</ele>
      </trkpt>
      <trkpt lat="43.66369765251875" lon="-79.35673210769892">
        <ele>75.0</ele>
      </trkpt>
      <trkpt lat="43.663449715822935" lon="-79.35666211880744">
        <ele>75.0</ele>
      </trkpt>
      <trkpt lat="43.66320177912712" lon="-79.35659221373498">
        <ele>75.0</ele>
      </trkpt>
      <trkpt lat="43.66295266896486" lon="-79.3565219733864">
        <ele>75.0</ele>
      </trkpt>
      <trkpt lat="43.66268050856888" lon="-79.35643941164017">
        <ele>75.0</ele>
      </trkpt>
      <trkpt lat="43.66240826435387" lon="-79.35635693371296">
        <ele>75.0</ele>
      </trkpt>
      <trkpt lat="43.662135265767574" lon="-79.35627412050962">
        <ele>75.0</ele>
      </trkpt>
      <trkpt lat="43.661951031535864" lon="-79.3562079872936">
        <ele>75.0</ele>
      </trkpt>
      <trkpt lat="43.661766378208995" lon="-79.35614177025855">
        <ele>75.0</ele>
      </trkpt>
      <trkpt lat="43.66150570102036" lon="-79.35606339946389">
        <ele>75.0</ele>
      </trkpt>
      <trkpt lat="43.661245023831725" lon="-79.35598502866924">
        <ele>75.0</ele>
      </trkpt>
      <trkpt lat="43.66098434664309" lon="-79.35590665787458">
        <ele>75.0</ele>
      </trkpt>
      <trkpt lat="43.660723669454455" lon="-79.35582828707993">
        <ele>75.0</ele>
      </trkpt>
      <trkpt lat="43.66046299226582" lon="-79.35574991628528">
        <ele>75.0</ele>
      </trkpt>
      <trkpt lat="43.66020089015365" lon="-79.35567104257643">
        <ele>75.0</ele>
      </trkpt>
      <trkpt lat="43.65991992875934" lon="-79.3555673584342">
        <ele>75.0</ele>
      </trkpt>
      <trkpt lat="43.65963854826987" lon="-79.3554635066539">
        <ele>75.0</ele>
      </trkpt>
      <trkpt lat="43.65945355966687" lon="-79.35542562045157">
        <ele>75.0</ele>
      </trkpt>
      <trkpt lat="43.65926823578775" lon="-79.35538756661117">
        <ele>75.0</ele>
      </trkpt>
      <trkpt lat="43.6590532399714" lon="-79.35532730072737">
        <ele>75.0</ele>
      </trkpt>
      <trkpt lat="43.65883790887892" lon="-79.3552668672055">
        <ele>75.0</ele>
      </trkpt>
      <trkpt lat="43.65866691805422" lon="-79.35520836152136">
        <ele>75.0</ele>
      </trkpt>
      <trkpt lat="43.6584955919534" lon="-79.35514968819916">
        <ele>75.0</ele>
      </trkpt>
      <trkpt lat="43.6582847032696" lon="-79.35506260022521">
        <ele>75.0</ele>
      </trkpt>
      <trkpt lat="43.65807347930968" lon="-79.35497542843223">
        <ele>75.0</ele>
      </trkpt>
      <trkpt lat="43.65778623148799" lon="-79.35487736016512">
        <ele>75.0</ele>
      </trkpt>
      <trkpt lat="43.65756201557815" lon="-79.35477241873741">
        <ele>74.99</ele>
      </trkpt>
      <trkpt lat="43.65739420987666" lon="-79.35459170490503">
        <ele>74.99</ele>
      </trkpt>
      <trkpt lat="43.65718809887767" lon="-79.35436665080488">
        <ele>74.99</ele>
      </trkpt>
      <trkpt lat="43.65698198787868" lon="-79.35414151288569">
        <ele>74.99</ele>
      </trkpt>
      <trkpt lat="43.65677587687969" lon="-79.35391645878553">
        <ele>74.99</ele>
      </trkpt>
      <trkpt lat="43.6565700173378" lon="-79.35369157232344">
        <ele>74.99</ele>
      </trkpt>
      <trkpt lat="43.656429033726454" lon="-79.35355343855917">
        <ele>74.99</ele>
      </trkpt>
      <trkpt lat="43.65628805011511" lon="-79.35341530479491">
        <ele>74.99</ele>
      </trkpt>
      <trkpt lat="43.65615955553949" lon="-79.35330734588206">
        <ele>74.99</ele>
      </trkpt>
      <trkpt lat="43.65604086779058" lon="-79.35322327539325">
        <ele>74.99</ele>
      </trkpt>
      <trkpt lat="43.655923353508115" lon="-79.35320978052914">
        <ele>74.99</ele>
      </trkpt>
      <trkpt lat="43.65575068630278" lon="-79.35319838114083">
        <ele>75.0</ele>
      </trkpt>
      <trkpt lat="43.65549948066473" lon="-79.35326501727104">
        <ele>75.0</ele>
      </trkpt>
      <trkpt lat="43.65533251315355" lon="-79.3533878121525">
        <ele>75.0</ele>
      </trkpt>
      <trkpt lat="43.65516537800431" lon="-79.35351077467203">
        <ele>75.0</ele>
      </trkpt>
      <trkpt lat="43.654975863173604" lon="-79.35362393036485">
        <ele>75.0</ele>
      </trkpt>
      <trkpt lat="43.65475189872086" lon="-79.3537197355181">
        <ele>75.0</ele>
      </trkpt>
      <trkpt lat="43.654490718618035" lon="-79.35382065363228">
        <ele>75.0</ele>
      </trkpt>
      <trkpt lat="43.65424873307347" lon="-79.35383624397218">
        <ele>75.0</ele>
      </trkpt>
      <trkpt lat="43.65404128096998" lon="-79.35384563170373">
        <ele>75.0</ele>
      </trkpt>
      <trkpt lat="43.653796361759305" lon="-79.35383993200958">
        <ele>75.0</ele>
      </trkpt>
      <trkpt lat="43.6536361835897" lon="-79.35379492118955">
        <ele>75.0</ele>
      </trkpt>
      <trkpt lat="43.65358505398035" lon="-79.35386122204363">
        <ele>75.0</ele>
      </trkpt>
      <trkpt lat="43.653513975441456" lon="-79.35418048873544">
        <ele>75.0</ele>
      </trkpt>
      <trkpt lat="43.65344323217869" lon="-79.35449841432273">
        <ele>75.0</ele>
      </trkpt>
      <trkpt lat="43.65336402319372" lon="-79.35488456860185">
        <ele>75.0</ele>
      </trkpt>
      <trkpt lat="43.653284814208746" lon="-79.35527080669999">
        <ele>75.0</ele>
      </trkpt>
      <trkpt lat="43.653205605223775" lon="-79.35565704479814">
        <ele>75.0</ele>
      </trkpt>
      <trkpt lat="43.653126480057836" lon="-79.35604328289628">
        <ele>75.0</ele>
      </trkpt>
      <trkpt lat="43.653047271072865" lon="-79.3564294371754">
        <ele>75.0</ele>
      </trkpt>
      <trkpt lat="43.65296806208789" lon="-79.35681567527354">
        <ele>75.0</ele>
      </trkpt>
      <trkpt lat="43.65288885310292" lon="-79.35720191337168">
        <ele>75.0</ele>
      </trkpt>
      <trkpt lat="43.65280964411795" lon="-79.35758815146983">
        <ele>75.0</ele>
      </trkpt>
      <trkpt lat="43.65273194387555" lon="-79.35796676203609">
        <ele>75.0</ele>
      </trkpt>
      <trkpt lat="43.653017431497574" lon="-79.35808880254626">
        <ele>75.0</ele>
      </trkpt>
      <trkpt lat="43.65330300293863" lon="-79.35821084305644">
        <ele>75.0</ele>
      </trkpt>
      <trkpt lat="43.65358857437968" lon="-79.35833279974759">
        <ele>75.0</ele>
      </trkpt>
      <trkpt lat="43.653874984011054" lon="-79.35845525935292">
        <ele>75.0</ele>
      </trkpt>
      <trkpt lat="43.65406382828951" lon="-79.35812191106379">
        <ele>75.0</ele>
      </trkpt>
      <trkpt lat="43.654252672567964" lon="-79.35778856277466">
        <ele>75.0</ele>
      </trkpt>
      <trkpt lat="43.654440846294165" lon="-79.35745638795197">
        <ele>75.0</ele>
      </trkpt>
      <trkpt lat="43.65458023734391" lon="-79.35716478154063">
        <ele>75.0</ele>
      </trkpt>
      <trkpt lat="43.65471954457462" lon="-79.35687325894833">
        <ele>75.0</ele>
      </trkpt>
      <trkpt lat="43.65485885180533" lon="-79.35658165253699">
        <ele>75.0</ele>
      </trkpt>
      <trkpt lat="43.65499748848379" lon="-79.35629172250628">
        <ele>75.0</ele>
      </trkpt>
      <trkpt lat="43.65514132194221" lon="-79.3559994455427">
        <ele>75.0</ele>
      </trkpt>
      <trkpt lat="43.655285239219666" lon="-79.3557071685791">
        <ele>75.0</ele>
      </trkpt>
      <trkpt lat="43.65542915649712" lon="-79.35541489161551">
        <ele>75.0</ele>
      </trkpt>
      <trkpt lat="43.655573073774576" lon="-79.35512269847095">
        <ele>75.0</ele>
      </trkpt>
      <trkpt lat="43.65571598522365" lon="-79.35483234934509">
        <ele>75.0</ele>
      </trkpt>
      <trkpt lat="43.65587800741196" lon="-79.35447284951806">
        <ele>75.0</ele>
      </trkpt>
      <trkpt lat="43.656039610505104" lon="-79.35411435551941">
        <ele>75.0</ele>
      </trkpt>
      <trkpt lat="43.656200543046" lon="-79.35374991036952">
        <ele>75.0</ele>
      </trkpt>
      <trkpt lat="43.65636155940592" lon="-79.35338546521962">
        <ele>75.0</ele>
      </trkpt>
      <trkpt lat="43.65652173757553" lon="-79.35302261263132">
        <ele>75.0</ele>
      </trkpt>
      <trkpt lat="43.65663355216384" lon="-79.3526417389512">
        <ele>75.0</ele>
      </trkpt>
      <trkpt lat="43.65674486383796" lon="-79.35226237401366">
        <ele>75.0</ele>
      </trkpt>
      <trkpt lat="43.65681745111942" lon="-79.35187043622136">
        <ele>75.0</ele>
      </trkpt>
      <trkpt lat="43.65688978694379" lon="-79.35148034244776">
        <ele>75.0</ele>
      </trkpt>
      <trkpt lat="43.656917279586196" lon="-79.35111564584076">
        <ele>75.0</ele>
      </trkpt>
      <trkpt lat="43.65694468840957" lon="-79.35075270943344">
        <ele>75.0</ele>
      </trkpt>
      <trkpt lat="43.65693454630673" lon="-79.35037770308554">
        <ele>75.0</ele>
      </trkpt>
      <trkpt lat="43.65692448802292" lon="-79.35000454075634">
        <ele>75.0</ele>
      </trkpt>
      <trkpt lat="43.65685600787401" lon="-79.3497303687036">
        <ele>75.0</ele>
      </trkpt>
      <trkpt lat="43.65678786300123" lon="-79.34945728629827">
        <ele>75.0</ele>
      </trkpt>
      <trkpt lat="43.65668535232544" lon="-79.3491655960679">
        <ele>75.0</ele>
      </trkpt>
      <trkpt lat="43.65658317692578" lon="-79.34887491166592">
        <ele>75.0</ele>
      </trkpt>
      <trkpt lat="43.65651243366301" lon="-79.34847266413271">
        <ele>75.0</ele>
      </trkpt>
      <trkpt lat="43.65644194185734" lon="-79.34807209298015">
        <ele>75.0</ele>
      </trkpt>
      <trkpt lat="43.65645099431276" lon="-79.3478105776012">
        <ele>75.0</ele>
      </trkpt>
      <trkpt lat="43.65646004676819" lon="-79.34755031950772">
        <ele>75.0</ele>
      </trkpt>
      <trkpt lat="43.656541937962174" lon="-79.34718386270106">
        <ele>74.99</ele>
      </trkpt>
      <trkpt lat="43.65662374533713" lon="-79.3468174058944">
        <ele>74.99</ele>
      </trkpt>
      <trkpt lat="43.656705636531115" lon="-79.34645094908774">
        <ele>74.99</ele>
      </trkpt>
      <trkpt lat="43.6567875277251" lon="-79.34608449228108">
        <ele>74.99</ele>
      </trkpt>
      <trkpt lat="43.65686941891909" lon="-79.34571811929345">
        <ele>74.99</ele>
      </trkpt>
      <trkpt lat="43.65695131011307" lon="-79.34535166248679">
        <ele>74.99</ele>
      </trkpt>
      <trkpt lat="43.65703194402158" lon="-79.3449906539172">
        <ele>74.99</ele>
      </trkpt>
      <trkpt lat="43.65711936727166" lon="-79.34459025040269">
        <ele>74.99</ele>
      </trkpt>
      <trkpt lat="43.65720679052174" lon="-79.34418984688818">
        <ele>74.99</ele>
      </trkpt>
      <trkpt lat="43.65729429759085" lon="-79.34378944337368">
        <ele>74.99</ele>
      </trkpt>
      <trkpt lat="43.65738172084093" lon="-79.34338912367821">
        <ele>74.99</ele>
      </trkpt>
      <trkpt lat="43.65746914409101" lon="-79.3429887201637">
        <ele>74.99</ele>
      </trkpt>
      <trkpt lat="43.65755665116012" lon="-79.3425883166492">
        <ele>74.99</ele>
      </trkpt>
      <trkpt lat="43.6576440744102" lon="-79.3421879131347">
        <ele>74.99</ele>
      </trkpt>
      <trkpt lat="43.65773149766028" lon="-79.34178759343922">
        <ele>74.99</ele>
      </trkpt>
      <trkpt lat="43.65781900472939" lon="-79.34138718992472">
        <ele>74.99</ele>
      </trkpt>
      <trkpt lat="43.65790642797947" lon="-79.34098678641021">
        <ele>74.99</ele>
      </trkpt>
      <trkpt lat="43.65799385122955" lon="-79.34058638289571">
        <ele>75.0</ele>
      </trkpt>
      <trkpt lat="43.65808135829866" lon="-79.3401859793812">
        <ele>75.0</ele>
      </trkpt>
      <trkpt lat="43.65816878154874" lon="-79.33978565968573">
        <ele>75.0</ele>
      </trkpt>
      <trkpt lat="43.65825628861785" lon="-79.33938525617123">
        <ele>75.0</ele>
      </trkpt>
      <trkpt lat="43.65834077820182" lon="-79.33899759314954">
        <ele>75.0</ele>
      </trkpt>
      <trkpt lat="43.65809359587729" lon="-79.33889684267342">
        <ele>75.0</ele>
      </trkpt>
      <trkpt lat="43.65784641355276" lon="-79.33879617601633">
        <ele>75.0</ele>
      </trkpt>
      <trkpt lat="43.65759923122823" lon="-79.33869542554021">
        <ele>75.0</ele>
      </trkpt>
      <trkpt lat="43.657352048903704" lon="-79.33859475888312">
        <ele>75.0</ele>
      </trkpt>
      <trkpt lat="43.657103944569826" lon="-79.33849367313087">
        <ele>75.0</ele>
      </trkpt>
      <trkpt lat="43.65680647082627" lon="-79.3383571319282">
        <ele>75.0</ele>
      </trkpt>
      <trkpt lat="43.65650899708271" lon="-79.33822067454457">
        <ele>75.0</ele>
      </trkpt>
      <trkpt lat="43.656211607158184" lon="-79.33808421716094">
        <ele>75.0</ele>
      </trkpt>
      <trkpt lat="43.655914133414626" lon="-79.33794775977731">
        <ele>75.0</ele>
      </trkpt>
      <trkpt lat="43.65561665967107" lon="-79.33781121857464">
        <ele>75.0</ele>
      </trkpt>
      <trkpt lat="43.65531918592751" lon="-79.33767476119101">
        <ele>75.0</ele>
      </trkpt>
      <trkpt lat="43.65502020344138" lon="-79.33753763325512">
        <ele>75.0</ele>
      </trkpt>
      <trkpt lat="43.655168395489454" lon="-79.33717385865748">
        <ele>75.0</ele>
      </trkpt>
      <trkpt lat="43.65531658753753" lon="-79.33681008405983">
        <ele>75.0</ele>
      </trkpt>
      <trkpt lat="43.655464109033346" lon="-79.33644806966186">
        <ele>75.0</ele>
      </trkpt>
      <trkpt lat="43.65563141182065" lon="-79.33608538471162">
        <ele>75.0</ele>
      </trkpt>
      <trkpt lat="43.655798714607954" lon="-79.33572261594236">
        <ele>75.0</ele>
      </trkpt>
      <trkpt lat="43.65596601739526" lon="-79.33535993099213">
        <ele>75.0</ele>
      </trkpt>
      <trkpt lat="43.65613323636353" lon="-79.3349972460419">
        <ele>75.0</ele>
      </trkpt>
      <trkpt lat="43.656300539150834" lon="-79.33463447727263">
        <ele>75.0</ele>
      </trkpt>
      <trkpt lat="43.65646784193814" lon="-79.3342717923224">
        <ele>75.0</ele>
      </trkpt>
      <trkpt lat="43.65663514472544" lon="-79.33390910737216">
        <ele>75.0</ele>
      </trkpt>
      <trkpt lat="43.656802447512746" lon="-79.3335463386029">
        <ele>75.0</ele>
      </trkpt>
      <trkpt lat="43.65696975030005" lon="-79.33318365365267">
        <ele>74.99</ele>
      </trkpt>
      <trkpt lat="43.657137053087354" lon="-79.33282096870244">
        <ele>74.99</ele>
      </trkpt>
      <trkpt lat="43.65730435587466" lon="-79.33245819993317">
        <ele>74.99</ele>
      </trkpt>
      <trkpt lat="43.65746872499585" lon="-79.33210154995322">
        <ele>74.99</ele>
      </trkpt>
      <trkpt lat="43.65763049572706" lon="-79.33173794299364">
        <ele>74.99</ele>
      </trkpt>
      <trkpt lat="43.65779226645827" lon="-79.33137433603406">
        <ele>74.99</ele>
      </trkpt>
      <trkpt lat="43.657954037189484" lon="-79.33101072907448">
        <ele>74.99</ele>
      </trkpt>
      <trkpt lat="43.658115807920694" lon="-79.33064720593393">
        <ele>74.99</ele>
      </trkpt>
      <trkpt lat="43.658277578651905" lon="-79.33028359897435">
        <ele>74.99</ele>
      </trkpt>
      <trkpt lat="43.658439349383116" lon="-79.32991999201477">
        <ele>74.99</ele>
      </trkpt>
      <trkpt lat="43.65859935991466" lon="-79.32956007309258">
        <ele>74.99</ele>
      </trkpt>
      <trkpt lat="43.65870455279946" lon="-79.32924047112465">
        <ele>74.99</ele>
      </trkpt>
      <trkpt lat="43.658809661865234" lon="-79.32892078533769">
        <ele>74.99</ele>
      </trkpt>
      <trkpt lat="43.658914268016815" lon="-79.32860294356942">
        <ele>74.99</ele>
      </trkpt>
      <trkpt lat="43.65901074372232" lon="-79.3281966727227">
        <ele>74.99</ele>
      </trkpt>
      <trkpt lat="43.659107219427824" lon="-79.32779040187597">
        <ele>74.99</ele>
      </trkpt>
      <trkpt lat="43.65920369513333" lon="-79.32738413102925">
        <ele>74.99</ele>
      </trkpt>
      <trkpt lat="43.6593000870198" lon="-79.32697794400156">
        <ele>74.99</ele>
      </trkpt>
      <trkpt lat="43.659396562725306" lon="-79.32657167315483">
        <ele>74.99</ele>
      </trkpt>
      <trkpt lat="43.65949303843081" lon="-79.3261654023081">
        <ele>74.99</ele>
      </trkpt>
      <trkpt lat="43.659589514136314" lon="-79.32575913146138">
        <ele>74.99</ele>
      </trkpt>
      <trkpt lat="43.65968598984182" lon="-79.32535286061466">
        <ele>74.99</ele>
      </trkpt>
      <trkpt lat="43.65978246554732" lon="-79.32494658976793">
        <ele>74.99</ele>
      </trkpt>
      <trkpt lat="43.659876845777035" lon="-79.32454878464341">
        <ele>74.99</ele>
      </trkpt>
      <trkpt lat="43.65996460430324" lon="-79.32423882186413">
        <ele>74.99</ele>
      </trkpt>
      <trkpt lat="43.66005236282945" lon="-79.32392885908484">
        <ele>74.99</ele>
      </trkpt>
      <trkpt lat="43.66014003753662" lon="-79.32361889630556">
        <ele>75.0</ele>
      </trkpt>
      <trkpt lat="43.66022712551057" lon="-79.3233113642782">
        <ele>75.0</ele>
      </trkpt>
      <trkpt lat="43.660300467163324" lon="-79.32305982336402">
        <ele>75.0</ele>
      </trkpt>
      <trkpt lat="43.66037355735898" lon="-79.32280928827822">
        <ele>75.01</ele>
      </trkpt>
      <trkpt lat="43.66045268252492" lon="-79.32248222641647">
        <ele>75.01</ele>
      </trkpt>
      <trkpt lat="43.66053172387183" lon="-79.32215508073568">
        <ele>75.01</ele>
      </trkpt>
      <trkpt lat="43.66061084903777" lon="-79.3218279350549">
        <ele>75.02</ele>
      </trkpt>
      <trkpt lat="43.66068930365145" lon="-79.32150355540216">
        <ele>75.02</ele>
      </trkpt>
      <trkpt lat="43.660777900367975" lon="-79.32110507972538">
        <ele>75.03</ele>
      </trkpt>
      <trkpt lat="43.66086641326547" lon="-79.32070660404861">
        <ele>75.03</ele>
      </trkpt>
      <trkpt lat="43.66095500998199" lon="-79.32030812837183">
        <ele>75.04</ele>
      </trkpt>
      <trkpt lat="43.66104352287948" lon="-79.31990965269506">
        <ele>75.04</ele>
      </trkpt>
      <trkpt lat="43.661132119596004" lon="-79.31951126083732">
        <ele>75.05</ele>
      </trkpt>
      <trkpt lat="43.661220632493496" lon="-79.31911278516054">
        <ele>75.05</ele>
      </trkpt>
      <trkpt lat="43.66130922921002" lon="-79.31871430948377">
        <ele>75.06</ele>
      </trkpt>
      <trkpt lat="43.66139774210751" lon="-79.31831583380699">
        <ele>75.06</ele>
      </trkpt>
      <trkpt lat="43.661486338824034" lon="-79.31791735813022">
        <ele>75.06</ele>
      </trkpt>
      <trkpt lat="43.661574851721525" lon="-79.31751888245344">
        <ele>75.06</ele>
      </trkpt>
      <trkpt lat="43.66166344843805" lon="-79.31712040677667">
        <ele>75.06</ele>
      </trkpt>
      <trkpt lat="43.66175204515457" lon="-79.31672193109989">
        <ele>75.06</ele>
      </trkpt>
      <trkpt lat="43.66184055805206" lon="-79.31632345542312">
        <ele>75.06</ele>
      </trkpt>
      <trkpt lat="43.661929154768586" lon="-79.31592497974634">
        <ele>75.05</ele>
      </trkpt>
      <trkpt lat="43.66201766766608" lon="-79.31552650406957">
        <ele>75.05</ele>
      </trkpt>
      <trkpt lat="43.6621062643826" lon="-79.31512802839279">
        <ele>75.04</ele>
      </trkpt>
      <trkpt lat="43.662191424518824" lon="-79.31474380195141">
        <ele>75.02</ele>
      </trkpt>
      <trkpt lat="43.66228345781565" lon="-79.31434985250235">
        <ele>75.01</ele>
      </trkpt>
      <trkpt lat="43.66237549111247" lon="-79.31395590305328">
        <ele>74.99</ele>
      </trkpt>
      <trkpt lat="43.662467608228326" lon="-79.31356195360422">
        <ele>74.97</ele>
      </trkpt>
      <trkpt lat="43.66255964152515" lon="-79.31316792033613">
        <ele>74.94</ele>
      </trkpt>
      <trkpt lat="43.66265167482197" lon="-79.31277397088706">
        <ele>74.91</ele>
      </trkpt>
      <trkpt lat="43.662743708118796" lon="-79.312380021438">
        <ele>74.88</ele>
      </trkpt>
      <trkpt lat="43.66283574141562" lon="-79.31198607198894">
        <ele>74.85</ele>
      </trkpt>
      <trkpt lat="43.662927858531475" lon="-79.31159203872085">
        <ele>74.81</ele>
      </trkpt>
      <trkpt lat="43.6630198918283" lon="-79.31119808927178">
        <ele>74.78</ele>
      </trkpt>
      <trkpt lat="43.66311192512512" lon="-79.31080413982272">
        <ele>74.74</ele>
      </trkpt>
      <trkpt lat="43.66320177912712" lon="-79.31041915901005">
        <ele>74.7</ele>
      </trkpt>
      <trkpt lat="43.663292806595564" lon="-79.31004448793828">
        <ele>74.66</ele>
      </trkpt>
      <trkpt lat="43.66338383406401" lon="-79.30966981686652">
        <ele>74.62</ele>
      </trkpt>
      <trkpt lat="43.66347494535148" lon="-79.30929514579475">
        <ele>74.58</ele>
      </trkpt>
      <trkpt lat="43.663565972819924" lon="-79.30892047472298">
        <ele>74.54</ele>
      </trkpt>
      <trkpt lat="43.66365700028837" lon="-79.30854571983218">
        <ele>74.51</ele>
      </trkpt>
      <trkpt lat="43.66374802775681" lon="-79.30817104876041">
        <ele>74.48</ele>
      </trkpt>
      <trkpt lat="43.663839139044285" lon="-79.30779637768865">
        <ele>74.46</ele>
      </trkpt>
      <trkpt lat="43.66393016651273" lon="-79.30742170661688">
        <ele>74.45</ele>
      </trkpt>
      <trkpt lat="43.66402119398117" lon="-79.30704695172608">
        <ele>74.45</ele>
      </trkpt>
      <trkpt lat="43.664110293611884" lon="-79.30667999200523">
        <ele>74.46</ele>
      </trkpt>
      <trkpt lat="43.664222694933414" lon="-79.30641847662628">
        <ele>74.49</ele>
      </trkpt>
      <trkpt lat="43.66433476097882" lon="-79.30615771561861">
        <ele>74.53</ele>
      </trkpt>
      <trkpt lat="43.664497872814536" lon="-79.30593023076653">
        <ele>74.59</ele>
      </trkpt>
      <trkpt lat="43.66466090083122" lon="-79.30570274591446">
        <ele>74.67</ele>
      </trkpt>
      <trkpt lat="43.664823677390814" lon="-79.30547568015754">
        <ele>74.77</ele>
      </trkpt>
      <trkpt lat="43.66501201875508" lon="-79.3053067009896">
        <ele>74.89</ele>
      </trkpt>
      <trkpt lat="43.66520027630031" lon="-79.30513763800263">
        <ele>75.04</ele>
      </trkpt>
      <trkpt lat="43.665388617664576" lon="-79.30496857501566">
        <ele>75.21</ele>
      </trkpt>
      <trkpt lat="43.665599254891276" lon="-79.30487469770014">
        <ele>75.4</ele>
      </trkpt>
      <trkpt lat="43.665809808298945" lon="-79.30478073656559">
        <ele>75.62</ele>
      </trkpt>
      <trkpt lat="43.66602078080177" lon="-79.30468660779297">
        <ele>75.89</ele>
      </trkpt>
      <trkpt lat="43.66630610078573" lon="-79.30474410764873">
        <ele>76.2</ele>
      </trkpt>
      <trkpt lat="43.66659200750291" lon="-79.30480177514255">
        <ele>76.51</ele>
      </trkpt>
      <trkpt lat="43.66688730195165" lon="-79.30493898689747">
        <ele>76.85</ele>
      </trkpt>
      <trkpt lat="43.66718301549554" lon="-79.30507645010948">
        <ele>77.2</ele>
      </trkpt>
      <trkpt lat="43.667445201426744" lon="-79.30517468601465">
        <ele>77.55</ele>
      </trkpt>
      <trkpt lat="43.66770747117698" lon="-79.30527292191982">
        <ele>77.91</ele>
      </trkpt>
      <trkpt lat="43.66796974092722" lon="-79.305371157825">
        <ele>78.27</ele>
      </trkpt>
      <trkpt lat="43.66823201067746" lon="-79.30546939373016">
        <ele>78.63</ele>
      </trkpt>
      <trkpt lat="43.66849419660866" lon="-79.30556771345437">
        <ele>79.0</ele>
      </trkpt>
      <trkpt lat="43.66875780746341" lon="-79.30566645227373">
        <ele>79.38</ele>
      </trkpt>
      <trkpt lat="43.66883458569646" lon="-79.30531323887408">
        <ele>79.66</ele>
      </trkpt>
      <trkpt lat="43.66891136392951" lon="-79.30496002547443">
        <ele>79.98</ele>
      </trkpt>
      <trkpt lat="43.66898805834353" lon="-79.30460681207478">
        <ele>80.23</ele>
      </trkpt>
      <trkpt lat="43.66906483657658" lon="-79.30425368249416">
        <ele>80.58</ele>
      </trkpt>
      <trkpt lat="43.669140776619315" lon="-79.30390424095094">
        <ele>80.86</ele>
      </trkpt>
      <trkpt lat="43.66922928951681" lon="-79.30350911803544">
        <ele>81.12</ele>
      </trkpt>
      <trkpt lat="43.669317718595266" lon="-79.3031139113009">
        <ele>81.4</ele>
      </trkpt>
      <trkpt lat="43.66940623149276" lon="-79.30271878838539">
        <ele>81.68</ele>
      </trkpt>
      <trkpt lat="43.66949466057122" lon="-79.30232358165085">
        <ele>81.96</ele>
      </trkpt>
      <trkpt lat="43.66958317346871" lon="-79.30192845873535">
        <ele>82.22</ele>
      </trkpt>
      <trkpt lat="43.6696716863662" lon="-79.30153333581984">
        <ele>82.49</ele>
      </trkpt>
      <trkpt lat="43.66976011544466" lon="-79.3011381290853">
        <ele>82.75</ele>
      </trkpt>
      <trkpt lat="43.66984862834215" lon="-79.3007430061698">
        <ele>83.01</ele>
      </trkpt>
      <trkpt lat="43.66993705742061" lon="-79.30034779943526">
        <ele>83.27</ele>
      </trkpt>
      <trkpt lat="43.6700255703181" lon="-79.29995267651975">
        <ele>83.53</ele>
      </trkpt>
      <trkpt lat="43.67011399939656" lon="-79.29955746978521">
        <ele>83.78</ele>
      </trkpt>
      <trkpt lat="43.670202512294054" lon="-79.29916234686971">
        <ele>84.04</ele>
      </trkpt>
      <trkpt lat="43.670290941372514" lon="-79.2987672239542">
        <ele>84.3</ele>
      </trkpt>
      <trkpt lat="43.670379454270005" lon="-79.29837201721966">
        <ele>84.57</ele>
      </trkpt>
      <trkpt lat="43.670464949682355" lon="-79.29798938333988">
        <ele>84.83</ele>
      </trkpt>
      <trkpt lat="43.67054985836148" lon="-79.29759057238698">
        <ele>85.09</ele>
      </trkpt>
      <trkpt lat="43.67063485085964" lon="-79.29719184525311">
        <ele>85.33</ele>
      </trkpt>
      <trkpt lat="43.67071975953877" lon="-79.29679311811924">
        <ele>85.62</ele>
      </trkpt>
      <trkpt lat="43.6708046682179" lon="-79.29639430716634">
        <ele>85.92</ele>
      </trkpt>
      <trkpt lat="43.670889576897025" lon="-79.29599558003247">
        <ele>86.18</ele>
      </trkpt>
      <trkpt lat="43.67097448557615" lon="-79.2955968528986">
        <ele>86.45</ele>
      </trkpt>
      <trkpt lat="43.67105939425528" lon="-79.2951980419457">
        <ele>86.8</ele>
      </trkpt>
      <trkpt lat="43.67114430293441" lon="-79.29479931481183">
        <ele>87.16</ele>
      </trkpt>
      <trkpt lat="43.6712275352329" lon="-79.29440821520984">
        <ele>87.58</ele>
      </trkpt>
      <trkpt lat="43.671309342607856" lon="-79.29399968124926">
        <ele>87.98</ele>
      </trkpt>
      <trkpt lat="43.67139123380184" lon="-79.29359123110771">
        <ele>88.4</ele>
      </trkpt>
      <trkpt lat="43.67147312499583" lon="-79.29318269714713">
        <ele>88.8</ele>
      </trkpt>
      <trkpt lat="43.67155493237078" lon="-79.29277416318655">
        <ele>89.21</ele>
      </trkpt>
      <trkpt lat="43.67163682356477" lon="-79.292365713045">
        <ele>89.58</ele>
      </trkpt>
      <trkpt lat="43.67171863093972" lon="-79.29195717908442">
        <ele>89.9</ele>
      </trkpt>
      <trkpt lat="43.67180052213371" lon="-79.29154864512384">
        <ele>90.19</ele>
      </trkpt>
      <trkpt lat="43.67188232950866" lon="-79.29114011116326">
        <ele>90.44</ele>
      </trkpt>
      <trkpt lat="43.67196422070265" lon="-79.29073166102171">
        <ele>90.65</ele>
      </trkpt>
      <trkpt lat="43.672046111896634" lon="-79.29032312706113">
        <ele>90.82</ele>
      </trkpt>
      <trkpt lat="43.67212590761483" lon="-79.28992431610823">
        <ele>90.94</ele>
      </trkpt>
      <trkpt lat="43.67217133753002" lon="-79.28991400636733">
        <ele>91.0</ele>
      </trkpt>
      <trkpt lat="43.67218701168895" lon="-79.28998122923076">
        <ele>91.0</ele>
      </trkpt>
      <trkpt lat="43.6721081379801" lon="-79.29036076180637">
        <ele>90.93</ele>
      </trkpt>
      <trkpt lat="43.67202934809029" lon="-79.29074029438198">
        <ele>90.81</ele>
      </trkpt>
      <trkpt lat="43.67195047438145" lon="-79.29111982695758">
        <ele>90.64</ele>
      </trkpt>
      <trkpt lat="43.6718716006726" lon="-79.29149935953319">
        <ele>90.42</ele>
      </trkpt>
      <trkpt lat="43.67179281078279" lon="-79.2918788921088">
        <ele>90.17</ele>
      </trkpt>
      <trkpt lat="43.671713937073946" lon="-79.2922584246844">
        <ele>89.88</ele>
      </trkpt>
      <trkpt lat="43.67163514718413" lon="-79.29263787344098">
        <ele>89.56</ele>
      </trkpt>
      <trkpt lat="43.6715576145798" lon="-79.29301086813211">
        <ele>89.17</ele>
      </trkpt>
      <trkpt lat="43.67147312499583" lon="-79.29342216812074">
        <ele>88.79</ele>
      </trkpt>
      <trkpt lat="43.67138871923089" lon="-79.2938335519284">
        <ele>88.36</ele>
      </trkpt>
      <trkpt lat="43.67130422964692" lon="-79.29424493573606">
        <ele>87.98</ele>
      </trkpt>
      <trkpt lat="43.67121974006295" lon="-79.29465631954372">
        <ele>87.54</ele>
      </trkpt>
      <trkpt lat="43.671135334298015" lon="-79.29506770335138">
        <ele>87.17</ele>
      </trkpt>
      <trkpt lat="43.671050844714046" lon="-79.29547900334">
        <ele>86.81</ele>
      </trkpt>
      <trkpt lat="43.670966355130076" lon="-79.29589038714767">
        <ele>86.52</ele>
      </trkpt>
      <trkpt lat="43.67088337428868" lon="-79.2962945625186">
        <ele>86.26</ele>
      </trkpt>
      <trkpt lat="43.670791424810886" lon="-79.2967089638114">
        <ele>85.95</ele>
      </trkpt>
      <trkpt lat="43.670699559152126" lon="-79.2971233651042">
        <ele>85.63</ele>
      </trkpt>
      <trkpt lat="43.670607693493366" lon="-79.297537766397">
        <ele>85.37</ele>
      </trkpt>
      <trkpt lat="43.670515827834606" lon="-79.29795225150883">
        <ele>85.1</ele>
      </trkpt>
      <trkpt lat="43.670423878356814" lon="-79.29836665280163">
        <ele>84.81</ele>
      </trkpt>
      <trkpt lat="43.670332012698054" lon="-79.29878105409443">
        <ele>84.53</ele>
      </trkpt>
      <trkpt lat="43.670240147039294" lon="-79.29919545538723">
        <ele>84.24</ele>
      </trkpt>
      <trkpt lat="43.670148281380534" lon="-79.29960985668004">
        <ele>83.96</ele>
      </trkpt>
      <trkpt lat="43.67005633190274" lon="-79.30002425797284">
        <ele>83.69</ele>
      </trkpt>
      <trkpt lat="43.66996446624398" lon="-79.30043865926564">
        <ele>83.41</ele>
      </trkpt>
      <trkpt lat="43.66987260058522" lon="-79.30085306055844">
        <ele>83.13</ele>
      </trkpt>
      <trkpt lat="43.66978073492646" lon="-79.30126746185124">
        <ele>82.85</ele>
      </trkpt>
      <trkpt lat="43.66968878544867" lon="-79.30168186314404">
        <ele>82.57</ele>
      </trkpt>
      <trkpt lat="43.66959691978991" lon="-79.30209626443684">
        <ele>82.28</ele>
      </trkpt>
      <trkpt lat="43.6695078201592" lon="-79.30249725468457">
        <ele>82.01</ele>
      </trkpt>
      <trkpt lat="43.669423246756196" lon="-79.30286672897637">
        <ele>81.72</ele>
      </trkpt>
      <trkpt lat="43.669338673353195" lon="-79.3032362870872">
        <ele>81.43</ele>
      </trkpt>
      <trkpt lat="43.669254099950194" lon="-79.303605761379">
        <ele>81.13</ele>
      </trkpt>
      <trkpt lat="43.66916952654719" lon="-79.3039752356708">
        <ele>80.85</ele>
      </trkpt>
      <trkpt lat="43.66908495314419" lon="-79.3043447099626">
        <ele>80.55</ele>
      </trkpt>
      <trkpt lat="43.66900037974119" lon="-79.30471418425441">
        <ele>80.22</ele>
      </trkpt>
      <trkpt lat="43.66891572251916" lon="-79.30508365854621">
        <ele>79.93</ele>
      </trkpt>
      <trkpt lat="43.66883114911616" lon="-79.30545313283801">
        <ele>79.6</ele>
      </trkpt>
      <trkpt lat="43.66874816827476" lon="-79.30581556633115">
        <ele>79.32</ele>
      </trkpt>
      <trkpt lat="43.6684509459883" lon="-79.30569662712514">
        <ele>78.91</ele>
      </trkpt>
      <trkpt lat="43.668153723701835" lon="-79.30557760410011">
        <ele>78.54</ele>
      </trkpt>
      <trkpt lat="43.66785650141537" lon="-79.3054586648941">
        <ele>78.17</ele>
      </trkpt>
      <trkpt lat="43.66755936294794" lon="-79.30533964186907">
        <ele>77.77</ele>
      </trkpt>
      <trkpt lat="43.66726214066148" lon="-79.30522070266306">
        <ele>77.42</ele>
      </trkpt>
      <trkpt lat="43.666964918375015" lon="-79.30510167963803">
        <ele>77.04</ele>
      </trkpt>
      <trkpt lat="43.66666769608855" lon="-79.30498274043202">
        <ele>76.71</ele>
      </trkpt>
      <trkpt lat="43.66636854596436" lon="-79.3048629630357">
        <ele>76.36</ele>
      </trkpt>
      <trkpt lat="43.666243236511946" lon="-79.30482029914856">
        <ele>76.08</ele>
      </trkpt>
      <trkpt lat="43.66601876914501" lon="-79.30482792668045">
        <ele>75.78</ele>
      </trkpt>
      <trkpt lat="43.66578499786556" lon="-79.30486883036792">
        <ele>75.52</ele>
      </trkpt>
      <trkpt lat="43.665625071153045" lon="-79.30495843291283">
        <ele>75.31</ele>
      </trkpt>
      <trkpt lat="43.66534142754972" lon="-79.30514216423035">
        <ele>75.13</ele>
      </trkpt>
      <trkpt lat="43.665130622684956" lon="-79.30534617975354">
        <ele>74.96</ele>
      </trkpt>
      <trkpt lat="43.66491981782019" lon="-79.30555019527674">
        <ele>74.83</ele>
      </trkpt>
      <trkpt lat="43.66472250781953" lon="-79.30582897737622">
        <ele>74.71</ele>
      </trkpt>
      <trkpt lat="43.664525533095" lon="-79.30610734038055">
        <ele>74.62</ele>
      </trkpt>
      <trkpt lat="43.66440969519317" lon="-79.30632803589106">
        <ele>74.55</ele>
      </trkpt>
      <trkpt lat="43.664294024929404" lon="-79.30654822848737">
        <ele>74.5</ele>
      </trkpt>
      <trkpt lat="43.66421355865896" lon="-79.30675350129604">
        <ele>74.47</ele>
      </trkpt>
      <trkpt lat="43.664133343845606" lon="-79.30695801973343">
        <ele>74.45</ele>
      </trkpt>
      <trkpt lat="43.664049692451954" lon="-79.30729731917381">
        <ele>74.44</ele>
      </trkpt>
      <trkpt lat="43.6639660410583" lon="-79.30763670243323">
        <ele>74.45</ele>
      </trkpt>
      <trkpt lat="43.66388238966465" lon="-79.30797600187361">
        <ele>74.46</ele>
      </trkpt>
      <trkpt lat="43.663798738271" lon="-79.308315301314">
        <ele>74.48</ele>
      </trkpt>
      <trkpt lat="43.66371592506766" lon="-79.30865108035505">
        <ele>74.51</ele>
      </trkpt>
      <trkpt lat="43.66363512352109" lon="-79.30898275226355">
        <ele>74.55</ele>
      </trkpt>
      <trkpt lat="43.663554741069674" lon="-79.3093129992485">
        <ele>74.59</ele>
      </trkpt>
      <trkpt lat="43.663462959229946" lon="-79.30971977300942">
        <ele>74.63</ele>
      </trkpt>
      <trkpt lat="43.66337126120925" lon="-79.31012663058937">
        <ele>74.67</ele>
      </trkpt>
      <trkpt lat="43.66327947936952" lon="-79.31053348816931">
        <ele>74.71</ele>
      </trkpt>
      <trkpt lat="43.663187781348825" lon="-79.31094034574926">
        <ele>74.75</ele>
      </trkpt>
      <trkpt lat="43.663095999509096" lon="-79.31134711951017">
        <ele>74.79</ele>
      </trkpt>
      <trkpt lat="43.6630043014884" lon="-79.31175397709012">
        <ele>74.83</ele>
      </trkpt>
      <trkpt lat="43.6629126034677" lon="-79.31216083467007">
        <ele>74.86</ele>
      </trkpt>
      <trkpt lat="43.662820821627975" lon="-79.31256769225001">
        <ele>74.9</ele>
      </trkpt>
      <trkpt lat="43.66272912360728" lon="-79.31297446601093">
        <ele>74.93</ele>
      </trkpt>
      <trkpt lat="43.66263734176755" lon="-79.31338132359087">
        <ele>74.95</ele>
      </trkpt>
      <trkpt lat="43.66254564374685" lon="-79.31378818117082">
        <ele>74.98</ele>
      </trkpt>
      <trkpt lat="43.662453861907125" lon="-79.31419503875077">
        <ele>75.0</ele>
      </trkpt>
      <trkpt lat="43.66236216388643" lon="-79.31460181251168">
        <ele>75.02</ele>
      </trkpt>
      <trkpt lat="43.6622703820467" lon="-79.31500867009163">
        <ele>75.03</ele>
      </trkpt>
      <trkpt lat="43.662178684026" lon="-79.31541552767158">
        <ele>75.04</ele>
      </trkpt>
      <trkpt lat="43.662086986005306" lon="-79.31582230143249">
        <ele>75.05</ele>
      </trkpt>
      <trkpt lat="43.66199520416558" lon="-79.31622915901244">
        <ele>75.06</ele>
      </trkpt>
      <trkpt lat="43.66190350614488" lon="-79.31663601659238">
        <ele>75.06</ele>
      </trkpt>
      <trkpt lat="43.66181172430515" lon="-79.3170427903533">
        <ele>75.06</ele>
      </trkpt>
      <trkpt lat="43.661720026284456" lon="-79.31744964793324">
        <ele>75.06</ele>
      </trkpt>
      <trkpt lat="43.66162824444473" lon="-79.31785650551319">
        <ele>75.06</ele>
      </trkpt>
      <trkpt lat="43.66153654642403" lon="-79.3182632792741">
        <ele>75.06</ele>
      </trkpt>
      <trkpt lat="43.6614447645843" lon="-79.31867013685405">
        <ele>75.06</ele>
      </trkpt>
      <trkpt lat="43.661353066563606" lon="-79.31907691061497">
        <ele>75.06</ele>
      </trkpt>
      <trkpt lat="43.66126136854291" lon="-79.31948376819491">
        <ele>75.05</ele>
      </trkpt>
      <trkpt lat="43.66116958670318" lon="-79.31989062577486">
        <ele>75.05</ele>
      </trkpt>
      <trkpt lat="43.661077888682485" lon="-79.32029739953578">
        <ele>75.04</ele>
      </trkpt>
      <trkpt lat="43.660986106842756" lon="-79.32070425711572">
        <ele>75.04</ele>
      </trkpt>
      <trkpt lat="43.660899521782994" lon="-79.321085549891">
        <ele>75.03</ele>
      </trkpt>
      <trkpt lat="43.66080748848617" lon="-79.32149073109031">
        <ele>75.03</ele>
      </trkpt>
      <trkpt lat="43.66071545518935" lon="-79.32189599610865">
        <ele>75.02</ele>
      </trkpt>
      <trkpt lat="43.660623505711555" lon="-79.32230117730796">
        <ele>75.02</ele>
      </trkpt>
      <trkpt lat="43.66053147241473" lon="-79.32270644232631">
        <ele>75.01</ele>
      </trkpt>
      <trkpt lat="43.66043943911791" lon="-79.32311162352562">
        <ele>75.01</ele>
      </trkpt>
      <trkpt lat="43.66034748964012" lon="-79.32351688854396">
        <ele>75.0</ele>
      </trkpt>
      <trkpt lat="43.66025545634329" lon="-79.32392206974328">
        <ele>75.0</ele>
      </trkpt>
      <trkpt lat="43.66016342304647" lon="-79.32432733476162">
        <ele>75.0</ele>
      </trkpt>
      <trkpt lat="43.66007147356868" lon="-79.32473251596093">
        <ele>74.99</ele>
      </trkpt>
      <trkpt lat="43.659979440271854" lon="-79.32513778097928">
        <ele>74.99</ele>
      </trkpt>
      <trkpt lat="43.65988740697503" lon="-79.32554296217859">
        <ele>74.99</ele>
      </trkpt>
      <trkpt lat="43.65979545749724" lon="-79.32594822719693">
        <ele>74.99</ele>
      </trkpt>
      <trkpt lat="43.659703424200416" lon="-79.32635340839624">
        <ele>74.99</ele>
      </trkpt>
      <trkpt lat="43.65961139090359" lon="-79.32675858959556">
        <ele>74.99</ele>
      </trkpt>
      <trkpt lat="43.65952220745385" lon="-79.32715086266398">
        <ele>74.99</ele>
      </trkpt>
      <trkpt lat="43.65943084470928" lon="-79.32755805552006">
        <ele>74.99</ele>
      </trkpt>
      <trkpt lat="43.65933956578374" lon="-79.3279651645571">
        <ele>74.99</ele>
      </trkpt>
      <trkpt lat="43.65924887359142" lon="-79.32836975902319">
        <ele>74.99</ele>
      </trkpt>
      <trkpt lat="43.65915491245687" lon="-79.32869615033269">
        <ele>74.99</ele>
      </trkpt>
      <trkpt lat="43.659061370417476" lon="-79.32902128435671">
        <ele>74.99</ele>
      </trkpt>
      <trkpt lat="43.65898031741381" lon="-79.32925731875002">
        <ele>74.99</ele>
      </trkpt>
      <trkpt lat="43.65889951586723" lon="-79.32949251495302">
        <ele>74.99</ele>
      </trkpt>
      <trkpt lat="43.6588095780462" lon="-79.32970558293164">
        <ele>74.99</ele>
      </trkpt>
      <trkpt lat="43.65871989168227" lon="-79.32991806417704">
        <ele>74.99</ele>
      </trkpt>
      <trkpt lat="43.65856231190264" lon="-79.33025082573295">
        <ele>74.99</ele>
      </trkpt>
      <trkpt lat="43.65840473212302" lon="-79.33058367110789">
        <ele>74.99</ele>
      </trkpt>
      <trkpt lat="43.65824715234339" lon="-79.3309164326638">
        <ele>74.99</ele>
      </trkpt>
      <trkpt lat="43.65808957256377" lon="-79.33124919421971">
        <ele>74.99</ele>
      </trkpt>
      <trkpt lat="43.65793199278414" lon="-79.33158203959465">
        <ele>74.99</ele>
      </trkpt>
      <trkpt lat="43.65777441300452" lon="-79.33191480115056">
        <ele>74.99</ele>
      </trkpt>
      <trkpt lat="43.65761683322489" lon="-79.33224756270647">
        <ele>74.99</ele>
      </trkpt>
      <trkpt lat="43.65745925344527" lon="-79.33258040808141">
        <ele>74.99</ele>
      </trkpt>
      <trkpt lat="43.65730167366564" lon="-79.33291316963732">
        <ele>74.99</ele>
      </trkpt>
      <trkpt lat="43.65714409388602" lon="-79.33324593119323">
        <ele>75.0</ele>
      </trkpt>
      <trkpt lat="43.65698886103928" lon="-79.33357357978821">
        <ele>75.0</ele>
      </trkpt>
      <trkpt lat="43.65682641975582" lon="-79.33393450453877">
        <ele>75.0</ele>
      </trkpt>
      <trkpt lat="43.65666397847235" lon="-79.33429542928934">
        <ele>75.0</ele>
      </trkpt>
      <trkpt lat="43.65650153718889" lon="-79.33465627022088">
        <ele>75.0</ele>
      </trkpt>
      <trkpt lat="43.65633909590542" lon="-79.33501719497144">
        <ele>75.0</ele>
      </trkpt>
      <trkpt lat="43.65617665462196" lon="-79.33537811972201">
        <ele>75.0</ele>
      </trkpt>
      <trkpt lat="43.656014213338494" lon="-79.33573896065354">
        <ele>75.0</ele>
      </trkpt>
      <trkpt lat="43.65585177205503" lon="-79.33609988540411">
        <ele>75.0</ele>
      </trkpt>
      <trkpt lat="43.655689330771565" lon="-79.33646081015468">
        <ele>75.0</ele>
      </trkpt>
      <trkpt lat="43.65552697330713" lon="-79.33682165108621">
        <ele>75.0</ele>
      </trkpt>
      <trkpt lat="43.65536453202367" lon="-79.33718257583678">
        <ele>75.0</ele>
      </trkpt>
      <trkpt lat="43.655204605311155" lon="-79.33753763325512">
        <ele>75.0</ele>
      </trkpt>
      <trkpt lat="43.655434269458055" lon="-79.33764123357832">
        <ele>74.99</ele>
      </trkpt>
      <trkpt lat="43.65566418506205" lon="-79.33774500153959">
        <ele>74.99</ele>
      </trkpt>
      <trkpt lat="43.65593391470611" lon="-79.3378586601466">
        <ele>74.99</ele>
      </trkpt>
      <trkpt lat="43.65620364435017" lon="-79.3379723187536">
        <ele>74.99</ele>
      </trkpt>
      <trkpt lat="43.65647337399423" lon="-79.3380859773606">
        <ele>74.99</ele>
      </trkpt>
      <trkpt lat="43.65674310363829" lon="-79.33819963596761">
        <ele>74.99</ele>
      </trkpt>
      <trkpt lat="43.65701274946332" lon="-79.33831329457462">
        <ele>74.99</ele>
      </trkpt>
      <trkpt lat="43.657283736392856" lon="-79.33842745609581">
        <ele>74.99</ele>
      </trkpt>
      <trkpt lat="43.657567044720054" lon="-79.3385508377105">
        <ele>74.99</ele>
      </trkpt>
      <trkpt lat="43.65785035304725" lon="-79.33867421932518">
        <ele>74.99</ele>
      </trkpt>
      <trkpt lat="43.65813366137445" lon="-79.33879760093987">
        <ele>74.99</ele>
      </trkpt>
      <trkpt lat="43.658417807891965" lon="-79.33892140164971">
        <ele>74.99</ele>
      </trkpt>
      <trkpt lat="43.65833222866058" lon="-79.33932406827807">
        <ele>74.99</ele>
      </trkpt>
      <trkpt lat="43.6582466494292" lon="-79.33972673490644">
        <ele>74.99</ele>
      </trkpt>
      <trkpt lat="43.65816107019782" lon="-79.34012948535383">
        <ele>74.99</ele>
      </trkpt>
      <trkpt lat="43.65807557478547" lon="-79.34053215198219">
        <ele>74.99</ele>
      </trkpt>
      <trkpt lat="43.65798999555409" lon="-79.34093481861055">
        <ele>74.99</ele>
      </trkpt>
      <trkpt lat="43.65790441632271" lon="-79.34133748523891">
        <ele>74.99</ele>
      </trkpt>
      <trkpt lat="43.65781892091036" lon="-79.34174015186727">
        <ele>74.99</ele>
      </trkpt>
      <trkpt lat="43.65773334167898" lon="-79.34214281849563">
        <ele>74.99</ele>
      </trkpt>
      <trkpt lat="43.6576493550092" lon="-79.34253768995404">
        <ele>74.99</ele>
      </trkpt>
      <trkpt lat="43.657569056376815" lon="-79.34288956224918">
        <ele>75.0</ele>
      </trkpt>
      <trkpt lat="43.65748875774443" lon="-79.34324151836336">
        <ele>75.0</ele>
      </trkpt>
      <trkpt lat="43.65740845911205" lon="-79.3435933906585">
        <ele>75.0</ele>
      </trkpt>
      <trkpt lat="43.657328160479665" lon="-79.34394534677267">
        <ele>75.0</ele>
      </trkpt>
      <trkpt lat="43.65724786184728" lon="-79.34429721906781">
        <ele>75.0</ele>
      </trkpt>
      <trkpt lat="43.65716856904328" lon="-79.3446447327733">
        <ele>75.0</ele>
      </trkpt>
      <trkpt lat="43.65708449855447" lon="-79.34504052624106">
        <ele>75.01</ele>
      </trkpt>
      <trkpt lat="43.65700051188469" lon="-79.34543631970882">
        <ele>75.01</ele>
      </trkpt>
      <trkpt lat="43.65691644139588" lon="-79.34583219699562">
        <ele>75.01</ele>
      </trkpt>
      <trkpt lat="43.6568324547261" lon="-79.34622799046338">
        <ele>75.01</ele>
      </trkpt>
      <trkpt lat="43.65674846805632" lon="-79.34662386775017">
        <ele>75.02</ele>
      </trkpt>
      <trkpt lat="43.65666439756751" lon="-79.34701966121793">
        <ele>75.02</ele>
      </trkpt>
      <trkpt lat="43.65658166818321" lon="-79.34740950353444">
        <ele>75.02</ele>
      </trkpt>
      <trkpt lat="43.656536657363176" lon="-79.34770722873509">
        <ele>75.02</ele>
      </trkpt>
      <trkpt lat="43.65653791464865" lon="-79.34793530032039">
        <ele>75.02</ele>
      </trkpt>
      <trkpt lat="43.65653917193413" lon="-79.34816228225827">
        <ele>75.02</ele>
      </trkpt>
      <trkpt lat="43.65660756826401" lon="-79.3484408967197">
        <ele>75.03</ele>
      </trkpt>
      <trkpt lat="43.65667571313679" lon="-79.3487184215337">
        <ele>75.03</ele>
      </trkpt>
      <trkpt lat="43.65676489658654" lon="-79.34902042150497">
        <ele>75.03</ele>
      </trkpt>
      <trkpt lat="43.656853660941124" lon="-79.34932133182883">
        <ele>75.02</ele>
      </trkpt>
      <trkpt lat="43.65692289546132" lon="-79.34959433041513">
        <ele>75.02</ele>
      </trkpt>
      <trkpt lat="43.65699187852442" lon="-79.34986632317305">
        <ele>75.02</ele>
      </trkpt>
      <trkpt lat="43.65702733397484" lon="-79.35012775473297">
        <ele>75.01</ele>
      </trkpt>
      <trkpt lat="43.65706262178719" lon="-79.35038792900741">
        <ele>75.01</ele>
      </trkpt>
      <trkpt lat="43.6570536531508" lon="-79.3506093788892">
        <ele>75.0</ele>
      </trkpt>
      <trkpt lat="43.6570446845144" lon="-79.35082973912358">
        <ele>74.99</ele>
      </trkpt>
      <trkpt lat="43.657022304832935" lon="-79.3510824535042">
        <ele>74.99</ele>
      </trkpt>
      <trkpt lat="43.6570000089705" lon="-79.35133399441838">
        <ele>74.97</ele>
      </trkpt>
      <trkpt lat="43.656970923766494" lon="-79.35159953311086">
        <ele>74.96</ele>
      </trkpt>
      <trkpt lat="43.65694200620055" lon="-79.35186389833689">
        <ele>74.95</ele>
      </trkpt>
      <trkpt lat="43.65687285549939" lon="-79.35219942592084">
        <ele>74.93</ele>
      </trkpt>
      <trkpt lat="43.65680404007435" lon="-79.35253344476223">
        <ele>74.92</ele>
      </trkpt>
      <trkpt lat="43.656711587682366" lon="-79.35279856435955">
        <ele>74.9</ele>
      </trkpt>
      <trkpt lat="43.65661947056651" lon="-79.35306276194751">
        <ele>74.88</ele>
      </trkpt>
      <trkpt lat="43.65646876394749" lon="-79.35341572389007">
        <ele>74.86</ele>
      </trkpt>
      <trkpt lat="43.65631847642362" lon="-79.35376759618521">
        <ele>74.84</ele>
      </trkpt>
      <trkpt lat="43.65616709925234" lon="-79.3540958315134">
        <ele>74.83</ele>
      </trkpt>
      <trkpt lat="43.656015722081065" lon="-79.35442398302257">
        <ele>74.81</ele>
      </trkpt>
      <trkpt lat="43.65586434490979" lon="-79.35475221835077">
        <ele>74.79</ele>
      </trkpt>
      <trkpt lat="43.65571296773851" lon="-79.35508045367897">
        <ele>74.78</ele>
      </trkpt>
      <trkpt lat="43.65556268021464" lon="-79.35540634207428">
        <ele>74.76</ele>
      </trkpt>
      <trkpt lat="43.65540216676891" lon="-79.35572912916541">
        <ele>74.75</ele>
      </trkpt>
      <trkpt lat="43.65524165332317" lon="-79.35605191625655">
        <ele>74.75</ele>
      </trkpt>
      <trkpt lat="43.65508113987744" lon="-79.35637470334768">
        <ele>74.75</ele>
      </trkpt>
      <trkpt lat="43.654920626431704" lon="-79.35669757425785">
        <ele>74.76</ele>
      </trkpt>
      <trkpt lat="43.65476011298597" lon="-79.35702036134899">
        <ele>74.77</ele>
      </trkpt>
      <trkpt lat="43.65460085682571" lon="-79.35734055005014">
        <ele>74.79</ele>
      </trkpt>
      <trkpt lat="43.65444495342672" lon="-79.35761229135096">
        <ele>74.82</ele>
      </trkpt>
      <trkpt lat="43.65428913384676" lon="-79.35788394883275">
        <ele>74.85</ele>
      </trkpt>
      <trkpt lat="43.65413323044777" lon="-79.35815569013357">
        <ele>74.9</ele>
      </trkpt>
      <trkpt lat="43.65397799760103" lon="-79.35842617414892">
        <ele>74.96</ele>
      </trkpt>
      <trkpt lat="43.653812035918236" lon="-79.35870990157127">
        <ele>75.03</ele>
      </trkpt>
      <trkpt lat="43.65364599041641" lon="-79.35899362899363">
        <ele>75.11</ele>
      </trkpt>
      <trkpt lat="43.65348002873361" lon="-79.35927735641599">
        <ele>75.21</ele>
      </trkpt>
      <trkpt lat="43.65331398323178" lon="-79.35956108383834">
        <ele>75.32</ele>
      </trkpt>
      <trkpt lat="43.653148859739304" lon="-79.35984330251813">
        <ele>75.48</ele>
      </trkpt>
      <trkpt lat="43.65295624360442" lon="-79.36016986146569">
        <ele>75.63</ele>
      </trkpt>
      <trkpt lat="43.65284417755902" lon="-79.36033951118588">
        <ele>75.76</ele>
      </trkpt>
      <trkpt lat="43.65273227915168" lon="-79.36050890944898">
        <ele>75.91</ele>
      </trkpt>
      <trkpt lat="43.652522983029485" lon="-79.36066506430507">
        <ele>76.09</ele>
      </trkpt>
      <trkpt lat="43.65238266997039" lon="-79.3607740290463">
        <ele>76.27</ele>
      </trkpt>
      <trkpt lat="43.65224227309227" lon="-79.36088307760656">
        <ele>76.41</ele>
      </trkpt>
      <trkpt lat="43.65206382237375" lon="-79.36107150278986">
        <ele>76.54</ele>
      </trkpt>
      <trkpt lat="43.6519593000412" lon="-79.36129404231906">
        <ele>76.75</ele>
      </trkpt>
      <trkpt lat="43.65186793729663" lon="-79.36168706975877">
        <ele>76.92</ele>
      </trkpt>
      <trkpt lat="43.65177657455206" lon="-79.36208018101752">
        <ele>77.09</ele>
      </trkpt>
      <trkpt lat="43.65168521180749" lon="-79.36247329227626">
        <ele>77.33</ele>
      </trkpt>
      <trkpt lat="43.65159384906292" lon="-79.36286631971598">
        <ele>77.5</ele>
      </trkpt>
      <trkpt lat="43.65150248631835" lon="-79.36325943097472">
        <ele>77.68</ele>
      </trkpt>
      <trkpt lat="43.65141112357378" lon="-79.36365254223347">
        <ele>77.85</ele>
      </trkpt>
      <trkpt lat="43.65131976082921" lon="-79.36404556967318">
        <ele>78.02</ele>
      </trkpt>
      <trkpt lat="43.65122990682721" lon="-79.36443205922842">
        <ele>78.2</ele>
      </trkpt>
      <trkpt lat="43.651139214634895" lon="-79.36482248827815">
        <ele>78.37</ele>
      </trkpt>
      <trkpt lat="43.65104852244258" lon="-79.36521291732788">
        <ele>78.55</ele>
      </trkpt>
      <trkpt lat="43.650957914069295" lon="-79.36560334637761">
        <ele>78.79</ele>
      </trkpt>
      <trkpt lat="43.65086722187698" lon="-79.36599377542734">
        <ele>78.97</ele>
      </trkpt>
      <trkpt lat="43.65077652968466" lon="-79.36638420447707">
        <ele>79.14</ele>
      </trkpt>
      <trkpt lat="43.65068583749235" lon="-79.3667746335268">
        <ele>79.31</ele>
      </trkpt>
      <trkpt lat="43.65059522911906" lon="-79.36716506257653">
        <ele>79.48</ele>
      </trkpt>
      <trkpt lat="43.650504536926746" lon="-79.36755549162626">
        <ele>79.71</ele>
      </trkpt>
      <trkpt lat="43.65041384473443" lon="-79.367945920676">
        <ele>79.87</ele>
      </trkpt>
      <trkpt lat="43.650323236361146" lon="-79.36833634972572">
        <ele>80.02</ele>
      </trkpt>
      <trkpt lat="43.65023254416883" lon="-79.36872677877545">
        <ele>80.17</ele>
      </trkpt>
      <trkpt lat="43.650141851976514" lon="-79.36911720782518">
        <ele>80.31</ele>
      </trkpt>
      <trkpt lat="43.6500511597842" lon="-79.36950763687491">
        <ele>80.47</ele>
      </trkpt>
      <trkpt lat="43.64996055141091" lon="-79.36989806592464">
        <ele>80.64</ele>
      </trkpt>
      <trkpt lat="43.649872625246644" lon="-79.37027608975768">
        <ele>80.76</ele>
      </trkpt>
      <trkpt lat="43.64976894110441" lon="-79.37061647884548">
        <ele>80.87</ele>
      </trkpt>
      <trkpt lat="43.649638183414936" lon="-79.37096399255097">
        <ele>80.97</ele>
      </trkpt>
      <trkpt lat="43.64950742572546" lon="-79.37131150625646">
        <ele>81.06</ele>
      </trkpt>
      <trkpt lat="43.649376668035984" lon="-79.37165901996195">
        <ele>81.16</ele>
      </trkpt>
      <trkpt lat="43.64924591034651" lon="-79.37200661748648">
        <ele>81.24</ele>
      </trkpt>
      <trkpt lat="43.64911515265703" lon="-79.37235413119197">
        <ele>81.33</ele>
      </trkpt>
      <trkpt lat="43.64898565225303" lon="-79.37269812449813">
        <ele>81.41</ele>
      </trkpt>
      <trkpt lat="43.648892445489764" lon="-79.37295192852616">
        <ele>81.5</ele>
      </trkpt>
      <trkpt lat="43.64879949018359" lon="-79.37320497818291">
        <ele>81.59</ele>
      </trkpt>
      <trkpt lat="43.648702930659056" lon="-79.37354234978557">
        <ele>81.72</ele>
      </trkpt>
      <trkpt lat="43.6486229673028" lon="-79.37391383573413">
        <ele>81.78</ele>
      </trkpt>
      <trkpt lat="43.64854300394654" lon="-79.37428523786366">
        <ele>81.84</ele>
      </trkpt>
      <trkpt lat="43.64846354350448" lon="-79.3746542930603">
        <ele>81.9</ele>
      </trkpt>
      <trkpt lat="43.648374024778605" lon="-79.37505327165127">
        <ele>81.96</ele>
      </trkpt>
      <trkpt lat="43.648284589871764" lon="-79.37545225024223">
        <ele>82.02</ele>
      </trkpt>
      <trkpt lat="43.64819507114589" lon="-79.3758512288332">
        <ele>82.08</ele>
      </trkpt>
      <trkpt lat="43.64810563623905" lon="-79.37625012360513">
        <ele>82.14</ele>
      </trkpt>
      <trkpt lat="43.64801611751318" lon="-79.3766491021961">
        <ele>82.25</ele>
      </trkpt>
      <trkpt lat="43.64792659878731" lon="-79.37704808078706">
        <ele>82.28</ele>
      </trkpt>
      <trkpt lat="43.64783842116594" lon="-79.37744110822678">
        <ele>82.34</ele>
      </trkpt>
      <trkpt lat="43.647760804742575" lon="-79.37781200744212">
        <ele>82.49</ele>
      </trkpt>
      <trkpt lat="43.647683188319206" lon="-79.37818290665746">
        <ele>82.56</ele>
      </trkpt>
      <trkpt lat="43.647605488076806" lon="-79.3785538058728">
        <ele>82.64</ele>
      </trkpt>
      <trkpt lat="43.64752787165344" lon="-79.37892470508814">
        <ele>82.73</ele>
      </trkpt>
      <trkpt lat="43.64745025523007" lon="-79.37929560430348">
        <ele>82.84</ele>
      </trkpt>
      <trkpt lat="43.64737356081605" lon="-79.37966172583401">
        <ele>82.96</ele>
      </trkpt>
      <trkpt lat="43.647629376500845" lon="-79.37977027148008">
        <ele>83.11</ele>
      </trkpt>
      <trkpt lat="43.64788519218564" lon="-79.37987890094519">
        <ele>83.28</ele>
      </trkpt>
      <trkpt lat="43.648140924051404" lon="-79.37998744659126">
        <ele>83.55</ele>
      </trkpt>
      <trkpt lat="43.6483967397362" lon="-79.38009599223733">
        <ele>83.75</ele>
      </trkpt>
      <trkpt lat="43.648653477430344" lon="-79.38020495697856">
        <ele>83.97</ele>
      </trkpt>
      <trkpt lat="43.64893049933016" lon="-79.38031903468072">
        <ele>84.22</ele>
      </trkpt>
      <trkpt lat="43.64920752122998" lon="-79.38043302856386">
        <ele>84.56</ele>
      </trkpt>
      <trkpt lat="43.64948445931077" lon="-79.38054710626602">
        <ele>84.87</ele>
      </trkpt>
      <trkpt lat="43.64976148121059" lon="-79.38066118396819">
        <ele>85.21</ele>
      </trkpt>
      <trkpt lat="43.65003841929138" lon="-79.38077517785132">
        <ele>85.56</ele>
      </trkpt>
      <trkpt lat="43.650315441191196" lon="-79.38088925555348">
        <ele>85.86</ele>
      </trkpt>
      <trkpt lat="43.650592463091016" lon="-79.38100324943662">
        <ele>86.25</ele>
      </trkpt>
      <trkpt lat="43.6508694011718" lon="-79.38111732713878">
        <ele>86.55</ele>
      </trkpt>
      <trkpt lat="43.651148434728384" lon="-79.38123224303126">
        <ele>86.84</ele>
      </trkpt>
      <trkpt lat="43.65141204558313" lon="-79.38134724274278">
        <ele>87.2</ele>
      </trkpt>
      <trkpt lat="43.651676159352064" lon="-79.38146249391139">
        <ele>87.46</ele>
      </trkpt>
      <trkpt lat="43.65185142494738" lon="-79.38159191049635">
        <ele>87.69</ele>
      </trkpt>
      <trkpt lat="43.65193197503686" lon="-79.38174957409501">
        <ele>87.93</ele>
      </trkpt>
      <trkpt lat="43.65201395004988" lon="-79.3820505682379">
        <ele>88.2</ele>
      </trkpt>
      <trkpt lat="43.65218510851264" lon="-79.3823114130646">
        <ele>88.53</ele>
      </trkpt>
      <trkpt lat="43.652329025790095" lon="-79.38236958347261">
        <ele>88.79</ele>
      </trkpt>
    </trkseg>
  </trk>
</gpx>
